playlist_position,track_name,artists,album,url,track_id,release_date,duration_ms,explicit,spotify_uri,thumbnail_url,status,error
1,Loving Machine,TV Girl,,https://open.spotify.com/track/7JEzAlwHhCD2M1cYE6BeqJ,7JEzAlwHhCD2M1cYE6BeqJ,2016-02-25T00:00:00Z,227000,False,spotify:track:7JEzAlwHhCD2M1cYE6BeqJ,https://image-cdn-fa.spotifycdn.com/image/ab67616d00001e0232f5fec7a879ed6ef28f0dfd,ok,
2,Judge Judy,"Tyler, The Creator",,https://open.spotify.com/track/6ie0uyyvOKTTuIFBMPiNIl,6ie0uyyvOKTTuIFBMPiNIl,2024-10-28T00:00:00Z,269622,True,spotify:track:6ie0uyyvOKTTuIFBMPiNIl,https://image-cdn-fa.spotifycdn.com/image/ab67616d00001e02084a94988541c2402615d014,ok,
3,Taking What's Not Yours,TV Girl,,https://open.spotify.com/track/53mChDyESfwn9Dz8poHRf6,53mChDyESfwn9Dz8poHRf6,2016-02-25T00:00:00Z,205650,False,spotify:track:53mChDyESfwn9Dz8poHRf6,https://image-cdn-fa.spotifycdn.com/image/ab67616d00001e0232f5fec7a879ed6ef28f0dfd,ok,
4,Take Your Mask Off (feat. Daniel Caesar & LaToiya Williams),"Tyler, The Creator, Daniel Caesar, LaToiya Williams",,https://open.spotify.com/track/4BSR9I4ExlCJdXJo2GpBD5,4BSR9I4ExlCJdXJo2GpBD5,2024-10-28T00:00:00Z,253909,True,spotify:track:4BSR9I4ExlCJdXJo2GpBD5,https://image-cdn-fa.spotifycdn.com/image/ab67616d00001e02084a94988541c2402615d014,ok,
5,911 / Mr. Lonely (feat. Frank Ocean & Steve Lacy),"Tyler, The Creator, Frank Ocean, Steve Lacy",,https://open.spotify.com/track/4bEcoz1OcfMgUbp2ft8ieQ,4bEcoz1OcfMgUbp2ft8ieQ,2017-07-21T00:00:00Z,255653,True,spotify:track:4bEcoz1OcfMgUbp2ft8ieQ,https://image-cdn-fa.spotifycdn.com/image/ab67616d00001e028940ac99f49e44f59e6f7fb3,ok,
6,Jump the Turnstile,"Jordana, TV Girl",,https://open.spotify.com/track/1YNcvRZoNJUjR4opG7Qr9o,1YNcvRZoNJUjR4opG7Qr9o,2021-10-13T00:00:00Z,222750,False,spotify:track:1YNcvRZoNJUjR4opG7Qr9o,https://image-cdn-ak.spotifycdn.com/image/ab67616d00001e02ebf1802f3aedc62b8f6339d3,ok,
7,EARFQUAKE,"Tyler, The Creator",,https://open.spotify.com/track/5hVghJ4KaYES3BFUATCYn0,5hVghJ4KaYES3BFUATCYn0,2019-05-17T00:00:00Z,190072,True,spotify:track:5hVghJ4KaYES3BFUATCYn0,https://image-cdn-fa.spotifycdn.com/image/ab67616d00001e0230a635de2bb0caa4e26f6abb,ok,
8,I Killed You,"Tyler, The Creator",,https://open.spotify.com/track/3GdwjAsCsoE79ObhsJFyYb,3GdwjAsCsoE79ObhsJFyYb,2024-10-28T00:00:00Z,168420,True,spotify:track:3GdwjAsCsoE79ObhsJFyYb,https://image-cdn-ak.spotifycdn.com/image/ab67616d00001e02084a94988541c2402615d014,ok,
9,"Darling, I (feat. Teezo Touchdown)","Tyler, The Creator, Teezo Touchdown",,https://open.spotify.com/track/0VaeksJaXy5R1nvcTMh3Xk,0VaeksJaXy5R1nvcTMh3Xk,2024-10-28T00:00:00Z,253834,True,spotify:track:0VaeksJaXy5R1nvcTMh3Xk,https://image-cdn-fa.spotifycdn.com/image/ab67616d00001e02084a94988541c2402615d014,ok,
10,Buddy Holly,Weezer,,https://open.spotify.com/track/3mwvKOyMmG77zZRunnxp9E,3mwvKOyMmG77zZRunnxp9E,1994-05-10T00:00:00Z,159226,False,spotify:track:3mwvKOyMmG77zZRunnxp9E,https://image-cdn-fa.spotifycdn.com/image/ab67616d00001e02345536847e60f622ee0eae96,ok,
11,Better in the Dark,"Jordana, TV Girl",,https://open.spotify.com/track/3SeDS5sSoWnwAZvVgkdKzf,3SeDS5sSoWnwAZvVgkdKzf,2021-10-13T00:00:00Z,155500,False,spotify:track:3SeDS5sSoWnwAZvVgkdKzf,https://image-cdn-fa.spotifycdn.com/image/ab67616d00001e02ebf1802f3aedc62b8f6339d3,ok,
12,Birds Dont Sing,TV Girl,,https://open.spotify.com/track/21LkHnuxPxVrOZ5gCaG7aM,21LkHnuxPxVrOZ5gCaG7aM,2014-06-05T00:00:00Z,209346,False,spotify:track:21LkHnuxPxVrOZ5gCaG7aM,https://image-cdn-fa.spotifycdn.com/image/ab67616d00001e02e1bc1af856b42dd7fdba9f84,ok,
13,Song About Me,TV Girl,,https://open.spotify.com/track/5ExWCOYjZbMEZCIdlfH2dO,5ExWCOYjZbMEZCIdlfH2dO,2016-02-25T00:00:00Z,243727,True,spotify:track:5ExWCOYjZbMEZCIdlfH2dO,https://image-cdn-ak.spotifycdn.com/image/ab67616d00001e0232f5fec7a879ed6ef28f0dfd,ok,
14,Till You Tell Me to Leave,TV Girl,,https://open.spotify.com/track/7GALElZRLEkzaxZJ7TA0I3,7GALElZRLEkzaxZJ7TA0I3,2016-02-25T00:00:00Z,206623,False,spotify:track:7GALElZRLEkzaxZJ7TA0I3,https://image-cdn-fa.spotifycdn.com/image/ab67616d00001e0232f5fec7a879ed6ef28f0dfd,ok,
15,(Do The) Act Like You Never Met Me,TV Girl,,https://open.spotify.com/track/0N2Nx2lwHuqA203ZXoTwQL,0N2Nx2lwHuqA203ZXoTwQL,2016-02-25T00:00:00Z,254467,False,spotify:track:0N2Nx2lwHuqA203ZXoTwQL,https://image-cdn-fa.spotifycdn.com/image/ab67616d00001e0232f5fec7a879ed6ef28f0dfd,ok,
16,Safeword,TV Girl,,https://open.spotify.com/track/2c4Est3dxGfn834VReid5d,2c4Est3dxGfn834VReid5d,2016-02-25T00:00:00Z,216762,False,spotify:track:2c4Est3dxGfn834VReid5d,https://image-cdn-ak.spotifycdn.com/image/ab67616d00001e0232f5fec7a879ed6ef28f0dfd,ok,
17,For You,TV Girl,,https://open.spotify.com/track/4KHnHCB3KVJeQRHt9PM8uz,4KHnHCB3KVJeQRHt9PM8uz,2016-02-25T00:00:00Z,215386,False,spotify:track:4KHnHCB3KVJeQRHt9PM8uz,https://image-cdn-fa.spotifycdn.com/image/ab67616d00001e0232f5fec7a879ed6ef28f0dfd,ok,
18,505,Arctic Monkeys,,https://open.spotify.com/track/58ge6dfP91o9oXMzq3XkIS,58ge6dfP91o9oXMzq3XkIS,2007-04-24T00:00:00Z,253586,False,spotify:track:58ge6dfP91o9oXMzq3XkIS,https://image-cdn-fa.spotifycdn.com/image/ab67616d00001e02b1f8da74f225fa1225cdface,ok,
19,Dark Red,Steve Lacy,,https://open.spotify.com/track/3EaJDYHA0KnX88JvDhL9oa,3EaJDYHA0KnX88JvDhL9oa,2017-02-20T00:00:00Z,173104,False,spotify:track:3EaJDYHA0KnX88JvDhL9oa,https://image-cdn-fa.spotifycdn.com/image/ab67616d00001e023d2dfa42f771cd458b194979,ok,
20,Uwa!! So Temperate♫,Toby Fox,,https://open.spotify.com/track/3PV4bPPqezu18K45MIOrVY,3PV4bPPqezu18K45MIOrVY,2015-09-15T00:00:00Z,56571,False,spotify:track:3PV4bPPqezu18K45MIOrVY,https://image-cdn-fa.spotifycdn.com/image/ab67616d00001e0244ae29b7d531186cfc7c5113,ok,
21,Hopes And Dreams,Toby Fox,,https://open.spotify.com/track/7CMVo848b9LsUtVavIoiXC,7CMVo848b9LsUtVavIoiXC,2015-09-15T00:00:00Z,181285,False,spotify:track:7CMVo848b9LsUtVavIoiXC,https://image-cdn-fa.spotifycdn.com/image/ab67616d00001e0244ae29b7d531186cfc7c5113,ok,
22,Telephones,Vacations,,https://open.spotify.com/track/0JIMT9gzLIIz0esKLyjbKf,0JIMT9gzLIIz0esKLyjbKf,2018-01-01T00:00:00Z,212432,False,spotify:track:0JIMT9gzLIIz0esKLyjbKf,https://image-cdn-fa.spotifycdn.com/image/ab67616d00001e022eb4d117b70ea7ac2c24e316,ok,
23,Music Sounds Better With You,"Stardust, Benjamin Diamond, Alan Braxe, Thomas Bangalter",,https://open.spotify.com/track/303ccTay2FiDTZ9fZ2AdBt,303ccTay2FiDTZ9fZ2AdBt,1998-07-20T00:00:00Z,403293,False,spotify:track:303ccTay2FiDTZ9fZ2AdBt,https://image-cdn-ak.spotifycdn.com/image/ab67616d00001e02b98afa12c212cbbda4f1799b,ok,
24,IGOR'S THEME,"Tyler, The Creator",,https://open.spotify.com/track/51RN0kzWd7xeR4th5HsEtW,51RN0kzWd7xeR4th5HsEtW,2019-05-17T00:00:00Z,200684,False,spotify:track:51RN0kzWd7xeR4th5HsEtW,https://image-cdn-fa.spotifycdn.com/image/ab67616d00001e0230a635de2bb0caa4e26f6abb,ok,
25,Hate Yourself,TV Girl,,https://open.spotify.com/track/7ijyGfG4NxMBobHgvu4lIM,7ijyGfG4NxMBobHgvu4lIM,2014-06-05T00:00:00Z,213760,False,spotify:track:7ijyGfG4NxMBobHgvu4lIM,https://image-cdn-fa.spotifycdn.com/image/ab67616d00001e02e1bc1af856b42dd7fdba9f84,ok,
26,No. 1 Party Anthem,Arctic Monkeys,,https://open.spotify.com/track/5TTGoX70AFrTvuEtqHK37S,5TTGoX70AFrTvuEtqHK37S,2013-09-09T00:00:00Z,243131,False,spotify:track:5TTGoX70AFrTvuEtqHK37S,https://image-cdn-fa.spotifycdn.com/image/ab67616d00001e024ae1c4c5c45aabe565499163,ok,
27,See You Again (feat. Kali Uchis),"Tyler, The Creator, Kali Uchis",,https://open.spotify.com/track/7KA4W4McWYRpgf0fWsJZWB,7KA4W4McWYRpgf0fWsJZWB,2017-07-21T00:00:00Z,180386,True,spotify:track:7KA4W4McWYRpgf0fWsJZWB,https://image-cdn-fa.spotifycdn.com/image/ab67616d00001e028940ac99f49e44f59e6f7fb3,ok,
28,No Surprises,Radiohead,,https://open.spotify.com/track/10nyNJ6zNy2YVYLrcwLccB,10nyNJ6zNy2YVYLrcwLccB,1997-05-28T00:00:00Z,229120,False,spotify:track:10nyNJ6zNy2YVYLrcwLccB,https://image-cdn-fa.spotifycdn.com/image/ab67616d00001e02c8b444df094279e70d0ed856,ok,
29,Heart To Heart,Mac DeMarco,,https://open.spotify.com/track/7EAMXbLcL0qXmciM5SwMh2,7EAMXbLcL0qXmciM5SwMh2,2019-05-10T00:00:00Z,211140,False,spotify:track:7EAMXbLcL0qXmciM5SwMh2,https://image-cdn-fa.spotifycdn.com/image/ab67616d00001e022866217fb30f5428cd77fde4,ok,
30,The Blonde,TV Girl,,https://open.spotify.com/track/72cGBEqu7RitIOoACXYjfR,72cGBEqu7RitIOoACXYjfR,2014-06-05T00:00:00Z,227760,False,spotify:track:72cGBEqu7RitIOoACXYjfR,https://image-cdn-ak.spotifycdn.com/image/ab67616d00001e02e1bc1af856b42dd7fdba9f84,ok,
31,Killswitch Lullaby,Flawed Mangoes,,https://open.spotify.com/track/7g3g00RKlqSIe2G8KKCgsE,7g3g00RKlqSIe2G8KKCgsE,2023-08-02T00:00:00Z,147096,False,spotify:track:7g3g00RKlqSIe2G8KKCgsE,https://image-cdn-fa.spotifycdn.com/image/ab67616d00001e02c6fd62b30fe5e93ca266329e,ok,
32,Rah Tah Tah,"Tyler, The Creator",,https://open.spotify.com/track/5RePVWy39tLpHH0WwXgBsK,5RePVWy39tLpHH0WwXgBsK,2024-10-28T00:00:00Z,165412,True,spotify:track:5RePVWy39tLpHH0WwXgBsK,https://image-cdn-fa.spotifycdn.com/image/ab67616d00001e02084a94988541c2402615d014,ok,
33,Noid,"Tyler, The Creator",,https://open.spotify.com/track/1YdtGoSYDvVQKoUqSDXX41,1YdtGoSYDvVQKoUqSDXX41,2024-10-28T00:00:00Z,284363,True,spotify:track:1YdtGoSYDvVQKoUqSDXX41,https://image-cdn-fa.spotifycdn.com/image/ab67616d00001e02084a94988541c2402615d014,ok,
34,Creep,Radiohead,,https://open.spotify.com/track/70LcF31zb1H0PyJoS1Sx1r,70LcF31zb1H0PyJoS1Sx1r,1993-02-22T00:00:00Z,238640,True,spotify:track:70LcF31zb1H0PyJoS1Sx1r,https://image-cdn-fa.spotifycdn.com/image/ab67616d00001e02ec548c00d3ac2f10be73366d,ok,
35,Roi,"Videoclub, Adèle Castillon, Mattyeux",,https://open.spotify.com/track/7LPGJhkRDEW6KopWhD8DbX,7LPGJhkRDEW6KopWhD8DbX,2021-01-29T00:00:00Z,224226,False,spotify:track:7LPGJhkRDEW6KopWhD8DbX,https://image-cdn-ak.spotifycdn.com/image/ab67616d00001e021f74480c2297fe08d015a3a6,ok,
36,Ghost Town,"Kanye West, PARTYNEXTDOOR",,https://open.spotify.com/track/7vgTNTaEz3CsBZ1N4YQalM,7vgTNTaEz3CsBZ1N4YQalM,2018-06-01T00:00:00Z,271386,True,spotify:track:7vgTNTaEz3CsBZ1N4YQalM,https://image-cdn-fa.spotifycdn.com/image/ab67616d00001e020cd942c1a864afa4e92d04f2,ok,
37,I Wanna Be Yours,Arctic Monkeys,,https://open.spotify.com/track/5XeFesFbtLpXzIVDNQP22n,5XeFesFbtLpXzIVDNQP22n,2013-09-09T00:00:00Z,183956,False,spotify:track:5XeFesFbtLpXzIVDNQP22n,https://image-cdn-fa.spotifycdn.com/image/ab67616d00001e024ae1c4c5c45aabe565499163,ok,
38,Summer's Over,"Jordana, TV Girl",,https://open.spotify.com/track/4E5N0mYyYFf0QZs3XDeSIj,4E5N0mYyYFf0QZs3XDeSIj,2021-10-13T00:00:00Z,173000,False,spotify:track:4E5N0mYyYFf0QZs3XDeSIj,https://image-cdn-ak.spotifycdn.com/image/ab67616d00001e02ebf1802f3aedc62b8f6339d3,ok,
39,Lo on the Hi-Way,"Jordana, TV Girl",,https://open.spotify.com/track/6ig8zXqHrvRJmXWMk42h7b,6ig8zXqHrvRJmXWMk42h7b,2021-10-13T00:00:00Z,141750,False,spotify:track:6ig8zXqHrvRJmXWMk42h7b,https://image-cdn-fa.spotifycdn.com/image/ab67616d00001e02ebf1802f3aedc62b8f6339d3,ok,
40,Sweet to Dream,"Jordana, TV Girl",,https://open.spotify.com/track/6kDyRP48g1KWahq8irqZF9,6kDyRP48g1KWahq8irqZF9,2021-10-13T00:00:00Z,175000,False,spotify:track:6kDyRP48g1KWahq8irqZF9,https://image-cdn-fa.spotifycdn.com/image/ab67616d00001e02ebf1802f3aedc62b8f6339d3,ok,
41,St. Chroma (feat. Daniel Caesar),"Tyler, The Creator, Daniel Caesar",,https://open.spotify.com/track/1QoyuMHNBe7lg3YW4Qtll4,1QoyuMHNBe7lg3YW4Qtll4,2024-10-28T00:00:00Z,197019,True,spotify:track:1QoyuMHNBe7lg3YW4Qtll4,https://image-cdn-ak.spotifycdn.com/image/ab67616d00001e02084a94988541c2402615d014,ok,
42,WUSYANAME (feat. Youngboy Never Broke Again & Ty Dolla $ign),"Tyler, The Creator, YoungBoy Never Broke Again, Ty Dolla $ign",,https://open.spotify.com/track/5B0kgjHULYJhAQkK5XsMoC,5B0kgjHULYJhAQkK5XsMoC,2021-06-25T00:00:00Z,121572,True,spotify:track:5B0kgjHULYJhAQkK5XsMoC,https://image-cdn-ak.spotifycdn.com/image/ab67616d00001e02940aa635eea98719f6ca4ad9,ok,
43,Blue Hair,TV Girl,,https://open.spotify.com/track/39sDitIeCMrVX2QyXHY46t,39sDitIeCMrVX2QyXHY46t,2018-05-08T00:00:00Z,217000,False,spotify:track:39sDitIeCMrVX2QyXHY46t,https://image-cdn-fa.spotifycdn.com/image/ab67616d00001e021556d166d0ed059b34a00e1b,ok,
44,Let It Happen,Tame Impala,,https://open.spotify.com/track/2X485T9Z5Ly0xyaghN73ed,2X485T9Z5Ly0xyaghN73ed,2015-07-17T00:00:00Z,467586,False,spotify:track:2X485T9Z5Ly0xyaghN73ed,https://image-cdn-ak.spotifycdn.com/image/ab67616d00001e029e1cfc756886ac782e363d79,ok,
45,The Less I Know The Better,Tame Impala,,https://open.spotify.com/track/6K4t31amVTZDgR3sKmwUJJ,6K4t31amVTZDgR3sKmwUJJ,2015-07-17T00:00:00Z,216320,True,spotify:track:6K4t31amVTZDgR3sKmwUJJ,https://image-cdn-fa.spotifycdn.com/image/ab67616d00001e029e1cfc756886ac782e363d79,ok,
46,"New Person, Same Old Mistakes",Tame Impala,,https://open.spotify.com/track/52ojopYMUzeNcudsoz7O9D,52ojopYMUzeNcudsoz7O9D,2015-07-17T00:00:00Z,363240,False,spotify:track:52ojopYMUzeNcudsoz7O9D,https://image-cdn-fa.spotifycdn.com/image/ab67616d00001e029e1cfc756886ac782e363d79,ok,
47,Fine,Lemon Demon,,https://open.spotify.com/track/2GlV9w8oHSQdiPPk9lxqlp,2GlV9w8oHSQdiPPk9lxqlp,2006-07-20T00:00:00Z,279910,False,spotify:track:2GlV9w8oHSQdiPPk9lxqlp,https://image-cdn-fa.spotifycdn.com/image/ab67616d00001e02a739637a0225177f293dbc7c,ok,
48,Hey Jane,"Tyler, The Creator",,https://open.spotify.com/track/3Umj02ZNl4d356pS1D38mn,3Umj02ZNl4d356pS1D38mn,2024-10-28T00:00:00Z,240742,True,spotify:track:3Umj02ZNl4d356pS1D38mn,https://image-cdn-fa.spotifycdn.com/image/ab67616d00001e02084a94988541c2402615d014,ok,
49,Balloon (feat. Doechii),"Tyler, The Creator, Doechii",,https://open.spotify.com/track/35D1RA5uVFVhMc1qX80TaQ,35D1RA5uVFVhMc1qX80TaQ,2024-10-28T00:00:00Z,154261,True,spotify:track:35D1RA5uVFVhMc1qX80TaQ,https://image-cdn-fa.spotifycdn.com/image/ab67616d00001e02084a94988541c2402615d014,ok,
50,From the Subway Train,Vansire,,https://open.spotify.com/track/0qOCy2LqvdkMora7eZsJhQ,0qOCy2LqvdkMora7eZsJhQ,2018-04-26T00:00:00Z,57370,False,spotify:track:0qOCy2LqvdkMora7eZsJhQ,https://image-cdn-ak.spotifycdn.com/image/ab67616d00001e02a788765bdda04106bd7b0d29,ok,
51,The Lamp Is Low,Laurindo Almeida,,https://open.spotify.com/track/4QzZVJc6qPTtTkPem7qZRo,4QzZVJc6qPTtTkPem7qZRo,1969-09-15T00:00:00Z,170790,False,spotify:track:4QzZVJc6qPTtTkPem7qZRo,https://image-cdn-fa.spotifycdn.com/image/ab67616d00001e02bb61ea59e6648c11454b5bfe,ok,
52,Friends,Vacations,,https://open.spotify.com/track/0jYfN0oxUjdYmAifDBORz9,0jYfN0oxUjdYmAifDBORz9,2016-01-01T00:00:00Z,152360,False,spotify:track:0jYfN0oxUjdYmAifDBORz9,https://image-cdn-fa.spotifycdn.com/image/ab67616d00001e023fe10c957fc57e5dd7c1db24,ok,
53,apart of me,Takayoshi,,https://open.spotify.com/track/6Qvwt9H76n1FfWyw5aT6JJ,6Qvwt9H76n1FfWyw5aT6JJ,2023-01-06T00:00:00Z,76285,False,spotify:track:6Qvwt9H76n1FfWyw5aT6JJ,https://image-cdn-fa.spotifycdn.com/image/ab67616d00001e028d1afb364894cd9aec1b4eb2,ok,
54,Evergreen,Richy Mitch & The Coal Miners,,https://open.spotify.com/track/6me7F0aaZjwDo6RJ5MrfBD,6me7F0aaZjwDo6RJ5MrfBD,2017-05-17T00:00:00Z,87000,False,spotify:track:6me7F0aaZjwDo6RJ5MrfBD,https://image-cdn-ak.spotifycdn.com/image/ab67616d00001e021cc17bae5ee17cce117e198a,ok,
55,Meet the Frownies,Mr Twin Sister,,https://open.spotify.com/track/3DZfp14PTnqbFToBnCztfW,3DZfp14PTnqbFToBnCztfW,2010-09-21T00:00:00Z,240493,False,spotify:track:3DZfp14PTnqbFToBnCztfW,https://image-cdn-fa.spotifycdn.com/image/ab67616d00001e02c79432c43cf3fad39ab7bc0a,ok,
56,Say It Ain't So - Original Mix,Weezer,,https://open.spotify.com/track/6VoIBz0VhCyz7OdEoRYDiA,6VoIBz0VhCyz7OdEoRYDiA,1994-05-10T00:00:00Z,258826,False,spotify:track:6VoIBz0VhCyz7OdEoRYDiA,https://image-cdn-fa.spotifycdn.com/image/ab67616d00001e02345536847e60f622ee0eae96,ok,
57,Meat Grinder,"Madvillain, Madlib, MF DOOM",,https://open.spotify.com/track/4WM1hvYr2NC6bQnQXcj3sH,4WM1hvYr2NC6bQnQXcj3sH,2004-03-24T00:00:00Z,131866,True,spotify:track:4WM1hvYr2NC6bQnQXcj3sH,https://image-cdn-fa.spotifycdn.com/image/ab67616d00001e023e3bb917af94bd82074c5d47,ok,
58,Karma Police,Radiohead,,https://open.spotify.com/track/63OQupATfueTdZMWTxW03A,63OQupATfueTdZMWTxW03A,1997-05-28T00:00:00Z,264066,False,spotify:track:63OQupATfueTdZMWTxW03A,https://image-cdn-fa.spotifycdn.com/image/ab67616d00001e02c8b444df094279e70d0ed856,ok,
59,Chamber Of Reflection,Mac DeMarco,,https://open.spotify.com/track/7H7NyZ3G075GqPx2evsfeb,7H7NyZ3G075GqPx2evsfeb,2014-04-01T00:00:00Z,231723,False,spotify:track:7H7NyZ3G075GqPx2evsfeb,https://image-cdn-fa.spotifycdn.com/image/ab67616d00001e02ec6e9c13eeed14eedbd5f7c9,ok,
60,Roi - Instrumental,Mckyyy,,https://open.spotify.com/track/2L5ZLwbqYIBKq5ZdqUxgZg,2L5ZLwbqYIBKq5ZdqUxgZg,2024-04-15T00:00:00Z,83333,False,spotify:track:2L5ZLwbqYIBKq5ZdqUxgZg,https://image-cdn-ak.spotifycdn.com/image/ab67616d00001e02f178ef6a0e6c23f6330bd982,ok,
61,"KOMM, SUSSER TOD - M-10 Director's Edit Version",Arianne,,https://open.spotify.com/track/0DI3WNmIyfi2GZLQwhYDQC,0DI3WNmIyfi2GZLQwhYDQC,2020-12-04T00:00:00Z,466481,False,spotify:track:0DI3WNmIyfi2GZLQwhYDQC,https://image-cdn-ak.spotifycdn.com/image/ab67616d00001e02f96c821f67f5b9b9815764f4,ok,
62,I Just Threw Out The Love Of My Dreams,Weezer,,https://open.spotify.com/track/35SRuRfp5BvD1yArmXKNHO,35SRuRfp5BvD1yArmXKNHO,1996-09-24T00:00:00Z,157960,False,spotify:track:35SRuRfp5BvD1yArmXKNHO,https://image-cdn-fa.spotifycdn.com/image/ab67616d00001e02b34530ac4a80275e3ff2faab,ok,
63,Undone - The Sweater Song,Weezer,,https://open.spotify.com/track/5WhtlIoxoZrMmuaWWEQhwV,5WhtlIoxoZrMmuaWWEQhwV,1994-05-10T00:00:00Z,305533,False,spotify:track:5WhtlIoxoZrMmuaWWEQhwV,https://image-cdn-ak.spotifycdn.com/image/ab67616d00001e02345536847e60f622ee0eae96,ok,
64,TELL ME WHY,PENPALS,,https://open.spotify.com/track/3ho0uOo8Ni13WBEDVXepCT,3ho0uOo8Ni13WBEDVXepCT,1997-11-06T00:00:00Z,194800,False,spotify:track:3ho0uOo8Ni13WBEDVXepCT,https://image-cdn-ak.spotifycdn.com/image/ab67616d00001e020393d9d9ddb12f48a0a5305b,ok,
65,Don't Be so Serious,Low Roar,,https://open.spotify.com/track/27VxXIWKxPbcyinlY3SYc3,27VxXIWKxPbcyinlY3SYc3,2017-04-14T00:00:00Z,373318,False,spotify:track:27VxXIWKxPbcyinlY3SYc3,https://image-cdn-fa.spotifycdn.com/image/ab67616d00001e0287986e804018697f14194ace,ok,
66,Snowdin Town,Toby Fox,,https://open.spotify.com/track/6VhLpbQlPWgU11As8woUIC,6VhLpbQlPWgU11As8woUIC,2015-09-15T00:00:00Z,76168,False,spotify:track:6VhLpbQlPWgU11As8woUIC,https://image-cdn-fa.spotifycdn.com/image/ab67616d00001e0244ae29b7d531186cfc7c5113,ok,
67,Resonance,Home,,https://open.spotify.com/track/2BGm83eW9sQfwYfQlpBDNS,2BGm83eW9sQfwYfQlpBDNS,2014-07-01T00:00:00Z,212880,False,spotify:track:2BGm83eW9sQfwYfQlpBDNS,https://image-cdn-fa.spotifycdn.com/image/ab67616d00001e02d3434e8f47ec47a90b4b4784,ok,
68,Thought I Was Dead (feat. ScHoolboy Q & Santigold),"Tyler, The Creator, ScHoolboy Q, Santigold",,https://open.spotify.com/track/2aYHxnMF2umAavtgBvmkY1,2aYHxnMF2umAavtgBvmkY1,2024-10-28T00:00:00Z,207273,True,spotify:track:2aYHxnMF2umAavtgBvmkY1,https://image-cdn-ak.spotifycdn.com/image/ab67616d00001e02084a94988541c2402615d014,ok,
69,"Sticky (feat. GloRilla, Sexyy Red & Lil Wayne)","Tyler, The Creator, GloRilla, Sexyy Red, Lil Wayne",,https://open.spotify.com/track/3tFed7YsjGnIfxeLEQwx3R,3tFed7YsjGnIfxeLEQwx3R,2024-10-28T00:00:00Z,255915,True,spotify:track:3tFed7YsjGnIfxeLEQwx3R,https://image-cdn-ak.spotifycdn.com/image/ab67616d00001e02084a94988541c2402615d014,ok,
70,Boredom (feat. Rex Orange County & Anna of the North),"Tyler, The Creator, Rex Orange County, Anna of the North",,https://open.spotify.com/track/5WNYg3usc6H8N3MBEp4zVk,5WNYg3usc6H8N3MBEp4zVk,2017-07-21T00:00:00Z,320720,True,spotify:track:5WNYg3usc6H8N3MBEp4zVk,https://image-cdn-fa.spotifycdn.com/image/ab67616d00001e028940ac99f49e44f59e6f7fb3,ok,
71,Rapp Snitch Knishes,"MF DOOM, Mr. Fantastik",,https://open.spotify.com/track/5KUNwkaNf8l5A9sXZhiCgI,5KUNwkaNf8l5A9sXZhiCgI,2004-11-16T00:00:00Z,172893,True,spotify:track:5KUNwkaNf8l5A9sXZhiCgI,https://image-cdn-fa.spotifycdn.com/image/ab67616d00001e0252f194d02c39909d1b284799,ok,
72,Bad Habit,Steve Lacy,,https://open.spotify.com/track/4k6Uh1HXdhtusDW5y8Gbvy,4k6Uh1HXdhtusDW5y8Gbvy,2022-07-15T00:00:00Z,232114,True,spotify:track:4k6Uh1HXdhtusDW5y8Gbvy,https://image-cdn-ak.spotifycdn.com/image/ab67616d00001e026938311000a0e494a26986e5,ok,
73,No Other Heart,Mac DeMarco,,https://open.spotify.com/track/2aaCNg42RA74s0EmHTBqS7,2aaCNg42RA74s0EmHTBqS7,2015-08-07T00:00:00Z,173117,False,spotify:track:2aaCNg42RA74s0EmHTBqS7,https://image-cdn-fa.spotifycdn.com/image/ab67616d00001e02b395acedffa5fa8e7696aea2,ok,
74,Moonlight on the River,Mac DeMarco,,https://open.spotify.com/track/2fhOljbX79loRcdl47SFye,2fhOljbX79loRcdl47SFye,2017-05-05T00:00:00Z,422613,False,spotify:track:2fhOljbX79loRcdl47SFye,https://image-cdn-ak.spotifycdn.com/image/ab67616d00001e029f1b21f21b13ff2d3e891f6b,ok,
75,Borderline,Tame Impala,,https://open.spotify.com/track/5hM5arv9KDbCHS0k9uqwjr,5hM5arv9KDbCHS0k9uqwjr,2020-02-14T00:00:00Z,237800,False,spotify:track:5hM5arv9KDbCHS0k9uqwjr,https://image-cdn-fa.spotifycdn.com/image/ab67616d00001e0258267bd34420a00d5cf83a49,ok,
76,Freaking Out the Neighborhood,Mac DeMarco,,https://open.spotify.com/track/3HlK8txWAdtKMrbsqX40pl,3HlK8txWAdtKMrbsqX40pl,2012-10-16T00:00:00Z,173888,False,spotify:track:3HlK8txWAdtKMrbsqX40pl,https://image-cdn-fa.spotifycdn.com/image/ab67616d00001e029d377496c6bc8724b521222d,ok,
77,New Flesh,Current Joys,,https://open.spotify.com/track/6HJxxqHWMdidwTVZmZWeHU,6HJxxqHWMdidwTVZmZWeHU,2013-01-02T00:00:00Z,167986,False,spotify:track:6HJxxqHWMdidwTVZmZWeHU,https://image-cdn-fa.spotifycdn.com/image/ab67616d00001e02e341c520c154f89b77bd2aaf,ok,
78,For the First Time,Mac DeMarco,,https://open.spotify.com/track/2R4AlwtrrkMaRKojcTIzmL,2R4AlwtrrkMaRKojcTIzmL,2017-05-05T00:00:00Z,182306,False,spotify:track:2R4AlwtrrkMaRKojcTIzmL,https://image-cdn-fa.spotifycdn.com/image/ab67616d00001e029f1b21f21b13ff2d3e891f6b,ok,
79,SimpsonWave1995,FrankJavCee,,https://open.spotify.com/track/0qqRNnwh86N1XBV94GVgQN,0qqRNnwh86N1XBV94GVgQN,2016-06-05T00:00:00Z,142602,False,spotify:track:0qqRNnwh86N1XBV94GVgQN,https://image-cdn-ak.spotifycdn.com/image/ab67616d00001e029eb3c3b18536522601ca8731,ok,
80,SWEET / I THOUGHT YOU WANTED TO DANCE (feat. Brent Faiyaz & Fana Hues),"Tyler, The Creator, Brent Faiyaz, Fana Hues",,https://open.spotify.com/track/3EG9FJ0ToLfgnc1IG2Z1wz,3EG9FJ0ToLfgnc1IG2Z1wz,2021-06-25T00:00:00Z,588139,True,spotify:track:3EG9FJ0ToLfgnc1IG2Z1wz,https://image-cdn-ak.spotifycdn.com/image/ab67616d00001e02940aa635eea98719f6ca4ad9,ok,
81,ARE WE STILL FRIENDS?,"Tyler, The Creator",,https://open.spotify.com/track/5TxRUOsGeWeRl3xOML59Ai,5TxRUOsGeWeRl3xOML59Ai,2019-05-17T00:00:00Z,265480,True,spotify:track:5TxRUOsGeWeRl3xOML59Ai,https://image-cdn-fa.spotifycdn.com/image/ab67616d00001e0230a635de2bb0caa4e26f6abb,ok,
82,It Almost Worked,TV Girl,,https://open.spotify.com/track/4NUhcsz9E1LrBe8nXLZqzp,4NUhcsz9E1LrBe8nXLZqzp,2020-05-01T00:00:00Z,152000,False,spotify:track:4NUhcsz9E1LrBe8nXLZqzp,https://image-cdn-fa.spotifycdn.com/image/ab67616d00001e02870138983fee24fe052d12af,ok,
83,i,Kendrick Lamar,,https://open.spotify.com/track/3ODXRUPL44f04cCacwiCLC,3ODXRUPL44f04cCacwiCLC,2015-03-16T00:00:00Z,336013,True,spotify:track:3ODXRUPL44f04cCacwiCLC,https://image-cdn-ak.spotifycdn.com/image/ab67616d00001e02cdb645498cd3d8a2db4d05e1,ok,
84,Garage Rooftop,Q,,https://open.spotify.com/track/1dekstoglmqX3fq3K42sux,1dekstoglmqX3fq3K42sux,2020-12-11T00:00:00Z,264910,False,spotify:track:1dekstoglmqX3fq3K42sux,https://image-cdn-fa.spotifycdn.com/image/ab67616d00001e020ff1b43816864742e646d3e5,ok,
85,One Beer,MF DOOM,,https://open.spotify.com/track/4BnrGx9tWNF8aiXl1UhDBa,4BnrGx9tWNF8aiXl1UhDBa,2004-11-16T00:00:00Z,258586,True,spotify:track:4BnrGx9tWNF8aiXl1UhDBa,https://image-cdn-fa.spotifycdn.com/image/ab67616d00001e0252f194d02c39909d1b284799,ok,
86,Tamale,"Tyler, The Creator",,https://open.spotify.com/track/60b6B2ULC85t4Y5IjZvP7A,60b6B2ULC85t4Y5IjZvP7A,2013-04-01T00:00:00Z,166372,True,spotify:track:60b6B2ULC85t4Y5IjZvP7A,https://image-cdn-fa.spotifycdn.com/image/ab67616d00001e02913f492347e1585748450855,ok,
87,RISE! (feat. DAISY WORLD),"Tyler, The Creator, DAISY WORLD",,https://open.spotify.com/track/4Hta7Oy5W9HD0UgT1P8PPV,4Hta7Oy5W9HD0UgT1P8PPV,2021-06-25T00:00:00Z,203588,True,spotify:track:4Hta7Oy5W9HD0UgT1P8PPV,https://image-cdn-fa.spotifycdn.com/image/ab67616d00001e02940aa635eea98719f6ca4ad9,ok,
88,Show Me How,Men I Trust,,https://open.spotify.com/track/75IQVo8hqI1iwVZyvkN2VT,75IQVo8hqI1iwVZyvkN2VT,2018-02-28T00:00:00Z,215110,False,spotify:track:75IQVo8hqI1iwVZyvkN2VT,https://image-cdn-fa.spotifycdn.com/image/ab67616d00001e02deeb617204bc14f4ee87b057,ok,
89,Tom Tom,Holy Fuck,,https://open.spotify.com/track/3aMIgXaB04SzL68n4lMWLL,3aMIgXaB04SzL68n4lMWLL,2016-05-27T00:00:00Z,227720,False,spotify:track:3aMIgXaB04SzL68n4lMWLL,https://image-cdn-fa.spotifycdn.com/image/ab67616d00001e02c75bc72c502247611af45f52,ok,
90,I'll Be Faithful,TV Girl,,https://open.spotify.com/track/0sPWsklhyrr5ZdrSWWEff6,0sPWsklhyrr5ZdrSWWEff6,2023-06-30T00:00:00Z,236000,False,spotify:track:0sPWsklhyrr5ZdrSWWEff6,https://image-cdn-fa.spotifycdn.com/image/ab67616d00001e028e956c4154ba8b2f7be13443,ok,
91,All The Way Through,TV Girl,,https://open.spotify.com/track/4tT21rDYTLwTzZMPh10FxZ,4tT21rDYTLwTzZMPh10FxZ,2023-06-30T00:00:00Z,176408,False,spotify:track:4tT21rDYTLwTzZMPh10FxZ,https://image-cdn-fa.spotifycdn.com/image/ab67616d00001e028e956c4154ba8b2f7be13443,ok,
92,Hang On,TV Girl,,https://open.spotify.com/track/411X2Iae8gKOxgIHPhuLSl,411X2Iae8gKOxgIHPhuLSl,2023-06-30T00:00:00Z,209874,False,spotify:track:411X2Iae8gKOxgIHPhuLSl,https://image-cdn-ak.spotifycdn.com/image/ab67616d00001e028e956c4154ba8b2f7be13443,ok,
93,99.5,TV Girl,,https://open.spotify.com/track/5lTSeN1WSAv6YVBgrIUBav,5lTSeN1WSAv6YVBgrIUBav,2023-06-30T00:00:00Z,175312,False,spotify:track:5lTSeN1WSAv6YVBgrIUBav,https://image-cdn-fa.spotifycdn.com/image/ab67616d00001e028e956c4154ba8b2f7be13443,ok,
94,Fire,TV Girl,,https://open.spotify.com/track/0pkeYwvJZ2jIvzV7xwOxvG,0pkeYwvJZ2jIvzV7xwOxvG,2023-06-30T00:00:00Z,261812,False,spotify:track:0pkeYwvJZ2jIvzV7xwOxvG,https://image-cdn-fa.spotifycdn.com/image/ab67616d00001e028e956c4154ba8b2f7be13443,ok,
95,Shame,TV Girl,,https://open.spotify.com/track/1sv1SN854EsB5WcI27cQxe,1sv1SN854EsB5WcI27cQxe,2023-06-30T00:00:00Z,246500,True,spotify:track:1sv1SN854EsB5WcI27cQxe,https://image-cdn-fa.spotifycdn.com/image/ab67616d00001e028e956c4154ba8b2f7be13443,ok,
96,IFHY (feat. Pharrell),"Tyler, The Creator, Pharrell Williams",,https://open.spotify.com/track/0NjW4SKY3gbfl2orl1p8hr,0NjW4SKY3gbfl2orl1p8hr,2013-04-01T00:00:00Z,319279,True,spotify:track:0NjW4SKY3gbfl2orl1p8hr,https://image-cdn-fa.spotifycdn.com/image/ab67616d00001e02913f492347e1585748450855,ok,
97,Mrs Magic,Strawberry Guy,,https://open.spotify.com/track/0TZejo18HlJ86OrWNsXKnw,0TZejo18HlJ86OrWNsXKnw,2019-07-24T00:00:00Z,208500,False,spotify:track:0TZejo18HlJ86OrWNsXKnw,https://image-cdn-ak.spotifycdn.com/image/ab67616d00001e024695126ef47156001851e95c,ok,
98,WHARF TALK (feat. A$AP Rocky),"Tyler, The Creator, A$AP Rocky",,https://open.spotify.com/track/3u9PAti8muEXXvEjeFpQK0,3u9PAti8muEXXvEjeFpQK0,2023-03-31T00:00:00Z,204109,True,spotify:track:3u9PAti8muEXXvEjeFpQK0,https://image-cdn-fa.spotifycdn.com/image/ab67616d00001e02aa95a399fd30fbb4f6f59fca,ok,
99,Bound 2,Kanye West,,https://open.spotify.com/track/3sNVsP50132BTNlImLx70i,3sNVsP50132BTNlImLx70i,2013-06-18T00:00:00Z,229146,True,spotify:track:3sNVsP50132BTNlImLx70i,https://image-cdn-fa.spotifycdn.com/image/ab67616d00001e021dacfbc31cc873d132958af9,ok,
100,Reason,Jordana,,https://open.spotify.com/track/5bP4eOy0XXCPy1fq9nvuSe,5bP4eOy0XXCPy1fq9nvuSe,2020-12-04T00:00:00Z,220377,True,spotify:track:5bP4eOy0XXCPy1fq9nvuSe,https://image-cdn-fa.spotifycdn.com/image/ab67616d00001e0205c509d6a9d8c9b89756a4e3,ok,
101,What Would I Do?,Strawberry Guy,,https://open.spotify.com/track/5EJA7Rwkeuvm98CZg0XXNO,5EJA7Rwkeuvm98CZg0XXNO,2019-07-22T00:00:00Z,234000,False,spotify:track:5EJA7Rwkeuvm98CZg0XXNO,https://image-cdn-fa.spotifycdn.com/image/ab67616d00001e02ba5c5d0971159a6e3299d78b,ok,
102,Some,Steve Lacy,,https://open.spotify.com/track/4riDfclV7kPDT9D58FpmHd,4riDfclV7kPDT9D58FpmHd,2016-10-31T00:00:00Z,118393,True,spotify:track:4riDfclV7kPDT9D58FpmHd,https://image-cdn-ak.spotifycdn.com/image/ab67616d00001e027c0c6c1cfac7464b6211587d,ok,
103,My Kind of Woman,Mac DeMarco,,https://open.spotify.com/track/6jgkEbmQ2F2onEqsEhiliL,6jgkEbmQ2F2onEqsEhiliL,2012-10-16T00:00:00Z,190845,False,spotify:track:6jgkEbmQ2F2onEqsEhiliL,https://image-cdn-ak.spotifycdn.com/image/ab67616d00001e029d377496c6bc8724b521222d,ok,
104,Dreaming,Mac DeMarco,,https://open.spotify.com/track/5LRzyLUOpeNZKZaIpj7SrF,5LRzyLUOpeNZKZaIpj7SrF,2012-10-16T00:00:00Z,147324,False,spotify:track:5LRzyLUOpeNZKZaIpj7SrF,https://image-cdn-fa.spotifycdn.com/image/ab67616d00001e029d377496c6bc8724b521222d,ok,
105,Rhymes Like Dimes,"MF DOOM, DJ Cucumber Slice",,https://open.spotify.com/track/6OkDb9fyi22Pr6QJIrUNdJ,6OkDb9fyi22Pr6QJIrUNdJ,1999-10-19T00:00:00Z,258613,True,spotify:track:6OkDb9fyi22Pr6QJIrUNdJ,https://image-cdn-ak.spotifycdn.com/image/ab67616d00001e026ce90ec627a0198a8efd127f,ok,
106,Natalie Wood,TV Girl,,https://open.spotify.com/track/5U0OjzvvV7iGXvKStG41iH,5U0OjzvvV7iGXvKStG41iH,2015-06-10T00:00:00Z,240123,False,spotify:track:5U0OjzvvV7iGXvKStG41iH,https://image-cdn-fa.spotifycdn.com/image/ab67616d00001e02297bdaba9767193a75016f8a,ok,
107,Pantyhose,TV Girl,,https://open.spotify.com/track/7m6xr2HY0BYmBDTh2UIx02,7m6xr2HY0BYmBDTh2UIx02,2014-06-05T00:00:00Z,177013,False,spotify:track:7m6xr2HY0BYmBDTh2UIx02,https://image-cdn-fa.spotifycdn.com/image/ab67616d00001e02e1bc1af856b42dd7fdba9f84,ok,
108,The Getaway,TV Girl,,https://open.spotify.com/track/5trzBtLlKIYZSmkbtkNmXb,5trzBtLlKIYZSmkbtkNmXb,2014-06-05T00:00:00Z,224066,False,spotify:track:5trzBtLlKIYZSmkbtkNmXb,https://image-cdn-ak.spotifycdn.com/image/ab67616d00001e02e1bc1af856b42dd7fdba9f84,ok,
109,Talk to Strangers,TV Girl,,https://open.spotify.com/track/2SXG2Vmtn4S1lsbQkuWKBS,2SXG2Vmtn4S1lsbQkuWKBS,2014-06-05T00:00:00Z,177693,False,spotify:track:2SXG2Vmtn4S1lsbQkuWKBS,https://image-cdn-ak.spotifycdn.com/image/ab67616d00001e02e1bc1af856b42dd7fdba9f84,ok,
110,Her and Her Friend,TV Girl,,https://open.spotify.com/track/4YhMaKfdp5MgcECm2YC7ve,4YhMaKfdp5MgcECm2YC7ve,2014-06-05T00:00:00Z,209133,False,spotify:track:4YhMaKfdp5MgcECm2YC7ve,https://image-cdn-fa.spotifycdn.com/image/ab67616d00001e02e1bc1af856b42dd7fdba9f84,ok,
111,Lonely Girls,TV Girl,,https://open.spotify.com/track/18YXp2sVwm3Tzd4bm7PkMN,18YXp2sVwm3Tzd4bm7PkMN,2018-05-08T00:00:00Z,175500,False,spotify:track:18YXp2sVwm3Tzd4bm7PkMN,https://image-cdn-fa.spotifycdn.com/image/ab67616d00001e021556d166d0ed059b34a00e1b,ok,
112,The Night in Question,TV Girl,,https://open.spotify.com/track/3qsctOMzL1FE9mBpt4FZHo,3qsctOMzL1FE9mBpt4FZHo,2020-05-01T00:00:00Z,175250,False,spotify:track:3qsctOMzL1FE9mBpt4FZHo,https://image-cdn-fa.spotifycdn.com/image/ab67616d00001e02870138983fee24fe052d12af,ok,
113,The Desolation Tango,TV Girl,,https://open.spotify.com/track/17DmHV1rOZRZht3yszHOlP,17DmHV1rOZRZht3yszHOlP,2020-05-01T00:00:00Z,181166,False,spotify:track:17DmHV1rOZRZht3yszHOlP,https://image-cdn-fa.spotifycdn.com/image/ab67616d00001e02870138983fee24fe052d12af,ok,
114,Answer,"Tyler, The Creator",,https://open.spotify.com/track/6rqj2zeKhLy3exkuFi6mSz,6rqj2zeKhLy3exkuFi6mSz,2013-04-01T00:00:00Z,230090,True,spotify:track:6rqj2zeKhLy3exkuFi6mSz,https://image-cdn-fa.spotifycdn.com/image/ab67616d00001e02913f492347e1585748450855,ok,
115,Let Down,Radiohead,,https://open.spotify.com/track/2fuYa3Lx06QQJAm0MjztKr,2fuYa3Lx06QQJAm0MjztKr,1997-05-28T00:00:00Z,299560,False,spotify:track:2fuYa3Lx06QQJAm0MjztKr,https://image-cdn-ak.spotifycdn.com/image/ab67616d00001e02c8b444df094279e70d0ed856,ok,
116,"BOYFRIEND, GIRLFRIEND (2020 Demo) (feat. YG)","Tyler, The Creator, YG",,https://open.spotify.com/track/2sFEmuVVAa2klHwhFaT0rR,2sFEmuVVAa2klHwhFaT0rR,2023-03-31T00:00:00Z,204364,True,spotify:track:2sFEmuVVAa2klHwhFaT0rR,https://image-cdn-ak.spotifycdn.com/image/ab67616d00001e02aa95a399fd30fbb4f6f59fca,ok,
117,Disco,Surf Curse,,https://open.spotify.com/track/2Lumsra3kuU61wXkEKzKaK,2Lumsra3kuU61wXkEKzKaK,2019-06-12T00:00:00Z,152760,False,spotify:track:2Lumsra3kuU61wXkEKzKaK,https://image-cdn-fa.spotifycdn.com/image/ab67616d00001e02a7060ab3ca5dc05fc9552e66,ok,
118,I THINK,"Tyler, The Creator",,https://open.spotify.com/track/4f8Mh5wuWHOsfXtzjrJB3t,4f8Mh5wuWHOsfXtzjrJB3t,2019-05-17T00:00:00Z,212016,True,spotify:track:4f8Mh5wuWHOsfXtzjrJB3t,https://image-cdn-fa.spotifycdn.com/image/ab67616d00001e0230a635de2bb0caa4e26f6abb,ok,
119,NEW MAGIC WAND,"Tyler, The Creator",,https://open.spotify.com/track/0fv2KH6hac06J86hBUTcSf,0fv2KH6hac06J86hBUTcSf,2019-05-17T00:00:00Z,195327,True,spotify:track:0fv2KH6hac06J86hBUTcSf,https://image-cdn-fa.spotifycdn.com/image/ab67616d00001e0230a635de2bb0caa4e26f6abb,ok,
120,A BOY IS A GUN*,"Tyler, The Creator",,https://open.spotify.com/track/1nXZnTALNXiPlvXotqHm66,1nXZnTALNXiPlvXotqHm66,2019-05-17T00:00:00Z,210253,True,spotify:track:1nXZnTALNXiPlvXotqHm66,https://image-cdn-fa.spotifycdn.com/image/ab67616d00001e0230a635de2bb0caa4e26f6abb,ok,
121,She,"Tyler, The Creator, Frank Ocean",,https://open.spotify.com/track/5WzfCu5fhgm7jv896EN1Md,5WzfCu5fhgm7jv896EN1Md,2011-05-09T00:00:00Z,253386,True,spotify:track:5WzfCu5fhgm7jv896EN1Md,https://image-cdn-fa.spotifycdn.com/image/ab67616d00001e0228ae9a159d24cb0ab2552712,ok,
122,Gorgeous,"Kanye West, Kid Cudi, Raekwon",,https://open.spotify.com/track/23SZWX2IaDnxmhFsSLvkG2,23SZWX2IaDnxmhFsSLvkG2,2010-11-22T00:00:00Z,357653,True,spotify:track:23SZWX2IaDnxmhFsSLvkG2,https://image-cdn-fa.spotifycdn.com/image/ab67616d00001e02d9194aa18fa4c9362b47464f,ok,
123,LUMBERJACK,"Tyler, The Creator",,https://open.spotify.com/track/0BiK5BbYNFLb88CCOxBFJe,0BiK5BbYNFLb88CCOxBFJe,2021-06-25T00:00:00Z,138312,True,spotify:track:0BiK5BbYNFLb88CCOxBFJe,https://image-cdn-fa.spotifycdn.com/image/ab67616d00001e02940aa635eea98719f6ca4ad9,ok,
124,We Don't Care,Kanye West,,https://open.spotify.com/track/0IW0qaeyxL5Et4UG2MrJKB,0IW0qaeyxL5Et4UG2MrJKB,2004-02-10T00:00:00Z,239880,True,spotify:track:0IW0qaeyxL5Et4UG2MrJKB,https://image-cdn-fa.spotifycdn.com/image/ab67616d00001e0225b055377757b3cdd6f26b78,ok,
125,48,"Tyler, The Creator",,https://open.spotify.com/track/2wK7y55bzry7tUDmDqYaz7,2wK7y55bzry7tUDmDqYaz7,2013-04-01T00:00:00Z,247312,True,spotify:track:2wK7y55bzry7tUDmDqYaz7,https://image-cdn-fa.spotifycdn.com/image/ab67616d00001e02913f492347e1585748450855,ok,
126,Yonkers,"Tyler, The Creator",,https://open.spotify.com/track/3WQlJpaUUbGtUqAskvGA7c,3WQlJpaUUbGtUqAskvGA7c,2011-05-09T00:00:00Z,249333,True,spotify:track:3WQlJpaUUbGtUqAskvGA7c,https://image-cdn-fa.spotifycdn.com/image/ab67616d00001e0228ae9a159d24cb0ab2552712,ok,
127,Amour plastique,"Videoclub, Adèle Castillon, Mattyeux",,https://open.spotify.com/track/269XSeQhDrWEotMALJaACW,269XSeQhDrWEotMALJaACW,2021-01-29T00:00:00Z,226026,False,spotify:track:269XSeQhDrWEotMALJaACW,https://image-cdn-fa.spotifycdn.com/image/ab67616d00001e021f74480c2297fe08d015a3a6,ok,
128,Mai,Videoclub,,https://open.spotify.com/track/2qRMnItMLesizxbPqIwcSm,2qRMnItMLesizxbPqIwcSm,2021-01-29T00:00:00Z,217586,False,spotify:track:2qRMnItMLesizxbPqIwcSm,https://image-cdn-fa.spotifycdn.com/image/ab67616d00001e021f74480c2297fe08d015a3a6,ok,
129,"FUCKING YOUNG / PERFECT (feat. Charlie Wilson, Chaz Bundick, Sydney Bennett & Kali Uchis)","Tyler, The Creator, Charlie Wilson, Chaz Bundick, Syd, Kali Uchis",,https://open.spotify.com/track/6738dceRZVHz8VumfBH7aI,6738dceRZVHz8VumfBH7aI,2015-04-13T00:00:00Z,401572,True,spotify:track:6738dceRZVHz8VumfBH7aI,https://image-cdn-fa.spotifycdn.com/image/ab67616d00001e0237906edcfbfde42b203097f2,ok,
130,Infrunami,Steve Lacy,,https://open.spotify.com/track/0f8eRy9A0n6zXpKSHSCAEp,0f8eRy9A0n6zXpKSHSCAEp,2020-12-04T00:00:00Z,178328,False,spotify:track:0f8eRy9A0n6zXpKSHSCAEp,https://image-cdn-fa.spotifycdn.com/image/ab67616d00001e02c3545bbe806b845c2b52bc20,ok,
131,HOT WIND BLOWS (feat. Lil Wayne),"Tyler, The Creator, Lil Wayne",,https://open.spotify.com/track/3JJL91ilRV6fXhKqu0FGXs,3JJL91ilRV6fXhKqu0FGXs,2021-06-25T00:00:00Z,155292,True,spotify:track:3JJL91ilRV6fXhKqu0FGXs,https://image-cdn-ak.spotifycdn.com/image/ab67616d00001e02940aa635eea98719f6ca4ad9,ok,
132,The Night Time,TV Girl,,https://open.spotify.com/track/4p35fkAfyJ2QuaqOw5xldu,4p35fkAfyJ2QuaqOw5xldu,2023-06-30T00:00:00Z,176500,True,spotify:track:4p35fkAfyJ2QuaqOw5xldu,https://image-cdn-fa.spotifycdn.com/image/ab67616d00001e028e956c4154ba8b2f7be13443,ok,
133,Big Black Void,TV Girl,,https://open.spotify.com/track/3bhUNuy1D2m2CsvSNK4e5u,3bhUNuy1D2m2CsvSNK4e5u,2023-06-30T00:00:00Z,180500,False,spotify:track:3bhUNuy1D2m2CsvSNK4e5u,https://image-cdn-fa.spotifycdn.com/image/ab67616d00001e028e956c4154ba8b2f7be13443,ok,
134,Your Friends Are Calling Your Name,TV Girl,,https://open.spotify.com/track/59DxXc2Y0Pwre0TgnZpsQd,59DxXc2Y0Pwre0TgnZpsQd,2020-05-01T00:00:00Z,182890,False,spotify:track:59DxXc2Y0Pwre0TgnZpsQd,https://image-cdn-fa.spotifycdn.com/image/ab67616d00001e02870138983fee24fe052d12af,ok,
135,Cynical One,TV Girl,,https://open.spotify.com/track/5PaCrBjL6W6Gq60kJzuw9y,5PaCrBjL6W6Gq60kJzuw9y,2018-05-08T00:00:00Z,202854,False,spotify:track:5PaCrBjL6W6Gq60kJzuw9y,https://image-cdn-fa.spotifycdn.com/image/ab67616d00001e021556d166d0ed059b34a00e1b,ok,
136,Pretty Boy,TV Girl,,https://open.spotify.com/track/2vVXZKnEIU5j0yVDGQX46l,2vVXZKnEIU5j0yVDGQX46l,2018-05-08T00:00:00Z,166000,False,spotify:track:2vVXZKnEIU5j0yVDGQX46l,https://image-cdn-ak.spotifycdn.com/image/ab67616d00001e021556d166d0ed059b34a00e1b,ok,
137,Heaven Is a Bedroom,TV Girl,,https://open.spotify.com/track/0REaf0xqIOxEXGZgOXfrCW,0REaf0xqIOxEXGZgOXfrCW,2016-02-25T00:00:00Z,278839,False,spotify:track:0REaf0xqIOxEXGZgOXfrCW,https://image-cdn-fa.spotifycdn.com/image/ab67616d00001e0232f5fec7a879ed6ef28f0dfd,ok,
138,Ordinary Day,"Jordana, TV Girl",,https://open.spotify.com/track/0BW0ZVAiG4G1d29Xa53Fzp,0BW0ZVAiG4G1d29Xa53Fzp,2021-10-13T00:00:00Z,181500,False,spotify:track:0BW0ZVAiG4G1d29Xa53Fzp,https://image-cdn-fa.spotifycdn.com/image/ab67616d00001e02ebf1802f3aedc62b8f6339d3,ok,
139,The Party's Not Over,"Jordana, TV Girl",,https://open.spotify.com/track/1XIjYEwEVPyoJNSdEhM1kP,1XIjYEwEVPyoJNSdEhM1kP,2021-10-13T00:00:00Z,238500,False,spotify:track:1XIjYEwEVPyoJNSdEhM1kP,https://image-cdn-fa.spotifycdn.com/image/ab67616d00001e02ebf1802f3aedc62b8f6339d3,ok,
140,Duvet,bôa,,https://open.spotify.com/track/42qNWdLKCI41S4uzfamhFM,42qNWdLKCI41S4uzfamhFM,2001-03-21T00:00:00Z,203600,False,spotify:track:42qNWdLKCI41S4uzfamhFM,https://image-cdn-fa.spotifycdn.com/image/ab67616d00001e026173e498401502583046f42c,ok,
141,Tomorrow,"Tyler, The Creator",,https://open.spotify.com/track/3yw3m8wgRB4ptDyAvtdhq5,3yw3m8wgRB4ptDyAvtdhq5,2024-10-28T00:00:00Z,182326,True,spotify:track:3yw3m8wgRB4ptDyAvtdhq5,https://image-cdn-fa.spotifycdn.com/image/ab67616d00001e02084a94988541c2402615d014,ok,
142,RUNNING OUT OF TIME,"Tyler, The Creator",,https://open.spotify.com/track/5QvBXUm5MglLJ3iBfTX2Wo,5QvBXUm5MglLJ3iBfTX2Wo,2019-05-17T00:00:00Z,177219,True,spotify:track:5QvBXUm5MglLJ3iBfTX2Wo,https://image-cdn-fa.spotifycdn.com/image/ab67616d00001e0230a635de2bb0caa4e26f6abb,ok,
143,DEATHCAMP (feat. Cole Alexander),"Tyler, The Creator, Cole Alexander",,https://open.spotify.com/track/2u1tKPsxhwigi5BNbXihB0,2u1tKPsxhwigi5BNbXihB0,2015-04-13T00:00:00Z,189702,True,spotify:track:2u1tKPsxhwigi5BNbXihB0,https://image-cdn-ak.spotifycdn.com/image/ab67616d00001e0237906edcfbfde42b203097f2,ok,
144,BUFFALO (feat. Shane Powers),"Tyler, The Creator, Shane Powers",,https://open.spotify.com/track/3h0P4TXrlrv9Lj0z7FS36I,3h0P4TXrlrv9Lj0z7FS36I,2015-04-13T00:00:00Z,159964,True,spotify:track:3h0P4TXrlrv9Lj0z7FS36I,https://image-cdn-fa.spotifycdn.com/image/ab67616d00001e0237906edcfbfde42b203097f2,ok,
145,CHERRY BOMB,"Tyler, The Creator",,https://open.spotify.com/track/53Ij8FmAuvzXLsjzCTLM31,53Ij8FmAuvzXLsjzCTLM31,2015-04-13T00:00:00Z,269352,True,spotify:track:53Ij8FmAuvzXLsjzCTLM31,https://image-cdn-ak.spotifycdn.com/image/ab67616d00001e0237906edcfbfde42b203097f2,ok,
146,Foreword (feat. Rex Orange County),"Tyler, The Creator, Rex Orange County",,https://open.spotify.com/track/33i3xxHB4YSYGYbtJrwwO8,33i3xxHB4YSYGYbtJrwwO8,2017-07-21T00:00:00Z,194080,True,spotify:track:33i3xxHB4YSYGYbtJrwwO8,https://image-cdn-fa.spotifycdn.com/image/ab67616d00001e028940ac99f49e44f59e6f7fb3,ok,
147,I Ain't Got Time!,"Tyler, The Creator",,https://open.spotify.com/track/430qNtapCS3Ue1yoSql1oV,430qNtapCS3Ue1yoSql1oV,2017-07-21T00:00:00Z,206266,True,spotify:track:430qNtapCS3Ue1yoSql1oV,https://image-cdn-fa.spotifycdn.com/image/ab67616d00001e028940ac99f49e44f59e6f7fb3,ok,
148,November,"Tyler, The Creator",,https://open.spotify.com/track/4XDpeWqPADoWRKcUY3dC84,4XDpeWqPADoWRKcUY3dC84,2017-07-21T00:00:00Z,225346,True,spotify:track:4XDpeWqPADoWRKcUY3dC84,https://image-cdn-fa.spotifycdn.com/image/ab67616d00001e028940ac99f49e44f59e6f7fb3,ok,
149,Where This Flower Blooms (feat. Frank Ocean),"Tyler, The Creator, Frank Ocean",,https://open.spotify.com/track/6KuXb26rHuRy3ZDse1VRmx,6KuXb26rHuRy3ZDse1VRmx,2017-07-21T00:00:00Z,194933,True,spotify:track:6KuXb26rHuRy3ZDse1VRmx,https://image-cdn-fa.spotifycdn.com/image/ab67616d00001e028940ac99f49e44f59e6f7fb3,ok,
150,DOGTOOTH,"Tyler, The Creator",,https://open.spotify.com/track/6OfOzTitafSnsaunQLuNFw,6OfOzTitafSnsaunQLuNFw,2023-03-31T00:00:00Z,161041,True,spotify:track:6OfOzTitafSnsaunQLuNFw,https://image-cdn-fa.spotifycdn.com/image/ab67616d00001e02aa95a399fd30fbb4f6f59fca,ok,
151,RUNITUP (feat. Teezo Touchdown),"Tyler, The Creator, Teezo Touchdown",,https://open.spotify.com/track/13HsOwrwTA5HgLuoaDHncP,13HsOwrwTA5HgLuoaDHncP,2021-06-25T00:00:00Z,229564,True,spotify:track:13HsOwrwTA5HgLuoaDHncP,https://image-cdn-fa.spotifycdn.com/image/ab67616d00001e02940aa635eea98719f6ca4ad9,ok,
152,JUGGERNAUT (feat. Lil Uzi Vert & Pharrell Williams),"Tyler, The Creator, Lil Uzi Vert, Pharrell Williams",,https://open.spotify.com/track/7z4xW9WY86uH3gd1V9pfCM,7z4xW9WY86uH3gd1V9pfCM,2021-06-25T00:00:00Z,146419,True,spotify:track:7z4xW9WY86uH3gd1V9pfCM,https://image-cdn-fa.spotifycdn.com/image/ab67616d00001e02940aa635eea98719f6ca4ad9,ok,
153,MASSA,"Tyler, The Creator",,https://open.spotify.com/track/2goHCrsDJaflEwQ930ef0o,2goHCrsDJaflEwQ930ef0o,2021-06-25T00:00:00Z,223718,True,spotify:track:2goHCrsDJaflEwQ930ef0o,https://image-cdn-fa.spotifycdn.com/image/ab67616d00001e02940aa635eea98719f6ca4ad9,ok,
154,Valerie,TV Girl,,https://open.spotify.com/track/1DPjbMypYp80indlQFWlya,1DPjbMypYp80indlQFWlya,2020-05-01T00:00:00Z,282500,False,spotify:track:1DPjbMypYp80indlQFWlya,https://image-cdn-fa.spotifycdn.com/image/ab67616d00001e02870138983fee24fe052d12af,ok,
155,Through The Wire,Kanye West,,https://open.spotify.com/track/4mmkhcEm1Ljy1U9nwtsxUo,4mmkhcEm1Ljy1U9nwtsxUo,2004-02-10T00:00:00Z,221226,True,spotify:track:4mmkhcEm1Ljy1U9nwtsxUo,https://image-cdn-fa.spotifycdn.com/image/ab67616d00001e0225b055377757b3cdd6f26b78,ok,
156,"2SEATER (feat. Aaron Shaw, Samantha Nelson & Austin Feinstein)","Tyler, The Creator, Aaron Shaw, Samantha Nelson, Austin Feinstein",,https://open.spotify.com/track/5LUJ8X9S6lJOeUwJkWqCeX,5LUJ8X9S6lJOeUwJkWqCeX,2015-04-13T00:00:00Z,409779,True,spotify:track:5LUJ8X9S6lJOeUwJkWqCeX,https://image-cdn-fa.spotifycdn.com/image/ab67616d00001e0237906edcfbfde42b203097f2,ok,
157,"BLOW MY LOAD (feat. Wanya Morris, Dâm-Funk, Austin Feinstein & Sydney Bennett)","Tyler, The Creator, Wanya Morris, DāM-FunK, Austin Feinstein, Syd",,https://open.spotify.com/track/57lHFW5RSl888Q1UionOXq,57lHFW5RSl888Q1UionOXq,2015-04-13T00:00:00Z,190284,True,spotify:track:57lHFW5RSl888Q1UionOXq,https://image-cdn-ak.spotifycdn.com/image/ab67616d00001e0237906edcfbfde42b203097f2,ok,
158,Family Business,Kanye West,,https://open.spotify.com/track/5DBmXF7QO43Cuy9yqva116,5DBmXF7QO43Cuy9yqva116,2004-02-10T00:00:00Z,278893,True,spotify:track:5DBmXF7QO43Cuy9yqva116,https://image-cdn-fa.spotifycdn.com/image/ab67616d00001e0225b055377757b3cdd6f26b78,ok,
159,Slow Jamz,"Twista, Kanye West, Jamie Foxx",,https://open.spotify.com/track/3A4cpTBPaIQdtPFb5JxtaX,3A4cpTBPaIQdtPFb5JxtaX,2004-02-10T00:00:00Z,316053,True,spotify:track:3A4cpTBPaIQdtPFb5JxtaX,https://image-cdn-fa.spotifycdn.com/image/ab67616d00001e0225b055377757b3cdd6f26b78,ok,
160,MANIFESTO (feat. Domo Genesis),"Tyler, The Creator, Domo Genesis",,https://open.spotify.com/track/6qouBO0wJtYc3k7DfKRUBx,6qouBO0wJtYc3k7DfKRUBx,2021-06-25T00:00:00Z,175122,True,spotify:track:6qouBO0wJtYc3k7DfKRUBx,https://image-cdn-ak.spotifycdn.com/image/ab67616d00001e02940aa635eea98719f6ca4ad9,ok,
161,Glitter,"Tyler, The Creator",,https://open.spotify.com/track/0qtK3XwbuG153dmwB8iepL,0qtK3XwbuG153dmwB8iepL,2017-07-21T00:00:00Z,224893,True,spotify:track:0qtK3XwbuG153dmwB8iepL,https://image-cdn-ak.spotifycdn.com/image/ab67616d00001e028940ac99f49e44f59e6f7fb3,ok,
162,WHAT'S GOOD,"Tyler, The Creator",,https://open.spotify.com/track/6bOkaEXc5CopinGazSLokx,6bOkaEXc5CopinGazSLokx,2019-05-17T00:00:00Z,205636,True,spotify:track:6bOkaEXc5CopinGazSLokx,https://image-cdn-fa.spotifycdn.com/image/ab67616d00001e0230a635de2bb0caa4e26f6abb,ok,
163,All I Need,Radiohead,,https://open.spotify.com/track/5Qv2Nby1xTr9pQyjkrc94J,5Qv2Nby1xTr9pQyjkrc94J,2007-12-28T00:00:00Z,228746,False,spotify:track:5Qv2Nby1xTr9pQyjkrc94J,https://image-cdn-fa.spotifycdn.com/image/ab67616d00001e02de3c04b5fc750b68899b20a9,ok,
164,Fake Plastic Trees,Radiohead,,https://open.spotify.com/track/73CKjW3vsUXRpy3NnX4H7F,73CKjW3vsUXRpy3NnX4H7F,1995-03-13T00:00:00Z,290706,False,spotify:track:73CKjW3vsUXRpy3NnX4H7F,https://image-cdn-fa.spotifycdn.com/image/ab67616d00001e029293c743fa542094336c5e12,ok,
165,Jigsaw Falling Into Place,Radiohead,,https://open.spotify.com/track/0YJ9FWWHn9EfnN0lHwbzvV,0YJ9FWWHn9EfnN0lHwbzvV,2007-12-28T00:00:00Z,248893,False,spotify:track:0YJ9FWWHn9EfnN0lHwbzvV,https://image-cdn-ak.spotifycdn.com/image/ab67616d00001e02de3c04b5fc750b68899b20a9,ok,
166,Just,Radiohead,,https://open.spotify.com/track/1dyTcli07c77mtQK3ahUZR,1dyTcli07c77mtQK3ahUZR,1995-03-13T00:00:00Z,234800,False,spotify:track:1dyTcli07c77mtQK3ahUZR,https://image-cdn-ak.spotifycdn.com/image/ab67616d00001e029293c743fa542094336c5e12,ok,
167,Stay Away (It's Like That),TV Girl,,https://open.spotify.com/track/2ua1rdhvncvBqACxCfTxL3,2ua1rdhvncvBqACxCfTxL3,2020-05-01T00:00:00Z,280500,False,spotify:track:2ua1rdhvncvBqACxCfTxL3,https://image-cdn-fa.spotifycdn.com/image/ab67616d00001e02870138983fee24fe052d12af,ok,
168,Lines to a Different Play,TV Girl,,https://open.spotify.com/track/2Eq0Kz6bt24mgQxZKBb4LT,2Eq0Kz6bt24mgQxZKBb4LT,2020-05-01T00:00:00Z,176750,False,spotify:track:2Eq0Kz6bt24mgQxZKBb4LT,https://image-cdn-ak.spotifycdn.com/image/ab67616d00001e02870138983fee24fe052d12af,ok,
169,High and Dry,Radiohead,,https://open.spotify.com/track/2a1iMaoWQ5MnvLFBDv4qkf,2a1iMaoWQ5MnvLFBDv4qkf,1995-03-13T00:00:00Z,257480,False,spotify:track:2a1iMaoWQ5MnvLFBDv4qkf,https://image-cdn-fa.spotifycdn.com/image/ab67616d00001e029293c743fa542094336c5e12,ok,
170,One Another,Mac DeMarco,,https://open.spotify.com/track/5gC8P6NwgqxcTYnwml5q5j,5gC8P6NwgqxcTYnwml5q5j,2017-05-05T00:00:00Z,166213,False,spotify:track:5gC8P6NwgqxcTYnwml5q5j,https://image-cdn-fa.spotifycdn.com/image/ab67616d00001e029f1b21f21b13ff2d3e891f6b,ok,
171,Watching Him Fade Away,Mac DeMarco,,https://open.spotify.com/track/2QzKAF0y1BQhxwg8N05Uog,2QzKAF0y1BQhxwg8N05Uog,2017-05-05T00:00:00Z,143080,False,spotify:track:2QzKAF0y1BQhxwg8N05Uog,https://image-cdn-fa.spotifycdn.com/image/ab67616d00001e029f1b21f21b13ff2d3e891f6b,ok,
172,Still Beating,Mac DeMarco,,https://open.spotify.com/track/4LpUpiYoZ2M3Z1kmhn4EQo,4LpUpiYoZ2M3Z1kmhn4EQo,2017-05-05T00:00:00Z,181586,False,spotify:track:4LpUpiYoZ2M3Z1kmhn4EQo,https://image-cdn-fa.spotifycdn.com/image/ab67616d00001e029f1b21f21b13ff2d3e891f6b,ok,
173,PUPPET,"Tyler, The Creator",,https://open.spotify.com/track/0wEC0GNF74lAqrEFZJMl1m,0wEC0GNF74lAqrEFZJMl1m,2019-05-17T00:00:00Z,179003,True,spotify:track:0wEC0GNF74lAqrEFZJMl1m,https://image-cdn-ak.spotifycdn.com/image/ab67616d00001e0230a635de2bb0caa4e26f6abb,ok,
174,20191009 I Like Her,Mac DeMarco,,https://open.spotify.com/track/3oUn55qKRZ1JFzfQNbJjS1,3oUn55qKRZ1JFzfQNbJjS1,2023-04-21T00:00:00Z,136888,False,spotify:track:3oUn55qKRZ1JFzfQNbJjS1,https://image-cdn-fa.spotifycdn.com/image/ab67616d00001e0240461e96808378ae2787a7e4,ok,
175,20191229,Mac DeMarco,,https://open.spotify.com/track/3KpA6ALjoDDe4tTjZWjqze,3KpA6ALjoDDe4tTjZWjqze,2023-04-21T00:00:00Z,375654,False,spotify:track:3KpA6ALjoDDe4tTjZWjqze,https://image-cdn-fa.spotifycdn.com/image/ab67616d00001e0240461e96808378ae2787a7e4,ok,
176,20200820 Turn My TV On,Mac DeMarco,,https://open.spotify.com/track/7ab0dshQmFwArA3EKBOcs5,7ab0dshQmFwArA3EKBOcs5,2023-04-21T00:00:00Z,180183,False,spotify:track:7ab0dshQmFwArA3EKBOcs5,https://image-cdn-fa.spotifycdn.com/image/ab67616d00001e0240461e96808378ae2787a7e4,ok,
177,20201203,Mac DeMarco,,https://open.spotify.com/track/1xxKHsbfPc2xzGLpEXpt55,1xxKHsbfPc2xzGLpEXpt55,2023-04-21T00:00:00Z,258522,False,spotify:track:1xxKHsbfPc2xzGLpEXpt55,https://image-cdn-fa.spotifycdn.com/image/ab67616d00001e0240461e96808378ae2787a7e4,ok,
178,Paranoid Android,Radiohead,,https://open.spotify.com/track/6LgJvl0Xdtc73RJ1mmpotq,6LgJvl0Xdtc73RJ1mmpotq,1997-05-28T00:00:00Z,387213,False,spotify:track:6LgJvl0Xdtc73RJ1mmpotq,https://image-cdn-fa.spotifycdn.com/image/ab67616d00001e02c8b444df094279e70d0ed856,ok,
179,Street Spirit (Fade Out),Radiohead,,https://open.spotify.com/track/2QwObYJWyJTiozvs0RI7CF,2QwObYJWyJTiozvs0RI7CF,1995-03-13T00:00:00Z,253853,False,spotify:track:2QwObYJWyJTiozvs0RI7CF,https://image-cdn-fa.spotifycdn.com/image/ab67616d00001e029293c743fa542094336c5e12,ok,
180,The Bends,Radiohead,,https://open.spotify.com/track/7oDFvnqXkXuiZa1sACXobj,7oDFvnqXkXuiZa1sACXobj,1995-03-13T00:00:00Z,246200,False,spotify:track:7oDFvnqXkXuiZa1sACXobj,https://image-cdn-fa.spotifycdn.com/image/ab67616d00001e029293c743fa542094336c5e12,ok,
181,Weird Fishes / Arpeggi,Radiohead,,https://open.spotify.com/track/4wajJ1o7jWIg62YqpkHC7S,4wajJ1o7jWIg62YqpkHC7S,2007-12-28T00:00:00Z,318186,False,spotify:track:4wajJ1o7jWIg62YqpkHC7S,https://image-cdn-ak.spotifycdn.com/image/ab67616d00001e02de3c04b5fc750b68899b20a9,ok,
182,"FIND YOUR WINGS (feat. Roy Ayers, Sydney Bennett & Kali Uchis)","Tyler, The Creator, Roy Ayers, Syd, Kali Uchis",,https://open.spotify.com/track/0mvnmLsfi9n5RjPIWzT6tY,0mvnmLsfi9n5RjPIWzT6tY,2015-04-13T00:00:00Z,179042,True,spotify:track:0mvnmLsfi9n5RjPIWzT6tY,https://image-cdn-ak.spotifycdn.com/image/ab67616d00001e0237906edcfbfde42b203097f2,ok,
183,Tron Cat,"Tyler, The Creator",,https://open.spotify.com/track/6M9QGHvB5BjAqUA5ftlBJW,6M9QGHvB5BjAqUA5ftlBJW,2011-05-09T00:00:00Z,253746,True,spotify:track:6M9QGHvB5BjAqUA5ftlBJW,https://image-cdn-ak.spotifycdn.com/image/ab67616d00001e0228ae9a159d24cb0ab2552712,ok,
184,Let Her Go,Mac DeMarco,,https://open.spotify.com/track/2JPlAh94PTtjZmCs2dY0P7,2JPlAh94PTtjZmCs2dY0P7,2014-04-01T00:00:00Z,182607,False,spotify:track:2JPlAh94PTtjZmCs2dY0P7,https://image-cdn-fa.spotifycdn.com/image/ab67616d00001e02ec6e9c13eeed14eedbd5f7c9,ok,
185,Domo23,"Tyler, The Creator",,https://open.spotify.com/track/75kiQfmmuQwgquZ9RLSvuA,75kiQfmmuQwgquZ9RLSvuA,2013-04-01T00:00:00Z,158778,True,spotify:track:75kiQfmmuQwgquZ9RLSvuA,https://image-cdn-fa.spotifycdn.com/image/ab67616d00001e02913f492347e1585748450855,ok,
186,Rusty (feat. Domo Genesis & Earl Sweatshirt),"Tyler, The Creator, Domo Genesis, Earl Sweatshirt",,https://open.spotify.com/track/4oQkcfukOHfKsmeoeXQLWC,4oQkcfukOHfKsmeoeXQLWC,2013-04-01T00:00:00Z,309711,True,spotify:track:4oQkcfukOHfKsmeoeXQLWC,https://image-cdn-fa.spotifycdn.com/image/ab67616d00001e02913f492347e1585748450855,ok,
187,Treehome95 (feat. Coco O. & Erykah Badu),"Tyler, The Creator, Coco O., Erykah Badu",,https://open.spotify.com/track/2vLwhcsvRd1f2ETft1kWDN,2vLwhcsvRd1f2ETft1kWDN,2013-04-01T00:00:00Z,180238,True,spotify:track:2vLwhcsvRd1f2ETft1kWDN,https://image-cdn-fa.spotifycdn.com/image/ab67616d00001e02913f492347e1585748450855,ok,
188,PartyIsntOver/Campfire/Bimmer (feat. Frank Ocean & Laetitia Sadier),"Tyler, The Creator, Frank Ocean, Laetitia Sadier",,https://open.spotify.com/track/04QTBqa3IA4ZAKEuqRPzEH,04QTBqa3IA4ZAKEuqRPzEH,2013-04-01T00:00:00Z,438512,True,spotify:track:04QTBqa3IA4ZAKEuqRPzEH,https://image-cdn-fa.spotifycdn.com/image/ab67616d00001e02913f492347e1585748450855,ok,
189,SORRY NOT SORRY,"Tyler, The Creator",,https://open.spotify.com/track/410ZZP746AQeiywhKvXWCo,410ZZP746AQeiywhKvXWCo,2023-03-31T00:00:00Z,206049,True,spotify:track:410ZZP746AQeiywhKvXWCo,https://image-cdn-ak.spotifycdn.com/image/ab67616d00001e02aa95a399fd30fbb4f6f59fca,ok,
190,"GONE, GONE / THANK YOU","Tyler, The Creator",,https://open.spotify.com/track/1hz7SRTGUNAtIQ46qiNv2p,1hz7SRTGUNAtIQ46qiNv2p,2019-05-17T00:00:00Z,375386,True,spotify:track:1hz7SRTGUNAtIQ46qiNv2p,https://image-cdn-fa.spotifycdn.com/image/ab67616d00001e0230a635de2bb0caa4e26f6abb,ok,
191,Salad Days,Mac DeMarco,,https://open.spotify.com/track/5VdaMUzoQetwxQwtWAd022,5VdaMUzoQetwxQwtWAd022,2014-04-01T00:00:00Z,145893,False,spotify:track:5VdaMUzoQetwxQwtWAd022,https://image-cdn-fa.spotifycdn.com/image/ab67616d00001e02ec6e9c13eeed14eedbd5f7c9,ok,
192,Passing Out Pieces,Mac DeMarco,,https://open.spotify.com/track/508eAloKwV2WF4Agk94rQB,508eAloKwV2WF4Agk94rQB,2014-04-01T00:00:00Z,167090,False,spotify:track:508eAloKwV2WF4Agk94rQB,https://image-cdn-ak.spotifycdn.com/image/ab67616d00001e02ec6e9c13eeed14eedbd5f7c9,ok,
193,Blue Boy,Mac DeMarco,,https://open.spotify.com/track/6drC7tBnx8AiYfTfBmDPVO,6drC7tBnx8AiYfTfBmDPVO,2014-04-01T00:00:00Z,126223,False,spotify:track:6drC7tBnx8AiYfTfBmDPVO,https://image-cdn-ak.spotifycdn.com/image/ab67616d00001e02ec6e9c13eeed14eedbd5f7c9,ok,
194,This Night Has Opened My Eyes - 2011 Remaster,The Smiths,,https://open.spotify.com/track/69Kzq3FMkDwiSFBQzRckFD,69Kzq3FMkDwiSFBQzRckFD,1984-01-01T00:00:00Z,221533,False,spotify:track:69Kzq3FMkDwiSFBQzRckFD,https://image-cdn-fa.spotifycdn.com/image/ab67616d00001e0204480d4422fe67d383386660,ok,
195,Garden Shed (feat. Estelle),"Tyler, The Creator, Estelle",,https://open.spotify.com/track/6ACiYjq5Q7e6BlhZEHz7cd,6ACiYjq5Q7e6BlhZEHz7cd,2017-07-21T00:00:00Z,223946,True,spotify:track:6ACiYjq5Q7e6BlhZEHz7cd,https://image-cdn-fa.spotifycdn.com/image/ab67616d00001e028940ac99f49e44f59e6f7fb3,ok,
196,Droppin' Seeds (feat. Lil' Wayne),"Tyler, The Creator, Lil Wayne",,https://open.spotify.com/track/39u2PsqrAZpZ0KPx6CjasV,39u2PsqrAZpZ0KPx6CjasV,2017-07-21T00:00:00Z,60000,True,spotify:track:39u2PsqrAZpZ0KPx6CjasV,https://image-cdn-fa.spotifycdn.com/image/ab67616d00001e028940ac99f49e44f59e6f7fb3,ok,
197,Who Dat Boy (feat. A$AP Rocky),"Tyler, The Creator, A$AP Rocky",,https://open.spotify.com/track/21yRtB6B8EMounImAfHRCP,21yRtB6B8EMounImAfHRCP,2017-07-21T00:00:00Z,205093,True,spotify:track:21yRtB6B8EMounImAfHRCP,https://image-cdn-fa.spotifycdn.com/image/ab67616d00001e028940ac99f49e44f59e6f7fb3,ok,
198,Pothole (feat. Jaden Smith),"Tyler, The Creator, Alexander Brettin, Jaden",,https://open.spotify.com/track/5SxlUF7J8tyFIEF22EomeP,5SxlUF7J8tyFIEF22EomeP,2017-07-21T00:00:00Z,237000,True,spotify:track:5SxlUF7J8tyFIEF22EomeP,https://image-cdn-fa.spotifycdn.com/image/ab67616d00001e028940ac99f49e44f59e6f7fb3,ok,
199,Gold Digger,"Kanye West, Jamie Foxx",,https://open.spotify.com/track/1PS1QMdUqOal0ai3Gt7sDQ,1PS1QMdUqOal0ai3Gt7sDQ,2005-08-30T00:00:00Z,207626,True,spotify:track:1PS1QMdUqOal0ai3Gt7sDQ,https://image-cdn-ak.spotifycdn.com/image/ab67616d00001e02d79ba8ad2be777bad0e9924b,ok,
200,Roses,Kanye West,,https://open.spotify.com/track/2DHNCWZYmVr1Lv08q5b0kB,2DHNCWZYmVr1Lv08q5b0kB,2005-08-30T00:00:00Z,245866,True,spotify:track:2DHNCWZYmVr1Lv08q5b0kB,https://image-cdn-ak.spotifycdn.com/image/ab67616d00001e02d79ba8ad2be777bad0e9924b,ok,
201,We Major,"Kanye West, Nas, Really Doe",,https://open.spotify.com/track/46fk9wjYcPm0sgym2b7EEE,46fk9wjYcPm0sgym2b7EEE,2005-08-30T00:00:00Z,448000,True,spotify:track:46fk9wjYcPm0sgym2b7EEE,https://image-cdn-fa.spotifycdn.com/image/ab67616d00001e02d79ba8ad2be777bad0e9924b,ok,
202,Touch The Sky,"Kanye West, Lupe Fiasco",,https://open.spotify.com/track/2dxjKgT0li4qBI3QwuN9Ih,2dxjKgT0li4qBI3QwuN9Ih,2005-08-30T00:00:00Z,236600,True,spotify:track:2dxjKgT0li4qBI3QwuN9Ih,https://image-cdn-fa.spotifycdn.com/image/ab67616d00001e02d79ba8ad2be777bad0e9924b,ok,
203,Colossus,"Tyler, The Creator",,https://open.spotify.com/track/5AnVuHLmgipXkFmBvj2Q6H,5AnVuHLmgipXkFmBvj2Q6H,2013-04-01T00:00:00Z,213339,True,spotify:track:5AnVuHLmgipXkFmBvj2Q6H,https://image-cdn-fa.spotifycdn.com/image/ab67616d00001e02913f492347e1585748450855,ok,
204,Good Life,"Kanye West, T-Pain",,https://open.spotify.com/track/4ZPdLEztrlZqbJkgHNw54L,4ZPdLEztrlZqbJkgHNw54L,2007-09-11T00:00:00Z,207000,True,spotify:track:4ZPdLEztrlZqbJkgHNw54L,https://image-cdn-fa.spotifycdn.com/image/ab67616d00001e0226f7f19c7f0381e56156c94a,ok,
205,"OKAGA, CA (feat. Alice Smith, Leon Ware & Clem Creevy)","Tyler, The Creator, Alice Smith, Leon Ware, Clem Creevy",,https://open.spotify.com/track/3QZY1nrt8MKrlnotFwRwcm,3QZY1nrt8MKrlnotFwRwcm,2015-04-13T00:00:00Z,397384,True,spotify:track:3QZY1nrt8MKrlnotFwRwcm,https://image-cdn-fa.spotifycdn.com/image/ab67616d00001e0237906edcfbfde42b203097f2,ok,
206,Rude Buster,Toby Fox,,https://open.spotify.com/track/322mgWaD4DetiHmoDVlwWc,322mgWaD4DetiHmoDVlwWc,2018-11-01T00:00:00Z,75428,False,spotify:track:322mgWaD4DetiHmoDVlwWc,https://image-cdn-fa.spotifycdn.com/image/ab67616d00001e0206f2539e9993e43ae9adcc69,ok,
207,BIG SHOT,Toby Fox,,https://open.spotify.com/track/2hpQl8ryv3IonCg9LiAtGT,2hpQl8ryv3IonCg9LiAtGT,2021-09-17T00:00:00Z,142285,False,spotify:track:2hpQl8ryv3IonCg9LiAtGT,https://image-cdn-fa.spotifycdn.com/image/ab67616d00001e024e48efe54e29fa5dc5e0a0d6,ok,
208,Black Knife,Toby Fox,,https://open.spotify.com/track/3TXV0txNTcLXCktESOcMuG,3TXV0txNTcLXCktESOcMuG,2025-06-04T00:00:00Z,117152,False,spotify:track:3TXV0txNTcLXCktESOcMuG,https://image-cdn-fa.spotifycdn.com/image/ab67616d00001e02621cc0005f96f364756205ef,ok,
209,Field of Hopes and Dreams,Toby Fox,,https://open.spotify.com/track/2W90IO8eRnFg1qsPunKm9B,2W90IO8eRnFg1qsPunKm9B,2018-11-01T00:00:00Z,161280,False,spotify:track:2W90IO8eRnFg1qsPunKm9B,https://image-cdn-ak.spotifycdn.com/image/ab67616d00001e0206f2539e9993e43ae9adcc69,ok,
210,Father Stretch My Hands Pt. 1,Kanye West,,https://open.spotify.com/track/4KW1lqgSr8TKrvBII0Brf8,4KW1lqgSr8TKrvBII0Brf8,2016-06-10T00:00:00Z,135920,True,spotify:track:4KW1lqgSr8TKrvBII0Brf8,https://image-cdn-fa.spotifycdn.com/image/ab67616d00001e022a7db835b912dc5014bd37f4,ok,
211,Brother,Mac DeMarco,,https://open.spotify.com/track/2y5JrQefAWnrPQqYb2byTp,2y5JrQefAWnrPQqYb2byTp,2014-04-01T00:00:00Z,212746,False,spotify:track:2y5JrQefAWnrPQqYb2byTp,https://image-cdn-fa.spotifycdn.com/image/ab67616d00001e02ec6e9c13eeed14eedbd5f7c9,ok,
212,Treat Her Better,Mac DeMarco,,https://open.spotify.com/track/0yzbBhKzbPnAwxT1UNKfHS,0yzbBhKzbPnAwxT1UNKfHS,2014-04-01T00:00:00Z,229120,False,spotify:track:0yzbBhKzbPnAwxT1UNKfHS,https://image-cdn-ak.spotifycdn.com/image/ab67616d00001e02ec6e9c13eeed14eedbd5f7c9,ok,
213,Preoccupied,Mac DeMarco,,https://open.spotify.com/track/6N4WUdbz6HVKy6u6JX1KqK,6N4WUdbz6HVKy6u6JX1KqK,2019-05-10T00:00:00Z,239645,False,spotify:track:6N4WUdbz6HVKy6u6JX1KqK,https://image-cdn-ak.spotifycdn.com/image/ab67616d00001e022866217fb30f5428cd77fde4,ok,
214,Nobody,Mac DeMarco,,https://open.spotify.com/track/42EMSKPgulAzr4RLY65Eut,42EMSKPgulAzr4RLY65Eut,2019-05-10T00:00:00Z,212460,False,spotify:track:42EMSKPgulAzr4RLY65Eut,https://image-cdn-fa.spotifycdn.com/image/ab67616d00001e022866217fb30f5428cd77fde4,ok,
215,Ode to Viceroy,Mac DeMarco,,https://open.spotify.com/track/6WZjjf4mKurHPC5BhdGwet,6WZjjf4mKurHPC5BhdGwet,2012-10-16T00:00:00Z,233817,False,spotify:track:6WZjjf4mKurHPC5BhdGwet,https://image-cdn-fa.spotifycdn.com/image/ab67616d00001e029d377496c6bc8724b521222d,ok,
216,On the Level,Mac DeMarco,,https://open.spotify.com/track/4RpwQDPnn1GhWpZooUcCzd,4RpwQDPnn1GhWpZooUcCzd,2017-05-05T00:00:00Z,227653,False,spotify:track:4RpwQDPnn1GhWpZooUcCzd,https://image-cdn-fa.spotifycdn.com/image/ab67616d00001e029f1b21f21b13ff2d3e891f6b,ok,
217,This Old Dog,Mac DeMarco,,https://open.spotify.com/track/2RwOqicYzwMSuzKzHx78jm,2RwOqicYzwMSuzKzHx78jm,2017-05-05T00:00:00Z,150546,False,spotify:track:2RwOqicYzwMSuzKzHx78jm,https://image-cdn-ak.spotifycdn.com/image/ab67616d00001e029f1b21f21b13ff2d3e891f6b,ok,
218,Just for Kicks (“Meat Grinder” demo),"Madvillain, Madlib, MF DOOM",,https://open.spotify.com/track/0xSGp6VPeckr3Inxz3IrA9,0xSGp6VPeckr3Inxz3IrA9,2025-01-31T00:00:00Z,166016,True,spotify:track:0xSGp6VPeckr3Inxz3IrA9,https://image-cdn-fa.spotifycdn.com/image/ab67616d00001e023c66f592786dcb7a9f1e2abc,ok,
219,All Caps (demo),"Madvillain, Madlib, MF DOOM",,https://open.spotify.com/track/45uVJD9hneCkojv51Bqjbh,45uVJD9hneCkojv51Bqjbh,2025-01-31T00:00:00Z,140254,True,spotify:track:45uVJD9hneCkojv51Bqjbh,https://image-cdn-fa.spotifycdn.com/image/ab67616d00001e023c66f592786dcb7a9f1e2abc,ok,
220,Spaceship,"Kanye West, GLC, Consequence",,https://open.spotify.com/track/1ko2NuvWlQdxtNRc8QQzmT,1ko2NuvWlQdxtNRc8QQzmT,2004-02-10T00:00:00Z,324226,True,spotify:track:1ko2NuvWlQdxtNRc8QQzmT,https://image-cdn-fa.spotifycdn.com/image/ab67616d00001e0225b055377757b3cdd6f26b78,ok,
221,Summer 2000 Baby,"TV Girl, George Clanton",,https://open.spotify.com/track/5qdw9BTJbwzWSZa1sbNF3I,5qdw9BTJbwzWSZa1sbNF3I,2025-04-04T00:00:00Z,242410,False,spotify:track:5qdw9BTJbwzWSZa1sbNF3I,https://image-cdn-ak.spotifycdn.com/image/ab67616d00001e029975e758f8df5f3704c521c7,ok,
222,Everything Blue,"TV Girl, George Clanton",,https://open.spotify.com/track/0MVArgwbzjW5cq0k1n653U,0MVArgwbzjW5cq0k1n653U,2025-04-04T00:00:00Z,222520,False,spotify:track:0MVArgwbzjW5cq0k1n653U,https://image-cdn-ak.spotifycdn.com/image/ab67616d00001e029975e758f8df5f3704c521c7,ok,
223,Fauxllennium,"TV Girl, George Clanton",,https://open.spotify.com/track/5LekwQKwkOMDI5ReBINCsE,5LekwQKwkOMDI5ReBINCsE,2025-04-04T00:00:00Z,188533,True,spotify:track:5LekwQKwkOMDI5ReBINCsE,https://image-cdn-fa.spotifycdn.com/image/ab67616d00001e029975e758f8df5f3704c521c7,ok,
224,Butterflies,"TV Girl, George Clanton, Jordana",,https://open.spotify.com/track/7o8eBkv8qgQLzK5xsLf9Rz,7o8eBkv8qgQLzK5xsLf9Rz,2025-04-04T00:00:00Z,250624,False,spotify:track:7o8eBkv8qgQLzK5xsLf9Rz,https://image-cdn-fa.spotifycdn.com/image/ab67616d00001e029975e758f8df5f3704c521c7,ok,
225,Take a Trip,"TV Girl, George Clanton",,https://open.spotify.com/track/13wVkzJONjDRVomOFDc9FO,13wVkzJONjDRVomOFDc9FO,2025-04-04T00:00:00Z,239999,False,spotify:track:13wVkzJONjDRVomOFDc9FO,https://image-cdn-fa.spotifycdn.com/image/ab67616d00001e029975e758f8df5f3704c521c7,ok,
226,The Sweet Life,"TV Girl, George Clanton",,https://open.spotify.com/track/4vtxiwfJhXdHL7tedDquRF,4vtxiwfJhXdHL7tedDquRF,2025-04-04T00:00:00Z,251545,False,spotify:track:4vtxiwfJhXdHL7tedDquRF,https://image-cdn-ak.spotifycdn.com/image/ab67616d00001e029975e758f8df5f3704c521c7,ok,
227,Yesterday's World,"TV Girl, George Clanton",,https://open.spotify.com/track/2rSFiiB3Xw54a0WpcKKHWc,2rSFiiB3Xw54a0WpcKKHWc,2025-04-04T00:00:00Z,246613,False,spotify:track:2rSFiiB3Xw54a0WpcKKHWc,https://image-cdn-fa.spotifycdn.com/image/ab67616d00001e029975e758f8df5f3704c521c7,ok,
228,Messy Hair,"TV Girl, George Clanton, Magdalena Bay",,https://open.spotify.com/track/5TBvQZLNHpCvYLiO98FjEg,5TBvQZLNHpCvYLiO98FjEg,2025-04-04T00:00:00Z,116000,False,spotify:track:5TBvQZLNHpCvYLiO98FjEg,https://image-cdn-fa.spotifycdn.com/image/ab67616d00001e029975e758f8df5f3704c521c7,ok,
229,Yr Not Invited,"TV Girl, George Clanton",,https://open.spotify.com/track/2Wx6ZasctkEcbGaXROmI5H,2Wx6ZasctkEcbGaXROmI5H,2025-04-04T00:00:00Z,223500,True,spotify:track:2Wx6ZasctkEcbGaXROmI5H,https://image-cdn-fa.spotifycdn.com/image/ab67616d00001e029975e758f8df5f3704c521c7,ok,
230,Poison Ooze,"TV Girl, George Clanton, Frankie Cosmos",,https://open.spotify.com/track/2NxzAkv2dMpVKBIQV5pk1R,2NxzAkv2dMpVKBIQV5pk1R,2025-04-04T00:00:00Z,264000,False,spotify:track:2NxzAkv2dMpVKBIQV5pk1R,https://image-cdn-ak.spotifycdn.com/image/ab67616d00001e029975e758f8df5f3704c521c7,ok,
231,Ketamine Girl,"TV Girl, George Clanton, Maddie Acid",,https://open.spotify.com/track/6L9r7bJ2NUZdCX1Ka78T48,6L9r7bJ2NUZdCX1Ka78T48,2025-04-04T00:00:00Z,188000,True,spotify:track:6L9r7bJ2NUZdCX1Ka78T48,https://image-cdn-fa.spotifycdn.com/image/ab67616d00001e029975e758f8df5f3704c521c7,ok,
232,I'm Not Real,"TV Girl, George Clanton, PYNKIE",,https://open.spotify.com/track/5orowQ6beVUenrdY4ZCZTc,5orowQ6beVUenrdY4ZCZTc,2025-04-04T00:00:00Z,207000,False,spotify:track:5orowQ6beVUenrdY4ZCZTc,https://image-cdn-fa.spotifycdn.com/image/ab67616d00001e029975e758f8df5f3704c521c7,ok,
233,Dark Fantasy,Kanye West,,https://open.spotify.com/track/7yNK27ZTpHew0c55VvIJgm,7yNK27ZTpHew0c55VvIJgm,2010-11-22T00:00:00Z,280786,True,spotify:track:7yNK27ZTpHew0c55VvIJgm,https://image-cdn-ak.spotifycdn.com/image/ab67616d00001e02d9194aa18fa4c9362b47464f,ok,
234,Devil In A New Dress,"Kanye West, Rick Ross",,https://open.spotify.com/track/1UGD3lW3tDmgZfAVDh6w7r,1UGD3lW3tDmgZfAVDh6w7r,2010-11-22T00:00:00Z,351946,True,spotify:track:1UGD3lW3tDmgZfAVDh6w7r,https://image-cdn-ak.spotifycdn.com/image/ab67616d00001e02d9194aa18fa4c9362b47464f,ok,
235,Metamodernity,Vansire,,https://open.spotify.com/track/4RGWHfQeJftd5XrP8JUgFj,4RGWHfQeJftd5XrP8JUgFj,2019-06-11T00:00:00Z,162663,False,spotify:track:4RGWHfQeJftd5XrP8JUgFj,https://image-cdn-fa.spotifycdn.com/image/ab67616d00001e0234a91a2fad5a628c55811518,ok,
236,Another One,Mac DeMarco,,https://open.spotify.com/track/63q9LqTK5iiZLy3cTvLMUf,63q9LqTK5iiZLy3cTvLMUf,2015-08-07T00:00:00Z,160991,False,spotify:track:63q9LqTK5iiZLy3cTvLMUf,https://image-cdn-fa.spotifycdn.com/image/ab67616d00001e02b395acedffa5fa8e7696aea2,ok,
237,Doomsday,"MF DOOM, Pebbles The Invisible Girl",,https://open.spotify.com/track/7EQvdUJqZ2i7SWvSB2VqGA,7EQvdUJqZ2i7SWvSB2VqGA,1999-10-19T00:00:00Z,298053,True,spotify:track:7EQvdUJqZ2i7SWvSB2VqGA,https://image-cdn-fa.spotifycdn.com/image/ab67616d00001e026ce90ec627a0198a8efd127f,ok,
238,Gas Drawls,MF DOOM,,https://open.spotify.com/track/2x98hOxbd1cnV6AKhPRUcX,2x98hOxbd1cnV6AKhPRUcX,1999-10-19T00:00:00Z,223493,True,spotify:track:2x98hOxbd1cnV6AKhPRUcX,https://image-cdn-fa.spotifycdn.com/image/ab67616d00001e026ce90ec627a0198a8efd127f,ok,
239,Red and Gold,"MF DOOM, King Ghidra",,https://open.spotify.com/track/1a1LNRtmRJ46EqjVja044n,1a1LNRtmRJ46EqjVja044n,1999-10-19T00:00:00Z,282680,True,spotify:track:1a1LNRtmRJ46EqjVja044n,https://image-cdn-fa.spotifycdn.com/image/ab67616d00001e026ce90ec627a0198a8efd127f,ok,
240,Honey,Vacations,,https://open.spotify.com/track/7IBzp33O4Hjr92wXtH3yQJ,7IBzp33O4Hjr92wXtH3yQJ,2018-01-01T00:00:00Z,139605,False,spotify:track:7IBzp33O4Hjr92wXtH3yQJ,https://image-cdn-ak.spotifycdn.com/image/ab67616d00001e022eb4d117b70ea7ac2c24e316,ok,
241,Moving Out,Vacations,,https://open.spotify.com/track/3MfS8Sw9ioXfWF6X9PEAgL,3MfS8Sw9ioXfWF6X9PEAgL,2018-01-01T00:00:00Z,190962,False,spotify:track:3MfS8Sw9ioXfWF6X9PEAgL,https://image-cdn-ak.spotifycdn.com/image/ab67616d00001e022eb4d117b70ea7ac2c24e316,ok,
242,Steady,Vacations,,https://open.spotify.com/track/4VjG1jgzgfCuttqVc6DHYF,4VjG1jgzgfCuttqVc6DHYF,2018-01-01T00:00:00Z,204997,False,spotify:track:4VjG1jgzgfCuttqVc6DHYF,https://image-cdn-fa.spotifycdn.com/image/ab67616d00001e022eb4d117b70ea7ac2c24e316,ok,
243,Hell Of A Life,Kanye West,,https://open.spotify.com/track/3rCNmRonlHN1TXQLcG3dSk,3rCNmRonlHN1TXQLcG3dSk,2010-11-22T00:00:00Z,327786,True,spotify:track:3rCNmRonlHN1TXQLcG3dSk,https://image-cdn-fa.spotifycdn.com/image/ab67616d00001e02d9194aa18fa4c9362b47464f,ok,
244,Young,Vacations,,https://open.spotify.com/track/1KIJclzEbNhSVw8tiHPWwE,1KIJclzEbNhSVw8tiHPWwE,2016-01-01T00:00:00Z,189160,False,spotify:track:1KIJclzEbNhSVw8tiHPWwE,https://image-cdn-ak.spotifycdn.com/image/ab67616d00001e023fe10c957fc57e5dd7c1db24,ok,
245,Relax,Vacations,,https://open.spotify.com/track/5TuTHrKzN6NweeQaKkBNb7,5TuTHrKzN6NweeQaKkBNb7,2016-01-01T00:00:00Z,158573,False,spotify:track:5TuTHrKzN6NweeQaKkBNb7,https://image-cdn-fa.spotifycdn.com/image/ab67616d00001e023fe10c957fc57e5dd7c1db24,ok,
246,Home,Vacations,,https://open.spotify.com/track/1TQuqiFxqnVeez9OMq3emB,1TQuqiFxqnVeez9OMq3emB,2016-01-01T00:00:00Z,145666,False,spotify:track:1TQuqiFxqnVeez9OMq3emB,https://image-cdn-ak.spotifycdn.com/image/ab67616d00001e023fe10c957fc57e5dd7c1db24,ok,
247,Easier to Cry,TV Girl,,https://open.spotify.com/track/0uQ7HycayQUrj7Y8eh9OK5,0uQ7HycayQUrj7Y8eh9OK5,2013-06-18T00:00:00Z,194910,False,spotify:track:0uQ7HycayQUrj7Y8eh9OK5,https://image-cdn-fa.spotifycdn.com/image/ab67616d00001e02ecf2eb70f21d2ef61680ab72,ok,
248,My Girlfriend,TV Girl,,https://open.spotify.com/track/36RNOJkIDAoyfEOHdLhmD3,36RNOJkIDAoyfEOHdLhmD3,2013-06-18T00:00:00Z,248222,False,spotify:track:36RNOJkIDAoyfEOHdLhmD3,https://image-cdn-fa.spotifycdn.com/image/ab67616d00001e02ecf2eb70f21d2ef61680ab72,ok,
249,Melanie,TV Girl,,https://open.spotify.com/track/3D8aCumqG5rdGNdQ6a9RZ1,3D8aCumqG5rdGNdQ6a9RZ1,2013-06-18T00:00:00Z,278228,False,spotify:track:3D8aCumqG5rdGNdQ6a9RZ1,https://image-cdn-fa.spotifycdn.com/image/ab67616d00001e02ecf2eb70f21d2ef61680ab72,ok,
250,School,Toby Fox,,https://open.spotify.com/track/1xIYcuzRrYEfMkh7CjSKoF,1xIYcuzRrYEfMkh7CjSKoF,2018-11-01T00:00:00Z,80000,False,spotify:track:1xIYcuzRrYEfMkh7CjSKoF,https://image-cdn-fa.spotifycdn.com/image/ab67616d00001e0206f2539e9993e43ae9adcc69,ok,
251,Away,Vacations,,https://open.spotify.com/track/2NaGl56lq71UMzDSI8jmJ3,2NaGl56lq71UMzDSI8jmJ3,2016-01-01T00:00:00Z,162333,False,spotify:track:2NaGl56lq71UMzDSI8jmJ3,https://image-cdn-ak.spotifycdn.com/image/ab67616d00001e023fe10c957fc57e5dd7c1db24,ok,
252,Soft,Vacations,,https://open.spotify.com/track/7B5mD7G10VxLa580cklkZR,7B5mD7G10VxLa580cklkZR,2018-01-01T00:00:00Z,183930,False,spotify:track:7B5mD7G10VxLa580cklkZR,https://image-cdn-fa.spotifycdn.com/image/ab67616d00001e022eb4d117b70ea7ac2c24e316,ok,
253,Midwest,Vacations,,https://open.spotify.com/track/56vEHHaPS9pz3rVODN6b1O,56vEHHaPS9pz3rVODN6b1O,2024-01-12T00:00:00Z,248135,False,spotify:track:56vEHHaPS9pz3rVODN6b1O,https://image-cdn-ak.spotifycdn.com/image/ab67616d00001e02a4edab0b72d923e3153aa6f3,ok,
254,Next Exit,Vacations,,https://open.spotify.com/track/3aI2wWEeNmtYDvsAyJahyi,3aI2wWEeNmtYDvsAyJahyi,2024-01-12T00:00:00Z,201000,False,spotify:track:3aI2wWEeNmtYDvsAyJahyi,https://image-cdn-ak.spotifycdn.com/image/ab67616d00001e02a4edab0b72d923e3153aa6f3,ok,
255,Glow,Vacations,,https://open.spotify.com/track/5n0abEPD52UfSS1g8FnnJs,5n0abEPD52UfSS1g8FnnJs,2020-09-18T00:00:00Z,197478,False,spotify:track:5n0abEPD52UfSS1g8FnnJs,https://image-cdn-fa.spotifycdn.com/image/ab67616d00001e023e4874a1d60cf1eb18aebe66,ok,
256,"Analog 2 (feat. Tyler, The Creator, Frank Ocean & Sydney Bennett)","Odd Future, Tyler, The Creator, Frank Ocean, Syd",,https://open.spotify.com/track/0d8ONGx43ZprlHlmLZODpD,0d8ONGx43ZprlHlmLZODpD,2012-03-16T00:00:00Z,276386,True,spotify:track:0d8ONGx43ZprlHlmLZODpD,https://image-cdn-fa.spotifycdn.com/image/ab67616d00001e021dd05262c971257279fcaf61,ok,
257,Over You,Vacations,,https://open.spotify.com/track/1y1EwXHdAIyt23LJs96bhH,1y1EwXHdAIyt23LJs96bhH,2024-01-12T00:00:00Z,146904,False,spotify:track:1y1EwXHdAIyt23LJs96bhH,https://image-cdn-fa.spotifycdn.com/image/ab67616d00001e02a4edab0b72d923e3153aa6f3,ok,
258,Close Quarters,Vacations,,https://open.spotify.com/track/2v7IbbsNI5Q5ofNXUcuqHd,2v7IbbsNI5Q5ofNXUcuqHd,2024-01-12T00:00:00Z,220813,False,spotify:track:2v7IbbsNI5Q5ofNXUcuqHd,https://image-cdn-ak.spotifycdn.com/image/ab67616d00001e02a4edab0b72d923e3153aa6f3,ok,
259,Terms & Conditions,Vacations,,https://open.spotify.com/track/1qxhkz189mhlWKpkaevHPT,1qxhkz189mhlWKpkaevHPT,2024-01-12T00:00:00Z,244909,False,spotify:track:1qxhkz189mhlWKpkaevHPT,https://image-cdn-ak.spotifycdn.com/image/ab67616d00001e02a4edab0b72d923e3153aa6f3,ok,
260,Dave Brubeck,Vacations,,https://open.spotify.com/track/65lzFYusbDhjbqB1qFZUtG,65lzFYusbDhjbqB1qFZUtG,2016-01-01T00:00:00Z,124253,False,spotify:track:65lzFYusbDhjbqB1qFZUtG,https://image-cdn-fa.spotifycdn.com/image/ab67616d00001e023fe10c957fc57e5dd7c1db24,ok,
261,My Old Man,Mac DeMarco,,https://open.spotify.com/track/4ewRM5SP4YhmlfKhi5uSjS,4ewRM5SP4YhmlfKhi5uSjS,2017-05-05T00:00:00Z,221653,False,spotify:track:4ewRM5SP4YhmlfKhi5uSjS,https://image-cdn-ak.spotifycdn.com/image/ab67616d00001e029f1b21f21b13ff2d3e891f6b,ok,
262,Dreams from Yesterday,Mac DeMarco,,https://open.spotify.com/track/49iNhnDmNnHYxPvEIVtPiN,49iNhnDmNnHYxPvEIVtPiN,2017-05-05T00:00:00Z,207160,False,spotify:track:49iNhnDmNnHYxPvEIVtPiN,https://image-cdn-fa.spotifycdn.com/image/ab67616d00001e029f1b21f21b13ff2d3e891f6b,ok,
263,One More Love Song,Mac DeMarco,,https://open.spotify.com/track/0v8J17a6cO0wWp7z731GTd,0v8J17a6cO0wWp7z731GTd,2017-05-05T00:00:00Z,241066,False,spotify:track:0v8J17a6cO0wWp7z731GTd,https://image-cdn-fa.spotifycdn.com/image/ab67616d00001e029f1b21f21b13ff2d3e891f6b,ok,
264,The Stars Keep On Calling My Name,Mac DeMarco,,https://open.spotify.com/track/56KPaXhRx8U6YB2stCJEgY,56KPaXhRx8U6YB2stCJEgY,2012-10-16T00:00:00Z,142769,False,spotify:track:56KPaXhRx8U6YB2stCJEgY,https://image-cdn-ak.spotifycdn.com/image/ab67616d00001e029d377496c6bc8724b521222d,ok,
265,On The Square,Mac DeMarco,,https://open.spotify.com/track/1WyEXbMQLt9szrhDos1uz8,1WyEXbMQLt9szrhDos1uz8,2019-05-10T00:00:00Z,209393,False,spotify:track:1WyEXbMQLt9szrhDos1uz8,https://image-cdn-ak.spotifycdn.com/image/ab67616d00001e022866217fb30f5428cd77fde4,ok,
266,All Of Our Yesterdays,Mac DeMarco,,https://open.spotify.com/track/2N16QiEd8CZoEApMGj95wo,2N16QiEd8CZoEApMGj95wo,2019-05-10T00:00:00Z,243659,False,spotify:track:2N16QiEd8CZoEApMGj95wo,https://image-cdn-ak.spotifycdn.com/image/ab67616d00001e022866217fb30f5428cd77fde4,ok,
267,Let My Baby Stay,Mac DeMarco,,https://open.spotify.com/track/4UeeEpl4omoe9T9U1ULVL4,4UeeEpl4omoe9T9U1ULVL4,2014-04-01T00:00:00Z,248171,False,spotify:track:4UeeEpl4omoe9T9U1ULVL4,https://image-cdn-fa.spotifycdn.com/image/ab67616d00001e02ec6e9c13eeed14eedbd5f7c9,ok,
268,Lost in Translation,Vacations,,https://open.spotify.com/track/7xpem9dS5oxDHXt9pegb1B,7xpem9dS5oxDHXt9pegb1B,2024-01-12T00:00:00Z,176535,True,spotify:track:7xpem9dS5oxDHXt9pegb1B,https://image-cdn-fa.spotifycdn.com/image/ab67616d00001e02a4edab0b72d923e3153aa6f3,ok,
269,Arizona,Vacations,,https://open.spotify.com/track/26EpH7FxMFHUUawPyTe0h0,26EpH7FxMFHUUawPyTe0h0,2024-01-12T00:00:00Z,120000,False,spotify:track:26EpH7FxMFHUUawPyTe0h0,https://image-cdn-ak.spotifycdn.com/image/ab67616d00001e02a4edab0b72d923e3153aa6f3,ok,
270,Off-Season,Vacations,,https://open.spotify.com/track/5ENkNP6wH3UiNf3qdpHCbj,5ENkNP6wH3UiNf3qdpHCbj,2024-01-12T00:00:00Z,184772,False,spotify:track:5ENkNP6wH3UiNf3qdpHCbj,https://image-cdn-fa.spotifycdn.com/image/ab67616d00001e02a4edab0b72d923e3153aa6f3,ok,
271,No Place Like Home,Vacations,,https://open.spotify.com/track/0aTEploFYEQ2ClRxjcH5kQ,0aTEploFYEQ2ClRxjcH5kQ,2024-01-12T00:00:00Z,205333,False,spotify:track:0aTEploFYEQ2ClRxjcH5kQ,https://image-cdn-fa.spotifycdn.com/image/ab67616d00001e02a4edab0b72d923e3153aa6f3,ok,
272,Slow Motion,Vacations,,https://open.spotify.com/track/6GKz64E9u359PGLJHXuJCB,6GKz64E9u359PGLJHXuJCB,2024-01-12T00:00:00Z,214714,False,spotify:track:6GKz64E9u359PGLJHXuJCB,https://image-cdn-fa.spotifycdn.com/image/ab67616d00001e02a4edab0b72d923e3153aa6f3,ok,
273,Anything Could Happen,Vacations,,https://open.spotify.com/track/65UH4hCNQjK2SFRFOAQKrt,65UH4hCNQjK2SFRFOAQKrt,2018-01-01T00:00:00Z,241682,False,spotify:track:65UH4hCNQjK2SFRFOAQKrt,https://image-cdn-fa.spotifycdn.com/image/ab67616d00001e022eb4d117b70ea7ac2c24e316,ok,
274,Be There,Vacations,,https://open.spotify.com/track/5qWKYsSA2M9qifunTM4uuf,5qWKYsSA2M9qifunTM4uuf,2018-01-01T00:00:00Z,182602,False,spotify:track:5qWKYsSA2M9qifunTM4uuf,https://image-cdn-ak.spotifycdn.com/image/ab67616d00001e022eb4d117b70ea7ac2c24e316,ok,
275,Avalanche,Vacations,,https://open.spotify.com/track/7z7FKoQ9LpMXuS8W9KfV6R,7z7FKoQ9LpMXuS8W9KfV6R,2020-09-18T00:00:00Z,225347,False,spotify:track:7z7FKoQ9LpMXuS8W9KfV6R,https://image-cdn-fa.spotifycdn.com/image/ab67616d00001e023e4874a1d60cf1eb18aebe66,ok,
276,WHAT A DAY,"Tyler, The Creator",,https://open.spotify.com/track/3v3gyQkwRQGwDUZ7V2q2lF,3v3gyQkwRQGwDUZ7V2q2lF,2023-03-31T00:00:00Z,216884,True,spotify:track:3v3gyQkwRQGwDUZ7V2q2lF,https://image-cdn-fa.spotifycdn.com/image/ab67616d00001e02aa95a399fd30fbb4f6f59fca,ok,
277,Big Poe (feat. Sk8brd),"Tyler, The Creator, Pharrell Williams",,https://open.spotify.com/track/4sLvxpKLvagQ4lZHUpymza,4sLvxpKLvagQ4lZHUpymza,2025-07-21T00:00:00Z,182401,True,spotify:track:4sLvxpKLvagQ4lZHUpymza,https://image-cdn-ak.spotifycdn.com/image/ab67616d00001e024b7fbb849ed845ddedcce346,ok,
278,Sugar On My Tongue,"Tyler, The Creator",,https://open.spotify.com/track/6xV7Be6XEvkSnighmh2Tzj,6xV7Be6XEvkSnighmh2Tzj,2025-07-21T00:00:00Z,153332,True,spotify:track:6xV7Be6XEvkSnighmh2Tzj,https://image-cdn-fa.spotifycdn.com/image/ab67616d00001e024b7fbb849ed845ddedcce346,ok,
279,I'll Take Care of You (feat. Yebba),"Tyler, The Creator, Yebba",,https://open.spotify.com/track/4waPZF96vX1Oz5pzH6dB0h,4waPZF96vX1Oz5pzH6dB0h,2025-07-21T00:00:00Z,200860,True,spotify:track:4waPZF96vX1Oz5pzH6dB0h,https://image-cdn-fa.spotifycdn.com/image/ab67616d00001e024b7fbb849ed845ddedcce346,ok,
280,Ring Ring Ring,"Tyler, The Creator",,https://open.spotify.com/track/1lTqq0aC6r2bXLviQ3oaVt,1lTqq0aC6r2bXLviQ3oaVt,2025-07-21T00:00:00Z,201869,True,spotify:track:1lTqq0aC6r2bXLviQ3oaVt,https://image-cdn-ak.spotifycdn.com/image/ab67616d00001e024b7fbb849ed845ddedcce346,ok,
281,Stop Playing With Me,"Tyler, The Creator",,https://open.spotify.com/track/1IF3hx6HU46Pitm0dOdVJO,1IF3hx6HU46Pitm0dOdVJO,2025-07-21T00:00:00Z,133307,True,spotify:track:1IF3hx6HU46Pitm0dOdVJO,https://image-cdn-fa.spotifycdn.com/image/ab67616d00001e024b7fbb849ed845ddedcce346,ok,
282,Sucka Free,"Tyler, The Creator",,https://open.spotify.com/track/7DIMKlmJ0CL6eROkbptoqi,7DIMKlmJ0CL6eROkbptoqi,2025-07-21T00:00:00Z,161051,True,spotify:track:7DIMKlmJ0CL6eROkbptoqi,https://image-cdn-fa.spotifycdn.com/image/ab67616d00001e024b7fbb849ed845ddedcce346,ok,
283,Don't You Worry Baby (feat. Madison McFerrin),"Tyler, The Creator, Madison McFerrin",,https://open.spotify.com/track/45mVT3DCE7AATXgESSdfee,45mVT3DCE7AATXgESSdfee,2025-07-21T00:00:00Z,178135,True,spotify:track:45mVT3DCE7AATXgESSdfee,https://image-cdn-ak.spotifycdn.com/image/ab67616d00001e024b7fbb849ed845ddedcce346,ok,
284,CORSO,"Tyler, The Creator",,https://open.spotify.com/track/46oHvXwpEZOFX518we1nJD,46oHvXwpEZOFX518we1nJD,2021-06-25T00:00:00Z,146482,True,spotify:track:46oHvXwpEZOFX518we1nJD,https://image-cdn-fa.spotifycdn.com/image/ab67616d00001e02940aa635eea98719f6ca4ad9,ok,
285,The Way You'd Love Her,Mac DeMarco,,https://open.spotify.com/track/22YaLT8M1Mnez2kVirzlkp,22YaLT8M1Mnez2kVirzlkp,2015-08-07T00:00:00Z,156430,False,spotify:track:22YaLT8M1Mnez2kVirzlkp,https://image-cdn-fa.spotifycdn.com/image/ab67616d00001e02b395acedffa5fa8e7696aea2,ok,
286,A Heart Like Hers,Mac DeMarco,,https://open.spotify.com/track/1Ijh9lrbGPUj1tui7OGpnB,1Ijh9lrbGPUj1tui7OGpnB,2015-08-07T00:00:00Z,241860,False,spotify:track:1Ijh9lrbGPUj1tui7OGpnB,https://image-cdn-fa.spotifycdn.com/image/ab67616d00001e02b395acedffa5fa8e7696aea2,ok,
287,I've Been Waiting for Her,Mac DeMarco,,https://open.spotify.com/track/1UnpwO2iy4KXj93e6Q1UYE,1UnpwO2iy4KXj93e6Q1UYE,2015-08-07T00:00:00Z,167250,False,spotify:track:1UnpwO2iy4KXj93e6Q1UYE,https://image-cdn-fa.spotifycdn.com/image/ab67616d00001e02b395acedffa5fa8e7696aea2,ok,
288,Without Me,Mac DeMarco,,https://open.spotify.com/track/5qaM8LJZw7Xy0yyrxpOelX,5qaM8LJZw7Xy0yyrxpOelX,2015-08-07T00:00:00Z,177196,False,spotify:track:5qaM8LJZw7Xy0yyrxpOelX,https://image-cdn-ak.spotifycdn.com/image/ab67616d00001e02b395acedffa5fa8e7696aea2,ok,
289,Gualala,Mac DeMarco,,https://open.spotify.com/track/5KN8PcNwnUQ1nF29nJG6Zq,5KN8PcNwnUQ1nF29nJG6Zq,2023-01-20T00:00:00Z,163280,False,spotify:track:5KN8PcNwnUQ1nF29nJG6Zq,https://image-cdn-fa.spotifycdn.com/image/ab67616d00001e02f4ec5161a2cedca8eecb01c0,ok,
290,She's Really All I Need,Mac DeMarco,,https://open.spotify.com/track/0Iu9NBVa3gGbIzK1KwD7X2,0Iu9NBVa3gGbIzK1KwD7X2,2012-03-13T00:00:00Z,183919,False,spotify:track:0Iu9NBVa3gGbIzK1KwD7X2,https://image-cdn-fa.spotifycdn.com/image/ab67616d00001e02002bf81ef6b8d3a2c3d4bfb2,ok,
291,Only You,Mac DeMarco,,https://open.spotify.com/track/0ixa8irs9X6T8Yu5nJmFfZ,0ixa8irs9X6T8Yu5nJmFfZ,2012-03-13T00:00:00Z,178772,False,spotify:track:0ixa8irs9X6T8Yu5nJmFfZ,https://image-cdn-fa.spotifycdn.com/image/ab67616d00001e02002bf81ef6b8d3a2c3d4bfb2,ok,
292,New Body (feat. Nicki Minaj & Ty Dolla ign),Kanye West,,https://open.spotify.com/local/Kanye%20West//New%20Body%20%28feat.%20Nicki%20Minaj%20%26%20Ty%20Dolla%20ign%29/222,,,222000,,,,ok,
293,80 degrees,Kanye West,,https://open.spotify.com/local/Kanye%20West//80%20degrees/113,,,113000,,,,ok,
294,STUNTMAN (feat. Vince Staples),"Tyler, The Creator, Vince Staples",,https://open.spotify.com/track/6S4WM9LW6oGkAtBFePffh2,6S4WM9LW6oGkAtBFePffh2,2023-03-31T00:00:00Z,199742,True,spotify:track:6S4WM9LW6oGkAtBFePffh2,https://image-cdn-fa.spotifycdn.com/image/ab67616d00001e02aa95a399fd30fbb4f6f59fca,ok,
295,Black Skinhead,Kanye West,,https://open.spotify.com/track/722tgOgdIbNe3BEyLnejw4,722tgOgdIbNe3BEyLnejw4,2013-06-18T00:00:00Z,188013,True,spotify:track:722tgOgdIbNe3BEyLnejw4,https://image-cdn-ak.spotifycdn.com/image/ab67616d00001e021dacfbc31cc873d132958af9,ok,
296,Hold My Liquor,Kanye West,,https://open.spotify.com/track/5nIu0VwPOsjkF61zfevLKh,5nIu0VwPOsjkF61zfevLKh,2013-06-18T00:00:00Z,326946,True,spotify:track:5nIu0VwPOsjkF61zfevLKh,https://image-cdn-fa.spotifycdn.com/image/ab67616d00001e021dacfbc31cc873d132958af9,ok,
297,I Am A God,Kanye West,,https://open.spotify.com/track/0HMCdlOPJkAGlB0MlSWIcO,0HMCdlOPJkAGlB0MlSWIcO,2013-06-18T00:00:00Z,231506,True,spotify:track:0HMCdlOPJkAGlB0MlSWIcO,https://image-cdn-fa.spotifycdn.com/image/ab67616d00001e021dacfbc31cc873d132958af9,ok,
298,Start a Cult,River Boy,,https://open.spotify.com/track/1ISexq6FLytZxcEqvn7LOk,1ISexq6FLytZxcEqvn7LOk,2022-08-11T00:00:00Z,299076,False,spotify:track:1ISexq6FLytZxcEqvn7LOk,https://image-cdn-fa.spotifycdn.com/image/ab67616d00001e02f7e54e4ff3532a26f07f36f1,ok,
299,Louise,TV Girl,,https://open.spotify.com/track/263KsGZODTZouh3RFGNaLX,263KsGZODTZouh3RFGNaLX,2014-06-05T00:00:00Z,194453,False,spotify:track:263KsGZODTZouh3RFGNaLX,https://image-cdn-fa.spotifycdn.com/image/ab67616d00001e02e1bc1af856b42dd7fdba9f84,ok,
300,Mommanem,"Tyler, The Creator",,https://open.spotify.com/track/3WgFhZfyk5nb6v7hkwPmD4,3WgFhZfyk5nb6v7hkwPmD4,2025-07-21T00:00:00Z,75386,True,spotify:track:3WgFhZfyk5nb6v7hkwPmD4,https://image-cdn-fa.spotifycdn.com/image/ab67616d00001e024b7fbb849ed845ddedcce346,ok,
301,Tamale - Instrumental,"Tyler, The Creator",,https://open.spotify.com/track/72OgjLqn9qG0A9XkfGwGrt,72OgjLqn9qG0A9XkfGwGrt,2013-04-01T00:00:00Z,157133,False,spotify:track:72OgjLqn9qG0A9XkfGwGrt,https://image-cdn-fa.spotifycdn.com/image/ab67616d00001e023dc9f1b0abd114fda4d9fb0b,ok,
302,PREACHER MAN,"Ye, Kanye West",,https://open.spotify.com/track/24rgAXRpEipfaxJNElCXPE,24rgAXRpEipfaxJNElCXPE,2025-06-20T00:00:00Z,181592,True,spotify:track:24rgAXRpEipfaxJNElCXPE,https://image-cdn-fa.spotifycdn.com/image/ab67616d00001e0295184f6a953569b683ca9a0d,ok,
303,Don't Tap That Glass / Tweakin',"Tyler, The Creator",,https://open.spotify.com/track/5DRS7YEe1bwGJLDGviT3CD,5DRS7YEe1bwGJLDGviT3CD,2025-07-21T00:00:00Z,222124,True,spotify:track:5DRS7YEe1bwGJLDGviT3CD,https://image-cdn-fa.spotifycdn.com/image/ab67616d00001e024b7fbb849ed845ddedcce346,ok,
304,Sarah [muzmo.ru],"[muzmo.ru] Tyler, The Creator",[muzmo.ru],https://open.spotify.com/local/%5Bmuzmo.ru%5D%20Tyler%2C%20The%20Creator/%5Bmuzmo.ru%5D/Sarah%20%5Bmuzmo.ru%5D/286,,,286000,,,,ok,
305,Nangs,Tame Impala,,https://open.spotify.com/track/1cCbsojaA6GIT7Y3zuMJ1q,1cCbsojaA6GIT7Y3zuMJ1q,2015-07-17T00:00:00Z,107533,False,spotify:track:1cCbsojaA6GIT7Y3zuMJ1q,https://image-cdn-fa.spotifycdn.com/image/ab67616d00001e029e1cfc756886ac782e363d79,ok,
306,Love/Paranoia,Tame Impala,,https://open.spotify.com/track/5h9hkYIBWTZYFRmF6Iz1gt,5h9hkYIBWTZYFRmF6Iz1gt,2015-07-17T00:00:00Z,185773,True,spotify:track:5h9hkYIBWTZYFRmF6Iz1gt,https://image-cdn-fa.spotifycdn.com/image/ab67616d00001e029e1cfc756886ac782e363d79,ok,
307,'Cause I'm A Man,Tame Impala,,https://open.spotify.com/track/2O99aywAVBhaPrsiJ6zbSS,2O99aywAVBhaPrsiJ6zbSS,2015-07-17T00:00:00Z,241986,True,spotify:track:2O99aywAVBhaPrsiJ6zbSS,https://image-cdn-fa.spotifycdn.com/image/ab67616d00001e029e1cfc756886ac782e363d79,ok,
308,Disciples,Tame Impala,,https://open.spotify.com/track/2gNfxysfBRfl9Lvi9T3v6R,2gNfxysfBRfl9Lvi9T3v6R,2015-07-17T00:00:00Z,108546,False,spotify:track:2gNfxysfBRfl9Lvi9T3v6R,https://image-cdn-fa.spotifycdn.com/image/ab67616d00001e029e1cfc756886ac782e363d79,ok,
309,Eventually,Tame Impala,,https://open.spotify.com/track/5M4yti0QxgqJieUYaEXcpw,5M4yti0QxgqJieUYaEXcpw,2015-07-17T00:00:00Z,318591,False,spotify:track:5M4yti0QxgqJieUYaEXcpw,https://image-cdn-fa.spotifycdn.com/image/ab67616d00001e029e1cfc756886ac782e363d79,ok,
310,Yes I'm Changing,Tame Impala,,https://open.spotify.com/track/0xtIp0lgccN85GfGOekS5L,0xtIp0lgccN85GfGOekS5L,2015-07-17T00:00:00Z,270680,True,spotify:track:0xtIp0lgccN85GfGOekS5L,https://image-cdn-fa.spotifycdn.com/image/ab67616d00001e029e1cfc756886ac782e363d79,ok,
311,The Moment,Tame Impala,,https://open.spotify.com/track/1UYj8qTWjneZJDVjUMwMub,1UYj8qTWjneZJDVjUMwMub,2015-07-17T00:00:00Z,255413,False,spotify:track:1UYj8qTWjneZJDVjUMwMub,https://image-cdn-fa.spotifycdn.com/image/ab67616d00001e029e1cfc756886ac782e363d79,ok,
312,Tell Me What It Is,"Tyler, The Creator",,https://open.spotify.com/track/4UddKz4WBKn5b9tDB6tq2L,4UddKz4WBKn5b9tDB6tq2L,2025-07-21T00:00:00Z,202133,False,spotify:track:4UddKz4WBKn5b9tDB6tq2L,https://image-cdn-fa.spotifycdn.com/image/ab67616d00001e024b7fbb849ed845ddedcce346,ok,
313,Ivy,Frank Ocean,,https://open.spotify.com/track/2ZWlPOoWh0626oTaHrnl2a,2ZWlPOoWh0626oTaHrnl2a,2016-08-20T00:00:00Z,249191,True,spotify:track:2ZWlPOoWh0626oTaHrnl2a,https://image-cdn-ak.spotifycdn.com/image/ab67616d00001e02c5649add07ed3720be9d5526,ok,
314,Pink + White,Frank Ocean,,https://open.spotify.com/track/3xKsf9qdS1CyvXSMEid6g8,3xKsf9qdS1CyvXSMEid6g8,2016-08-20T00:00:00Z,184516,False,spotify:track:3xKsf9qdS1CyvXSMEid6g8,https://image-cdn-fa.spotifycdn.com/image/ab67616d00001e02c5649add07ed3720be9d5526,ok,
315,Jamba (feat. Hodgy),"Tyler, The Creator, Hodgy",,https://open.spotify.com/track/3Z5pXxCb0O6L53vejFHhqQ,3Z5pXxCb0O6L53vejFHhqQ,2013-04-01T00:00:00Z,212500,True,spotify:track:3Z5pXxCb0O6L53vejFHhqQ,https://image-cdn-ak.spotifycdn.com/image/ab67616d00001e02913f492347e1585748450855,ok,
316,Lone,"Tyler, The Creator",,https://open.spotify.com/track/6oVFpdtDzSgRLv8rUgFVUW,6oVFpdtDzSgRLv8rUgFVUW,2013-04-01T00:00:00Z,237119,True,spotify:track:6oVFpdtDzSgRLv8rUgFVUW,https://image-cdn-fa.spotifycdn.com/image/ab67616d00001e02913f492347e1585748450855,ok,
317,Cowboy,"Tyler, The Creator",,https://open.spotify.com/track/2hjjUjikOa29kImnI5kQPw,2hjjUjikOa29kImnI5kQPw,2013-04-01T00:00:00Z,195324,True,spotify:track:2hjjUjikOa29kImnI5kQPw,https://image-cdn-fa.spotifycdn.com/image/ab67616d00001e02913f492347e1585748450855,ok,
318,Her,"Tyler, The Creator",,https://open.spotify.com/track/0JcJJKjQpP62ENtGfPTnJe,0JcJJKjQpP62ENtGfPTnJe,2011-05-09T00:00:00Z,211106,True,spotify:track:0JcJJKjQpP62ENtGfPTnJe,https://image-cdn-fa.spotifycdn.com/image/ab67616d00001e0228ae9a159d24cb0ab2552712,ok,
319,Radicals,"Tyler, The Creator",,https://open.spotify.com/track/5PNGLS7gfCsJqMoZTskSZJ,5PNGLS7gfCsJqMoZTskSZJ,2011-05-09T00:00:00Z,438333,True,spotify:track:5PNGLS7gfCsJqMoZTskSZJ,https://image-cdn-fa.spotifycdn.com/image/ab67616d00001e0228ae9a159d24cb0ab2552712,ok,
320,I DON'T LOVE YOU ANYMORE,"Tyler, The Creator",,https://open.spotify.com/track/5A0M6B0RBSXSNWv0wcppZ9,5A0M6B0RBSXSNWv0wcppZ9,2019-05-17T00:00:00Z,161200,True,spotify:track:5A0M6B0RBSXSNWv0wcppZ9,https://image-cdn-fa.spotifycdn.com/image/ab67616d00001e0230a635de2bb0caa4e26f6abb,ok,
321,New Slaves,Kanye West,,https://open.spotify.com/track/4cAgkb0ifwn0FSHGXnr4F6,4cAgkb0ifwn0FSHGXnr4F6,2013-06-18T00:00:00Z,256093,True,spotify:track:4cAgkb0ifwn0FSHGXnr4F6,https://image-cdn-fa.spotifycdn.com/image/ab67616d00001e021dacfbc31cc873d132958af9,ok,
322,Ni**as In Paris,"JAŸ-Z, Kanye West",,https://open.spotify.com/track/1auxYwYrFRqZP7t3s7w4um,1auxYwYrFRqZP7t3s7w4um,2011-08-08T00:00:00Z,219333,True,spotify:track:1auxYwYrFRqZP7t3s7w4um,https://image-cdn-fa.spotifycdn.com/image/ab67616d00001e0252e61456aa4995ba48d94e30,ok,
323,Runaway,"Kanye West, Pusha T",,https://open.spotify.com/track/3DK6m7It6Pw857FcQftMds,3DK6m7It6Pw857FcQftMds,2010-11-22T00:00:00Z,547733,True,spotify:track:3DK6m7It6Pw857FcQftMds,https://image-cdn-fa.spotifycdn.com/image/ab67616d00001e02d9194aa18fa4c9362b47464f,ok,
324,I Hope You Find Your Way Home,"Tyler, The Creator",,https://open.spotify.com/track/0pvZCv4JOS5WBu7JITYef6,0pvZCv4JOS5WBu7JITYef6,2024-10-28T00:00:00Z,269704,True,spotify:track:0pvZCv4JOS5WBu7JITYef6,https://image-cdn-ak.spotifycdn.com/image/ab67616d00001e02084a94988541c2402615d014,ok,
325,Like Him (feat. Lola Young),"Tyler, The Creator, Lola Young",,https://open.spotify.com/track/6jbYpRPTEFl1HFKHk1IC0m,6jbYpRPTEFl1HFKHk1IC0m,2024-10-28T00:00:00Z,278014,True,spotify:track:6jbYpRPTEFl1HFKHk1IC0m,https://image-cdn-fa.spotifycdn.com/image/ab67616d00001e02084a94988541c2402615d014,ok,
326,HEAVEN TO ME,"Tyler, The Creator",,https://open.spotify.com/track/4Z1ZlABSKDlVByJL3y5OVs,4Z1ZlABSKDlVByJL3y5OVs,2023-03-31T00:00:00Z,230554,True,spotify:track:4Z1ZlABSKDlVByJL3y5OVs,https://image-cdn-ak.spotifycdn.com/image/ab67616d00001e02aa95a399fd30fbb4f6f59fca,ok,
327,Slater (feat. Frank Ocean),"Tyler, The Creator, Frank Ocean",,https://open.spotify.com/track/5wTpnBRTx1HSGQVDZQ2VSh,5wTpnBRTx1HSGQVDZQ2VSh,2013-04-01T00:00:00Z,233878,True,spotify:track:5wTpnBRTx1HSGQVDZQ2VSh,https://image-cdn-fa.spotifycdn.com/image/ab67616d00001e02913f492347e1585748450855,ok,
328,Parking Lot (feat. Casey Veggies & Mike G),"Tyler, The Creator, Casey Veggies, Mike G",,https://open.spotify.com/track/1UBLglX9fPtTBZSwJj4yVG,1UBLglX9fPtTBZSwJj4yVG,2013-04-01T00:00:00Z,233933,True,spotify:track:1UBLglX9fPtTBZSwJj4yVG,https://image-cdn-ak.spotifycdn.com/image/ab67616d00001e02913f492347e1585748450855,ok,
329,"Trashwang (feat. Na-Kel Smith, Jasper Dolphin, Lucas, L-Boy, Taco, Left Brain & Lee Spielman)","Tyler, The Creator, Na-Kel Smith, Jasper Dolphin, Lucas., L-Boy, Taco, Left Brain, Lee Spielman",,https://open.spotify.com/track/2OaPyH3JLuft6iuNFHFJl0,2OaPyH3JLuft6iuNFHFJl0,2013-04-01T00:00:00Z,282574,True,spotify:track:2OaPyH3JLuft6iuNFHFJl0,https://image-cdn-fa.spotifycdn.com/image/ab67616d00001e02913f492347e1585748450855,ok,
330,School Spirit,Kanye West,,https://open.spotify.com/track/1th3G3okofWlvGWAAR7Y4V,1th3G3okofWlvGWAAR7Y4V,2004-02-10T00:00:00Z,182386,False,spotify:track:1th3G3okofWlvGWAAR7Y4V,https://image-cdn-fa.spotifycdn.com/image/ab67616d00001e0225b055377757b3cdd6f26b78,ok,
331,Golden,"Tyler, The Creator",,https://open.spotify.com/track/1KgC6CsIjGudBvmk2w6evQ,1KgC6CsIjGudBvmk2w6evQ,2011-05-09T00:00:00Z,343280,True,spotify:track:1KgC6CsIjGudBvmk2w6evQ,https://image-cdn-fa.spotifycdn.com/image/ab67616d00001e0228ae9a159d24cb0ab2552712,ok,
332,Analog,"Tyler, The Creator, Hodgy",,https://open.spotify.com/track/1PY2MhM4Ih2VfEHeSMTiOE,1PY2MhM4Ih2VfEHeSMTiOE,2011-05-09T00:00:00Z,174400,True,spotify:track:1PY2MhM4Ih2VfEHeSMTiOE,https://image-cdn-ak.spotifycdn.com/image/ab67616d00001e0228ae9a159d24cb0ab2552712,ok,
333,Bittersweet Poetry (feat. John Mayer),Kanye West,,https://open.spotify.com/local/Kanye%20West//Bittersweet%20Poetry%20%28feat.%20John%20Mayer%29/242,,,242000,,,,ok,
334,24K Magic,Bruno Mars,,https://open.spotify.com/track/6b8Be6ljOzmkOmFslEb23P,6b8Be6ljOzmkOmFslEb23P,2016-11-18T00:00:00Z,225983,False,spotify:track:6b8Be6ljOzmkOmFslEb23P,https://image-cdn-fa.spotifycdn.com/image/ab67616d00001e02232711f7d66a1e19e89e28c5,ok,
335,That's What I Like,Bruno Mars,,https://open.spotify.com/track/0KKkJNfGyhkQ5aFogxQAPU,0KKkJNfGyhkQ5aFogxQAPU,2016-11-18T00:00:00Z,206693,False,spotify:track:0KKkJNfGyhkQ5aFogxQAPU,https://image-cdn-fa.spotifycdn.com/image/ab67616d00001e02232711f7d66a1e19e89e28c5,ok,
336,Heard 'Em Say,"Kanye West, Adam Levine",,https://open.spotify.com/track/6yIjtVtnOBeC8SwdVHzAuF,6yIjtVtnOBeC8SwdVHzAuF,2005-08-30T00:00:00Z,203733,True,spotify:track:6yIjtVtnOBeC8SwdVHzAuF,https://image-cdn-fa.spotifycdn.com/image/ab67616d00001e02d79ba8ad2be777bad0e9924b,ok,
337,Lost In The World,"Kanye West, Bon Iver",,https://open.spotify.com/track/2Im64pIz6m0EJKdUe6eZ8r,2Im64pIz6m0EJKdUe6eZ8r,2010-11-22T00:00:00Z,256586,True,spotify:track:2Im64pIz6m0EJKdUe6eZ8r,https://image-cdn-fa.spotifycdn.com/image/ab67616d00001e02d9194aa18fa4c9362b47464f,ok,
338,Blame Game,"Kanye West, John Legend",,https://open.spotify.com/track/4EndPA8b6FDWYp1RgsnLEB,4EndPA8b6FDWYp1RgsnLEB,2010-11-22T00:00:00Z,469866,True,spotify:track:4EndPA8b6FDWYp1RgsnLEB,https://image-cdn-fa.spotifycdn.com/image/ab67616d00001e02d9194aa18fa4c9362b47464f,ok,
339,Jonny's Odyssey,Mac DeMarco,,https://open.spotify.com/track/6m9nww1dgb0BhrGBnSbyDv,6m9nww1dgb0BhrGBnSbyDv,2014-04-01T00:00:00Z,158139,False,spotify:track:6m9nww1dgb0BhrGBnSbyDv,https://image-cdn-fa.spotifycdn.com/image/ab67616d00001e02ec6e9c13eeed14eedbd5f7c9,ok,
340,Go Easy,Mac DeMarco,,https://open.spotify.com/track/2ypibq9nMJtHCNLyNUubJj,2ypibq9nMJtHCNLyNUubJj,2014-04-01T00:00:00Z,204901,False,spotify:track:2ypibq9nMJtHCNLyNUubJj,https://image-cdn-fa.spotifycdn.com/image/ab67616d00001e02ec6e9c13eeed14eedbd5f7c9,ok,
341,Crack Rock,Frank Ocean,,https://open.spotify.com/track/5lcyIeEfwZTs8Ajw3kdF7P,5lcyIeEfwZTs8Ajw3kdF7P,2012-07-10T00:00:00Z,224146,True,spotify:track:5lcyIeEfwZTs8Ajw3kdF7P,https://image-cdn-ak.spotifycdn.com/image/ab67616d00001e027aede4855f6d0d738012e2e5,ok,
342,Thinkin Bout You,Frank Ocean,,https://open.spotify.com/track/7DfFc7a6Rwfi3YQMRbDMau,7DfFc7a6Rwfi3YQMRbDMau,2012-07-10T00:00:00Z,200746,False,spotify:track:7DfFc7a6Rwfi3YQMRbDMau,https://image-cdn-ak.spotifycdn.com/image/ab67616d00001e027aede4855f6d0d738012e2e5,ok,
343,End Of Summer,Tame Impala,,https://open.spotify.com/track/1Iw5iLfAwDvS6frI82gMoV,1Iw5iLfAwDvS6frI82gMoV,2025-07-25T00:00:00Z,432566,False,spotify:track:1Iw5iLfAwDvS6frI82gMoV,https://image-cdn-ak.spotifycdn.com/image/ab67616d00001e02d4146e655142ac47608e6032,ok,
344,20210518,Mac DeMarco,,https://open.spotify.com/track/3oslbgvzghnzJX2O0K5JI5,3oslbgvzghnzJX2O0K5JI5,2023-04-21T00:00:00Z,154680,False,spotify:track:3oslbgvzghnzJX2O0K5JI5,https://image-cdn-fa.spotifycdn.com/image/ab67616d00001e0240461e96808378ae2787a7e4,ok,
345,VCR,"Tyler, The Creator",,https://open.spotify.com/track/5soIZB93fAOG11xJ7OQKrx,5soIZB93fAOG11xJ7OQKrx,2011-10-03T00:00:00Z,208213,True,spotify:track:5soIZB93fAOG11xJ7OQKrx,https://image-cdn-ak.spotifycdn.com/image/ab67616d00001e022df76d6857d2f200b6b22fe6,ok,
346,Oldie,Odd Future,,https://open.spotify.com/track/53dkS3h9uTNsWYZTPacnpx,53dkS3h9uTNsWYZTPacnpx,2012-03-16T00:00:00Z,636213,True,spotify:track:53dkS3h9uTNsWYZTPacnpx,https://image-cdn-ak.spotifycdn.com/image/ab67616d00001e021dd05262c971257279fcaf61,ok,
347,White (feat. Frank Ocean),"Odd Future, Frank Ocean",,https://open.spotify.com/track/2gEmgpnxseKEVRTwkSGopN,2gEmgpnxseKEVRTwkSGopN,2012-03-16T00:00:00Z,122933,True,spotify:track:2gEmgpnxseKEVRTwkSGopN,https://image-cdn-ak.spotifycdn.com/image/ab67616d00001e021dd05262c971257279fcaf61,ok,
348,Television / So Far So Good,Rex Orange County,,https://open.spotify.com/track/27rZYxE4l21wTaovX4WTnI,27rZYxE4l21wTaovX4WTnI,2017-04-26T00:00:00Z,262600,True,spotify:track:27rZYxE4l21wTaovX4WTnI,https://image-cdn-fa.spotifycdn.com/image/ab67616d00001e021bd6d088d3d81972af4cb81d,ok,
349,Two Words,"Kanye West, Mos Def, Freeway, The Boys Choir Of Harlem",,https://open.spotify.com/track/62wtttQzoIA9HnNmGVd9Yq,62wtttQzoIA9HnNmGVd9Yq,2004-02-10T00:00:00Z,266213,True,spotify:track:62wtttQzoIA9HnNmGVd9Yq,https://image-cdn-fa.spotifycdn.com/image/ab67616d00001e0225b055377757b3cdd6f26b78,ok,
350,Late,Kanye West,,https://open.spotify.com/track/1mFHMzbaECWFaPfoePoEYl,1mFHMzbaECWFaPfoePoEYl,2005-08-30T00:00:00Z,230493,True,spotify:track:1mFHMzbaECWFaPfoePoEYl,https://image-cdn-ak.spotifycdn.com/image/ab67616d00001e02d79ba8ad2be777bad0e9924b,ok,
351,Drive Slow,"Kanye West, Paul Wall, GLC",,https://open.spotify.com/track/6vB49BJ70zBpDrrAPwdaB8,6vB49BJ70zBpDrrAPwdaB8,2005-08-30T00:00:00Z,272226,True,spotify:track:6vB49BJ70zBpDrrAPwdaB8,https://image-cdn-fa.spotifycdn.com/image/ab67616d00001e02d79ba8ad2be777bad0e9924b,ok,
352,KEEP DA O'S (feat. Pharrell Williams & Coco O.),"Tyler, The Creator, Pharrell Williams, Coco O.",,https://open.spotify.com/track/0YOzUujSDOvSRahyn1Pkeb,0YOzUujSDOvSRahyn1Pkeb,2015-04-13T00:00:00Z,248544,True,spotify:track:0YOzUujSDOvSRahyn1Pkeb,https://image-cdn-fa.spotifycdn.com/image/ab67616d00001e0237906edcfbfde42b203097f2,ok,
353,Précis,"Vansire, Fog Lake",,https://open.spotify.com/track/3s9YtjSkxeeriM92mASyoO,3s9YtjSkxeeriM92mASyoO,2018-04-26T00:00:00Z,74143,False,spotify:track:3s9YtjSkxeeriM92mASyoO,https://image-cdn-fa.spotifycdn.com/image/ab67616d00001e02a788765bdda04106bd7b0d29,ok,
354,Halcyon Age,Vansire,,https://open.spotify.com/track/7C5pKQBh9xr7kCsBT6Y2n8,7C5pKQBh9xr7kCsBT6Y2n8,2018-04-26T00:00:00Z,193379,False,spotify:track:7C5pKQBh9xr7kCsBT6Y2n8,https://image-cdn-fa.spotifycdn.com/image/ab67616d00001e02a788765bdda04106bd7b0d29,ok,
355,Nice to See You,"Vansire, FLOOR CRY",,https://open.spotify.com/track/2SqEopjZJjyAAp2nFkJi7i,2SqEopjZJjyAAp2nFkJi7i,2018-04-26T00:00:00Z,181677,False,spotify:track:2SqEopjZJjyAAp2nFkJi7i,https://image-cdn-fa.spotifycdn.com/image/ab67616d00001e02a788765bdda04106bd7b0d29,ok,
356,Lonely Zone,"Vansire, Paul Cherry, Mellow Fellow, Ruru",,https://open.spotify.com/track/0OrxUBA5JghHjUarBa2Vjz,0OrxUBA5JghHjUarBa2Vjz,2018-04-26T00:00:00Z,237798,False,spotify:track:0OrxUBA5JghHjUarBa2Vjz,https://image-cdn-fa.spotifycdn.com/image/ab67616d00001e02a788765bdda04106bd7b0d29,ok,
357,Angel Youth,Vansire,,https://open.spotify.com/track/5T40vybFSgTy4SDrhAEYEh,5T40vybFSgTy4SDrhAEYEh,2018-04-26T00:00:00Z,242514,False,spotify:track:5T40vybFSgTy4SDrhAEYEh,https://image-cdn-ak.spotifycdn.com/image/ab67616d00001e02a788765bdda04106bd7b0d29,ok,
358,Brown Study,Vansire,,https://open.spotify.com/track/1mfxGZH9mNpcJrRlxvKIGj,1mfxGZH9mNpcJrRlxvKIGj,2018-04-26T00:00:00Z,197865,False,spotify:track:1mfxGZH9mNpcJrRlxvKIGj,https://image-cdn-ak.spotifycdn.com/image/ab67616d00001e02a788765bdda04106bd7b0d29,ok,
359,Moon Hits,Vansire,,https://open.spotify.com/track/7Mo3lUq4rYB6wF3gQcHjs2,7Mo3lUq4rYB6wF3gQcHjs2,2018-04-26T00:00:00Z,167139,False,spotify:track:7Mo3lUq4rYB6wF3gQcHjs2,https://image-cdn-fa.spotifycdn.com/image/ab67616d00001e02a788765bdda04106bd7b0d29,ok,
360,Précis Two,"Vansire, Ivy Sole",,https://open.spotify.com/track/5LiO40bi3foQNkIDg4PlGV,5LiO40bi3foQNkIDg4PlGV,2020-10-16T00:00:00Z,72000,False,spotify:track:5LiO40bi3foQNkIDg4PlGV,https://image-cdn-fa.spotifycdn.com/image/ab67616d00001e02d2987ee011faf3e30ab179fc,ok,
361,Fillmore County,"Vansire, FLOOR CRY",,https://open.spotify.com/track/4NSeZccoDcgpFsh90JVlrm,4NSeZccoDcgpFsh90JVlrm,2020-10-16T00:00:00Z,182025,False,spotify:track:4NSeZccoDcgpFsh90JVlrm,https://image-cdn-fa.spotifycdn.com/image/ab67616d00001e02d2987ee011faf3e30ab179fc,ok,
362,Night Vision,"Vansire, Barrie",,https://open.spotify.com/track/1MwPvniPtqPkXwtQDFiJdb,1MwPvniPtqPkXwtQDFiJdb,2022-05-12T00:00:00Z,117733,False,spotify:track:1MwPvniPtqPkXwtQDFiJdb,https://image-cdn-fa.spotifycdn.com/image/ab67616d00001e02931ee3d319a69e772fd00736,ok,
363,Everything I Am,"Kanye West, DJ Premier",,https://open.spotify.com/track/0NrtwAmRAdLxua31SzHvXr,0NrtwAmRAdLxua31SzHvXr,2007-09-11T00:00:00Z,227893,True,spotify:track:0NrtwAmRAdLxua31SzHvXr,https://image-cdn-ak.spotifycdn.com/image/ab67616d00001e0226f7f19c7f0381e56156c94a,ok,
364,Waves,Kanye West,,https://open.spotify.com/track/3nAq2hCr1oWsIU54tS98pL,3nAq2hCr1oWsIU54tS98pL,2016-06-10T00:00:00Z,181573,True,spotify:track:3nAq2hCr1oWsIU54tS98pL,https://image-cdn-fa.spotifycdn.com/image/ab67616d00001e022a7db835b912dc5014bd37f4,ok,
365,No More Parties In LA,Kanye West,,https://open.spotify.com/track/0zLClc0emc6qUeV1p5nc99,0zLClc0emc6qUeV1p5nc99,2016-06-10T00:00:00Z,374413,True,spotify:track:0zLClc0emc6qUeV1p5nc99,https://image-cdn-ak.spotifycdn.com/image/ab67616d00001e022a7db835b912dc5014bd37f4,ok,
366,Saint Pablo,Kanye West,,https://open.spotify.com/track/1o0kWPueYo94LIjPYOE5Nf,1o0kWPueYo94LIjPYOE5Nf,2016-06-10T00:00:00Z,372113,True,spotify:track:1o0kWPueYo94LIjPYOE5Nf,https://image-cdn-ak.spotifycdn.com/image/ab67616d00001e022a7db835b912dc5014bd37f4,ok,
367,30 Hours,Kanye West,,https://open.spotify.com/track/2CHmgtK8OCL28WtIK96u4N,2CHmgtK8OCL28WtIK96u4N,2016-06-10T00:00:00Z,323302,True,spotify:track:2CHmgtK8OCL28WtIK96u4N,https://image-cdn-fa.spotifycdn.com/image/ab67616d00001e022a7db835b912dc5014bd37f4,ok,
368,Fade,Kanye West,,https://open.spotify.com/track/3cCxoOgfi6hgt8MNteuiiD,3cCxoOgfi6hgt8MNteuiiD,2016-06-10T00:00:00Z,193747,True,spotify:track:3cCxoOgfi6hgt8MNteuiiD,https://image-cdn-fa.spotifycdn.com/image/ab67616d00001e022a7db835b912dc5014bd37f4,ok,
369,Famous,Kanye West,,https://open.spotify.com/track/19a3JfW8BQwqHWUMbcqSx8,19a3JfW8BQwqHWUMbcqSx8,2016-06-10T00:00:00Z,196040,True,spotify:track:19a3JfW8BQwqHWUMbcqSx8,https://image-cdn-fa.spotifycdn.com/image/ab67616d00001e022a7db835b912dc5014bd37f4,ok,
370,Self Control,Frank Ocean,,https://open.spotify.com/track/5GUYJTQap5F3RDQiCOJhrS,5GUYJTQap5F3RDQiCOJhrS,2016-08-20T00:00:00Z,249667,False,spotify:track:5GUYJTQap5F3RDQiCOJhrS,https://image-cdn-fa.spotifycdn.com/image/ab67616d00001e02c5649add07ed3720be9d5526,ok,
371,White Ferrari,Frank Ocean,,https://open.spotify.com/track/2LMkwUfqC6S6s6qDVlEuzV,2LMkwUfqC6S6s6qDVlEuzV,2016-08-20T00:00:00Z,248807,False,spotify:track:2LMkwUfqC6S6s6qDVlEuzV,https://image-cdn-fa.spotifycdn.com/image/ab67616d00001e02c5649add07ed3720be9d5526,ok,
372,Super Rich Kids,"Frank Ocean, Earl Sweatshirt",,https://open.spotify.com/track/0725YWm6Z0TpZ6wrNk64Eb,0725YWm6Z0TpZ6wrNk64Eb,2012-07-10T00:00:00Z,304760,True,spotify:track:0725YWm6Z0TpZ6wrNk64Eb,https://image-cdn-fa.spotifycdn.com/image/ab67616d00001e027aede4855f6d0d738012e2e5,ok,
373,Lost,Frank Ocean,,https://open.spotify.com/track/3GZD6HmiNUhxXYf8Gch723,3GZD6HmiNUhxXYf8Gch723,2012-07-10T00:00:00Z,234093,True,spotify:track:3GZD6HmiNUhxXYf8Gch723,https://image-cdn-fa.spotifycdn.com/image/ab67616d00001e027aede4855f6d0d738012e2e5,ok,
374,Good Night,"Kanye West, Mos Def, Albe Back",,https://open.spotify.com/track/3bhyo2ED5Yd4RLydQBDtD6,3bhyo2ED5Yd4RLydQBDtD6,2007-09-11T00:00:00Z,185973,True,spotify:track:3bhyo2ED5Yd4RLydQBDtD6,https://image-cdn-fa.spotifycdn.com/image/ab67616d00001e0226f7f19c7f0381e56156c94a,ok,
375,Sandwitches,"Tyler, The Creator, Hodgy",,https://open.spotify.com/track/4rMreFvjm6KV3eYoZsp1e9,4rMreFvjm6KV3eYoZsp1e9,2011-05-09T00:00:00Z,291226,True,spotify:track:4rMreFvjm6KV3eYoZsp1e9,https://image-cdn-fa.spotifycdn.com/image/ab67616d00001e0228ae9a159d24cb0ab2552712,ok,
376,Give You the World,Steve Lacy,,https://open.spotify.com/track/0J119Oas2ox6JTTHUGZxHN,0J119Oas2ox6JTTHUGZxHN,2022-07-15T00:00:00Z,273778,True,spotify:track:0J119Oas2ox6JTTHUGZxHN,https://image-cdn-ak.spotifycdn.com/image/ab67616d00001e026938311000a0e494a26986e5,ok,
377,Static,Steve Lacy,,https://open.spotify.com/track/4OmfWzukSVD140NiAIEjem,4OmfWzukSVD140NiAIEjem,2022-07-15T00:00:00Z,156538,True,spotify:track:4OmfWzukSVD140NiAIEjem,https://image-cdn-ak.spotifycdn.com/image/ab67616d00001e026938311000a0e494a26986e5,ok,
378,Helmet,Steve Lacy,,https://open.spotify.com/track/0DmkBOGgEWMbUJlL6VwwF2,0DmkBOGgEWMbUJlL6VwwF2,2022-07-15T00:00:00Z,201510,True,spotify:track:0DmkBOGgEWMbUJlL6VwwF2,https://image-cdn-fa.spotifycdn.com/image/ab67616d00001e026938311000a0e494a26986e5,ok,
379,Mercury,Steve Lacy,,https://open.spotify.com/track/6uVZddXkgQIArp8myEHs4x,6uVZddXkgQIArp8myEHs4x,2022-07-15T00:00:00Z,295411,True,spotify:track:6uVZddXkgQIArp8myEHs4x,https://image-cdn-ak.spotifycdn.com/image/ab67616d00001e026938311000a0e494a26986e5,ok,
380,Sunshine (feat. Fousheé),"Steve Lacy, Fousheé",,https://open.spotify.com/track/2FPmvXIMpjgzJQbUeJo8Iv,2FPmvXIMpjgzJQbUeJo8Iv,2022-07-15T00:00:00Z,293428,False,spotify:track:2FPmvXIMpjgzJQbUeJo8Iv,https://image-cdn-fa.spotifycdn.com/image/ab67616d00001e026938311000a0e494a26986e5,ok,
381,"Enjoy Right Now, Today","Tyler, The Creator",,https://open.spotify.com/track/3R1Vu4Ws7UitwDxDHTol0P,3R1Vu4Ws7UitwDxDHTol0P,2017-07-21T00:00:00Z,235400,False,spotify:track:3R1Vu4Ws7UitwDxDHTol0P,https://image-cdn-ak.spotifycdn.com/image/ab67616d00001e028940ac99f49e44f59e6f7fb3,ok,
382,Pyramids,Frank Ocean,,https://open.spotify.com/track/4QhWbupniDd44EDtnh2bFJ,4QhWbupniDd44EDtnh2bFJ,2012-07-10T00:00:00Z,592920,True,spotify:track:4QhWbupniDd44EDtnh2bFJ,https://image-cdn-fa.spotifycdn.com/image/ab67616d00001e027aede4855f6d0d738012e2e5,ok,
383,Pink Matter,"Frank Ocean, André 3000",,https://open.spotify.com/track/1fOkmYW3ZFkkjIdOZSf596,1fOkmYW3ZFkkjIdOZSf596,2012-07-10T00:00:00Z,268813,True,spotify:track:1fOkmYW3ZFkkjIdOZSf596,https://image-cdn-fa.spotifycdn.com/image/ab67616d00001e027aede4855f6d0d738012e2e5,ok,
384,Sweet Life,Frank Ocean,,https://open.spotify.com/track/6MEDfjHxnVNcYmHe3mM6L2,6MEDfjHxnVNcYmHe3mM6L2,2012-07-10T00:00:00Z,262680,True,spotify:track:6MEDfjHxnVNcYmHe3mM6L2,https://image-cdn-ak.spotifycdn.com/image/ab67616d00001e027aede4855f6d0d738012e2e5,ok,
385,Peach Fuzz,"Tyler, The Creator",,https://open.spotify.com/track/0F58GE2TtHBim5o4ZTQUwK,0F58GE2TtHBim5o4ZTQUwK,2018-09-21T00:00:00Z,156546,True,spotify:track:0F58GE2TtHBim5o4ZTQUwK,https://image-cdn-fa.spotifycdn.com/image/ab67616d00001e02819163623f3903ba5d39afc8,ok,
386,Nice Shoes,Steve Lacy,,https://open.spotify.com/track/26RtX0MphIh9C7ZWJEogJL,26RtX0MphIh9C7ZWJEogJL,2025-08-15T00:00:00Z,195412,True,spotify:track:26RtX0MphIh9C7ZWJEogJL,https://image-cdn-fa.spotifycdn.com/image/ab67616d00001e02bd018d56ea7e6821e62df4c6,ok,
387,Moon River,Frank Ocean,,https://open.spotify.com/track/41cpvQ2GyGb2BRdIRSsTqK,41cpvQ2GyGb2BRdIRSsTqK,2018-02-14T00:00:00Z,188323,False,spotify:track:41cpvQ2GyGb2BRdIRSsTqK,https://image-cdn-fa.spotifycdn.com/image/ab67616d00001e026566b46cd24c5f2d0561ee7a,ok,
388,Swim Good,Frank Ocean,,https://open.spotify.com/track/3CgZCQyuyxHRMWB9BTwmni,3CgZCQyuyxHRMWB9BTwmni,2011-01-01T00:00:00Z,257186,False,spotify:track:3CgZCQyuyxHRMWB9BTwmni,https://image-cdn-ak.spotifycdn.com/image/ab67616d00001e02ebbff7725d3ce0739be01787,ok,
389,Ryd,Steve Lacy,,https://open.spotify.com/track/5Ha9IheRrkDyr7ZdhaRsWb,5Ha9IheRrkDyr7ZdhaRsWb,2017-02-24T00:00:00Z,140182,False,spotify:track:5Ha9IheRrkDyr7ZdhaRsWb,https://image-cdn-fa.spotifycdn.com/image/ab67616d00001e024a6f514da7ab2b81a6f97e72,ok,
390,Nights,Frank Ocean,,https://open.spotify.com/track/7eqoqGkKwgOaWNNHx90uEZ,7eqoqGkKwgOaWNNHx90uEZ,2016-08-20T00:00:00Z,307151,True,spotify:track:7eqoqGkKwgOaWNNHx90uEZ,https://image-cdn-fa.spotifycdn.com/image/ab67616d00001e02c5649add07ed3720be9d5526,ok,
391,Godspeed,Frank Ocean,,https://open.spotify.com/track/34xTFwjPQ1dC6uJmleno7x,34xTFwjPQ1dC6uJmleno7x,2016-08-20T00:00:00Z,177922,False,spotify:track:34xTFwjPQ1dC6uJmleno7x,https://image-cdn-fa.spotifycdn.com/image/ab67616d00001e02c5649add07ed3720be9d5526,ok,
392,Forrest Gump,Frank Ocean,,https://open.spotify.com/track/4YZbVct8l9MnAVIROnLQdx,4YZbVct8l9MnAVIROnLQdx,2012-07-10T00:00:00Z,194840,False,spotify:track:4YZbVct8l9MnAVIROnLQdx,https://image-cdn-fa.spotifycdn.com/image/ab67616d00001e027aede4855f6d0d738012e2e5,ok,
393,GROUP B,"Tyler, The Creator",,https://open.spotify.com/track/3NnINnjKVVs03xat0qLQFx,3NnINnjKVVs03xat0qLQFx,2020-01-25T00:00:00Z,118466,True,spotify:track:3NnINnjKVVs03xat0qLQFx,https://image-cdn-fa.spotifycdn.com/image/ab67616d00001e0214018bd9158a07c9a6a58f54,ok,
394,435,"Tyler, The Creator",,https://open.spotify.com/track/5xJeZ6tLPOXNIrrphEIuay,5xJeZ6tLPOXNIrrphEIuay,2018-06-08T00:00:00Z,93840,True,spotify:track:5xJeZ6tLPOXNIrrphEIuay,https://image-cdn-ak.spotifycdn.com/image/ab67616d00001e022fd7d8336555c8d6698765e7,ok,
395,The Glory,Kanye West,,https://open.spotify.com/track/0lWjRSzq5chA9fps3pM8Zr,0lWjRSzq5chA9fps3pM8Zr,2007-09-11T00:00:00Z,212706,True,spotify:track:0lWjRSzq5chA9fps3pM8Zr,https://image-cdn-fa.spotifycdn.com/image/ab67616d00001e0226f7f19c7f0381e56156c94a,ok,
396,Potato Salad,"Tyler, The Creator, A$AP Rocky",,https://open.spotify.com/track/1jzIJcHCXneHw7ojC6LXiF,1jzIJcHCXneHw7ojC6LXiF,2018-09-28T00:00:00Z,182493,True,spotify:track:1jzIJcHCXneHw7ojC6LXiF,https://image-cdn-fa.spotifycdn.com/image/ab67616d00001e02215cac8c30b47bb1bfb9d2d1,ok,
397,Basement Jack,Steve Lacy,,https://open.spotify.com/track/3NOIkyNWG0fEjkPkq9HVMW,3NOIkyNWG0fEjkPkq9HVMW,2019-05-24T00:00:00Z,109818,True,spotify:track:3NOIkyNWG0fEjkPkq9HVMW,https://image-cdn-ak.spotifycdn.com/image/ab67616d00001e02962ff78ff496c98e5fed40d8,ok,
398,C U Girl,Steve Lacy,,https://open.spotify.com/track/6FBzhcfgGacfXF3AmtfEaX,6FBzhcfgGacfXF3AmtfEaX,2015-02-15T00:00:00Z,129697,False,spotify:track:6FBzhcfgGacfXF3AmtfEaX,https://image-cdn-ak.spotifycdn.com/image/ab67616d00001e02447d52024a6ac588ad418ae5,ok,
399,Shining,Mac DeMarco,,https://open.spotify.com/track/66ALMWldXUZziIOSDv9jYB,66ALMWldXUZziIOSDv9jYB,2025-08-22T00:00:00Z,188013,False,spotify:track:66ALMWldXUZziIOSDv9jYB,https://image-cdn-fa.spotifycdn.com/image/ab67616d00001e026797b6d0a324ab00f5d39e91,ok,
400,Sweeter,Mac DeMarco,,https://open.spotify.com/track/62SETCvD0iipMHXaopBk4a,62SETCvD0iipMHXaopBk4a,2025-08-22T00:00:00Z,179253,False,spotify:track:62SETCvD0iipMHXaopBk4a,https://image-cdn-ak.spotifycdn.com/image/ab67616d00001e026797b6d0a324ab00f5d39e91,ok,
401,Phantom,Mac DeMarco,,https://open.spotify.com/track/5A6xiYvuRA76qdjr5fjjGw,5A6xiYvuRA76qdjr5fjjGw,2025-08-22T00:00:00Z,110173,False,spotify:track:5A6xiYvuRA76qdjr5fjjGw,https://image-cdn-fa.spotifycdn.com/image/ab67616d00001e026797b6d0a324ab00f5d39e91,ok,
402,Nightmare,Mac DeMarco,,https://open.spotify.com/track/6ocId35dCVd9zmrzb6vnO5,6ocId35dCVd9zmrzb6vnO5,2025-08-22T00:00:00Z,136933,False,spotify:track:6ocId35dCVd9zmrzb6vnO5,https://image-cdn-ak.spotifycdn.com/image/ab67616d00001e026797b6d0a324ab00f5d39e91,ok,
403,Terror,Mac DeMarco,,https://open.spotify.com/track/0dk7LIwrm1npm6UwEssQEh,0dk7LIwrm1npm6UwEssQEh,2025-08-22T00:00:00Z,183800,False,spotify:track:0dk7LIwrm1npm6UwEssQEh,https://image-cdn-fa.spotifycdn.com/image/ab67616d00001e026797b6d0a324ab00f5d39e91,ok,
404,Rock And Roll,Mac DeMarco,,https://open.spotify.com/track/58yz3lbCHxj18jsbwkQEyz,58yz3lbCHxj18jsbwkQEyz,2025-08-22T00:00:00Z,182360,False,spotify:track:58yz3lbCHxj18jsbwkQEyz,https://image-cdn-fa.spotifycdn.com/image/ab67616d00001e026797b6d0a324ab00f5d39e91,ok,
405,Home,Mac DeMarco,,https://open.spotify.com/track/5jUTUtASaCSvod7opmnTlH,5jUTUtASaCSvod7opmnTlH,2025-08-22T00:00:00Z,131906,False,spotify:track:5jUTUtASaCSvod7opmnTlH,https://image-cdn-fa.spotifycdn.com/image/ab67616d00001e026797b6d0a324ab00f5d39e91,ok,
406,Nothing At All,Mac DeMarco,,https://open.spotify.com/track/6axkr9JOY2H1hdQSG9dY7m,6axkr9JOY2H1hdQSG9dY7m,2025-08-22T00:00:00Z,196986,False,spotify:track:6axkr9JOY2H1hdQSG9dY7m,https://image-cdn-fa.spotifycdn.com/image/ab67616d00001e026797b6d0a324ab00f5d39e91,ok,
407,Punishment,Mac DeMarco,,https://open.spotify.com/track/3FZ31x8WWKZ2TcMsGaSBYe,3FZ31x8WWKZ2TcMsGaSBYe,2025-08-22T00:00:00Z,120960,False,spotify:track:3FZ31x8WWKZ2TcMsGaSBYe,https://image-cdn-fa.spotifycdn.com/image/ab67616d00001e026797b6d0a324ab00f5d39e91,ok,
408,Knockin,Mac DeMarco,,https://open.spotify.com/track/0fzFk0LHgTmGm7JAWcr9Xs,0fzFk0LHgTmGm7JAWcr9Xs,2025-08-22T00:00:00Z,140706,False,spotify:track:0fzFk0LHgTmGm7JAWcr9Xs,https://image-cdn-fa.spotifycdn.com/image/ab67616d00001e026797b6d0a324ab00f5d39e91,ok,
409,Holy,Mac DeMarco,,https://open.spotify.com/track/4m29PyiwrsG3ycQr3R1P3T,4m29PyiwrsG3ycQr3R1P3T,2025-08-22T00:00:00Z,144773,False,spotify:track:4m29PyiwrsG3ycQr3R1P3T,https://image-cdn-fa.spotifycdn.com/image/ab67616d00001e026797b6d0a324ab00f5d39e91,ok,
410,Rooster,Mac DeMarco,,https://open.spotify.com/track/53x1Wib1wn4GnKZHhQcU41,53x1Wib1wn4GnKZHhQcU41,2025-08-22T00:00:00Z,145366,False,spotify:track:53x1Wib1wn4GnKZHhQcU41,https://image-cdn-fa.spotifycdn.com/image/ab67616d00001e026797b6d0a324ab00f5d39e91,ok,
411,OKRA,"Tyler, The Creator",,https://open.spotify.com/track/74ZovzRxHBvCq5yIwe8boh,74ZovzRxHBvCq5yIwe8boh,2018-03-30T00:00:00Z,151026,True,spotify:track:74ZovzRxHBvCq5yIwe8boh,https://image-cdn-fa.spotifycdn.com/image/ab67616d00001e023fc927515b0dfc30544e4129,ok,
412,THE BROWN STAINS OF DARKEESE LATIFAH PART 6-12 (REMIX) (feat. ScHoolboy Q),"Tyler, The Creator, ScHoolboy Q",,https://open.spotify.com/track/7E3FdWpPkWTCggsanYXj30,7E3FdWpPkWTCggsanYXj30,2015-04-13T00:00:00Z,191868,True,spotify:track:7E3FdWpPkWTCggsanYXj30,https://image-cdn-fa.spotifycdn.com/image/ab67616d00001e0237906edcfbfde42b203097f2,ok,
413,I'm In It,Kanye West,,https://open.spotify.com/track/52NmkyHsGsHGb1UX8fTkMg,52NmkyHsGsHGb1UX8fTkMg,2013-06-18T00:00:00Z,234853,True,spotify:track:52NmkyHsGsHGb1UX8fTkMg,https://image-cdn-fa.spotifycdn.com/image/ab67616d00001e021dacfbc31cc873d132958af9,ok,
414,Playground,Steve Lacy,,https://open.spotify.com/track/6v23dkIy9AHxk8MAcOHBLu,6v23dkIy9AHxk8MAcOHBLu,2019-05-24T00:00:00Z,213797,False,spotify:track:6v23dkIy9AHxk8MAcOHBLu,https://image-cdn-ak.spotifycdn.com/image/ab67616d00001e02962ff78ff496c98e5fed40d8,ok,
415,Chanel,Frank Ocean,,https://open.spotify.com/track/6Nle9hKrkL1wQpwNfEkxjh,6Nle9hKrkL1wQpwNfEkxjh,2017-03-10T00:00:00Z,210285,True,spotify:track:6Nle9hKrkL1wQpwNfEkxjh,https://image-cdn-ak.spotifycdn.com/image/ab67616d00001e02a0b780c23fc3c19bd412b234,ok,
416,N Side,Steve Lacy,,https://open.spotify.com/track/12ILYlOEfWL8ei0BEgFJn0,12ILYlOEfWL8ei0BEgFJn0,2019-05-24T00:00:00Z,224444,False,spotify:track:12ILYlOEfWL8ei0BEgFJn0,https://image-cdn-fa.spotifycdn.com/image/ab67616d00001e02962ff78ff496c98e5fed40d8,ok,
417,Love 2 Fast,Steve Lacy,,https://open.spotify.com/track/6PwXCodhJyCLhidB3dDr6r,6PwXCodhJyCLhidB3dDr6r,2019-05-24T00:00:00Z,222981,False,spotify:track:6PwXCodhJyCLhidB3dDr6r,https://image-cdn-fa.spotifycdn.com/image/ab67616d00001e02962ff78ff496c98e5fed40d8,ok,
418,SAFARI,"Tyler, The Creator",,https://open.spotify.com/track/09xpQPfKWdio1wx6v17dGa,09xpQPfKWdio1wx6v17dGa,2021-06-25T00:00:00Z,177742,True,spotify:track:09xpQPfKWdio1wx6v17dGa,https://image-cdn-fa.spotifycdn.com/image/ab67616d00001e02940aa635eea98719f6ca4ad9,ok,
419,Still Do,Jordana,,https://open.spotify.com/track/26c5aILlrT4wcIDmN4zwkA,26c5aILlrT4wcIDmN4zwkA,2025-08-26T00:00:00Z,180769,False,spotify:track:26c5aILlrT4wcIDmN4zwkA,https://image-cdn-ak.spotifycdn.com/image/ab67616d00001e027031ce479d73d1eb731469a3,ok,
420,Guide,Steve Lacy,,https://open.spotify.com/track/0UqYymwSS3HoWAeWvBJsoG,0UqYymwSS3HoWAeWvBJsoG,2019-05-24T00:00:00Z,141531,False,spotify:track:0UqYymwSS3HoWAeWvBJsoG,https://image-cdn-ak.spotifycdn.com/image/ab67616d00001e02962ff78ff496c98e5fed40d8,ok,
421,Addiction,Kanye West,,https://open.spotify.com/track/5VzeI5JM2y9t21JwrWAnkH,5VzeI5JM2y9t21JwrWAnkH,2005-08-30T00:00:00Z,267066,True,spotify:track:5VzeI5JM2y9t21JwrWAnkH,https://image-cdn-fa.spotifycdn.com/image/ab67616d00001e02d79ba8ad2be777bad0e9924b,ok,
422,Life Of The Party (with André 3000),"Kanye West, André 3000",,https://open.spotify.com/track/2yBb1CRq98SSWRuDSn36SZ,2yBb1CRq98SSWRuDSn36SZ,2021-11-14T00:00:00Z,391656,False,spotify:track:2yBb1CRq98SSWRuDSn36SZ,https://image-cdn-ak.spotifycdn.com/image/ab67616d00001e02c5663e50de353981ed2b1a37,ok,
423,Time to Pretend,MGMT,,https://open.spotify.com/track/4iG2gAwKXsOcijVaVXzRPW,4iG2gAwKXsOcijVaVXzRPW,2007-12-14T00:00:00Z,261000,True,spotify:track:4iG2gAwKXsOcijVaVXzRPW,https://image-cdn-ak.spotifycdn.com/image/ab67616d00001e028b32b139981e79f2ebe005eb,ok,
424,Electric Feel,MGMT,,https://open.spotify.com/track/3FtYbEfBqAlGO46NUDQSAt,3FtYbEfBqAlGO46NUDQSAt,2007-12-14T00:00:00Z,229640,False,spotify:track:3FtYbEfBqAlGO46NUDQSAt,https://image-cdn-fa.spotifycdn.com/image/ab67616d00001e028b32b139981e79f2ebe005eb,ok,
425,Kids,MGMT,,https://open.spotify.com/track/1jJci4qxiYcOHhQR247rEU,1jJci4qxiYcOHhQR247rEU,2007-12-14T00:00:00Z,302840,False,spotify:track:1jJci4qxiYcOHhQR247rEU,https://image-cdn-fa.spotifycdn.com/image/ab67616d00001e028b32b139981e79f2ebe005eb,ok,
426,Uuuu,Steve Lacy,,https://open.spotify.com/track/6M0EP76qW9TG4SNU0agu94,6M0EP76qW9TG4SNU0agu94,2020-12-04T00:00:00Z,90708,False,spotify:track:6M0EP76qW9TG4SNU0agu94,https://image-cdn-ak.spotifycdn.com/image/ab67616d00001e02c3545bbe806b845c2b52bc20,ok,
427,WOLF,"Tyler, The Creator",,https://open.spotify.com/track/2JZpS2sOdJy37oBpn1GuPW,2JZpS2sOdJy37oBpn1GuPW,2013-04-01T00:00:00Z,110616,True,spotify:track:2JZpS2sOdJy37oBpn1GuPW,https://image-cdn-fa.spotifycdn.com/image/ab67616d00001e02913f492347e1585748450855,ok,
428,WOLF - Instrumental,"Tyler, The Creator",,https://open.spotify.com/track/22LjwEKshG0rIXnbwAefGQ,22LjwEKshG0rIXnbwAefGQ,2013-04-01T00:00:00Z,108826,False,spotify:track:22LjwEKshG0rIXnbwAefGQ,https://image-cdn-ak.spotifycdn.com/image/ab67616d00001e023dc9f1b0abd114fda4d9fb0b,ok,
429,D>E>A>T>H>M>E>T>A>L,Panchiko,,https://open.spotify.com/track/4sIFi8LpJWPvI5xviWFyA6,4sIFi8LpJWPvI5xviWFyA6,2000-12-05T00:00:00Z,261849,False,spotify:track:4sIFi8LpJWPvI5xviWFyA6,https://image-cdn-ak.spotifycdn.com/image/ab67616d00001e02e045aa197ada995407bf92fc,ok,
430,welcome and goodbye,"Dream, Ivory",,https://open.spotify.com/track/00RLNHc2jkEjUoCUlFgPVT,00RLNHc2jkEjUoCUlFgPVT,2018-03-31T00:00:00Z,140643,False,spotify:track:00RLNHc2jkEjUoCUlFgPVT,https://image-cdn-fa.spotifycdn.com/image/ab67616d00001e02ec5c5ec0da8942e4b03254f3,ok,
431,"Dream, Ivory","Dream, Ivory",,https://open.spotify.com/track/6Hzle86uYcpy3QkcCmMKgE,6Hzle86uYcpy3QkcCmMKgE,2017-03-09T00:00:00Z,188265,False,spotify:track:6Hzle86uYcpy3QkcCmMKgE,https://image-cdn-ak.spotifycdn.com/image/ab67616d00001e02b405027d5b63acb6945f3beb,ok,
432,red love,"Dream, Ivory",,https://open.spotify.com/track/7BB1bFKQ7sgBZ62dAsprfN,7BB1bFKQ7sgBZ62dAsprfN,2018-03-31T00:00:00Z,187820,False,spotify:track:7BB1bFKQ7sgBZ62dAsprfN,https://image-cdn-fa.spotifycdn.com/image/ab67616d00001e02668ea666299934cf27f045d0,ok,
433,Blue,"Dream, Ivory",,https://open.spotify.com/track/2AkBGeSQXuUo2ZAqubpl6Y,2AkBGeSQXuUo2ZAqubpl6Y,2017-03-09T00:00:00Z,150022,False,spotify:track:2AkBGeSQXuUo2ZAqubpl6Y,https://image-cdn-fa.spotifycdn.com/image/ab67616d00001e02b405027d5b63acb6945f3beb,ok,
434,as i say,"Dream, Ivory",,https://open.spotify.com/track/1Hvzgb3TxHHDOT7iBm0JIM,1Hvzgb3TxHHDOT7iBm0JIM,2018-03-31T00:00:00Z,207255,False,spotify:track:1Hvzgb3TxHHDOT7iBm0JIM,https://image-cdn-ak.spotifycdn.com/image/ab67616d00001e026664c18528bbac8bef5322af,ok,
435,Loser,Tame Impala,,https://open.spotify.com/track/3RmFPuTTAjSQ2pbEd2j9oA,3RmFPuTTAjSQ2pbEd2j9oA,2025-09-03T00:00:00Z,223069,True,spotify:track:3RmFPuTTAjSQ2pbEd2j9oA,https://image-cdn-fa.spotifycdn.com/image/ab67616d00001e02e2aa48290b3cd1040be92345,ok,
436,One More Hour,Tame Impala,,https://open.spotify.com/track/0mO6oS60RST2sWmN2FKknP,0mO6oS60RST2sWmN2FKknP,2020-02-14T00:00:00Z,432560,False,spotify:track:0mO6oS60RST2sWmN2FKknP,https://image-cdn-ak.spotifycdn.com/image/ab67616d00001e0258267bd34420a00d5cf83a49,ok,
437,Stabilisers For Big Boys,Panchiko,,https://open.spotify.com/track/5WmDndgVTaQGeh2aykREq1,5WmDndgVTaQGeh2aykREq1,2000-12-05T00:00:00Z,252400,False,spotify:track:5WmDndgVTaQGeh2aykREq1,https://image-cdn-fa.spotifycdn.com/image/ab67616d00001e02e045aa197ada995407bf92fc,ok,
438,CUT,Panchiko,,https://open.spotify.com/track/2UWwtwldbjjc3qK2IQ11I1,2UWwtwldbjjc3qK2IQ11I1,2000-12-05T00:00:00Z,293038,False,spotify:track:2UWwtwldbjjc3qK2IQ11I1,https://image-cdn-ak.spotifycdn.com/image/ab67616d00001e02e045aa197ada995407bf92fc,ok,
439,Kicking Cars,Panchiko,,https://open.spotify.com/track/4CR1tZe88WLril62RqNu42,4CR1tZe88WLril62RqNu42,2000-12-05T00:00:00Z,251271,False,spotify:track:4CR1tZe88WLril62RqNu42,https://image-cdn-ak.spotifycdn.com/image/ab67616d00001e02e045aa197ada995407bf92fc,ok,
440,Failed at Math(s),Panchiko,,https://open.spotify.com/track/6W1wt10FubiQQVXychFAKp,6W1wt10FubiQQVXychFAKp,2023-03-08T00:00:00Z,160263,False,spotify:track:6W1wt10FubiQQVXychFAKp,https://image-cdn-fa.spotifycdn.com/image/ab67616d00001e028ecdfaae685756f3aa4ae7f0,ok,
441,NeilSSong,Panchiko,,https://open.spotify.com/track/2TsUdeDAsQYBxOnF7DXlrx,2TsUdeDAsQYBxOnF7DXlrx,2020-08-14T00:00:00Z,232125,False,spotify:track:2TsUdeDAsQYBxOnF7DXlrx,https://image-cdn-ak.spotifycdn.com/image/ab67616d00001e02c43ee2c59d5d6b0d4b3a2075,ok,
442,Until I Know,Panchiko,,https://open.spotify.com/track/0HUgIoUcUZ2HpFqOL1FEcZ,0HUgIoUcUZ2HpFqOL1FEcZ,2023-03-30T00:00:00Z,203368,False,spotify:track:0HUgIoUcUZ2HpFqOL1FEcZ,https://image-cdn-fa.spotifycdn.com/image/ab67616d00001e028ecdfaae685756f3aa4ae7f0,ok,
443,All They Wanted,Panchiko,,https://open.spotify.com/track/28Ymf40EoJ6776juQZNPoY,28Ymf40EoJ6776juQZNPoY,2020-07-25T00:00:00Z,127875,False,spotify:track:28Ymf40EoJ6776juQZNPoY,https://image-cdn-fa.spotifycdn.com/image/ab67616d00001e02c43ee2c59d5d6b0d4b3a2075,ok,
444,PILOT (feat. Sydney Bennett),"Tyler, The Creator, Syd",,https://open.spotify.com/track/4SUQbrebZgvSX8i3aYHMB6,4SUQbrebZgvSX8i3aYHMB6,2015-04-13T00:00:00Z,209412,True,spotify:track:4SUQbrebZgvSX8i3aYHMB6,https://image-cdn-fa.spotifycdn.com/image/ab67616d00001e0237906edcfbfde42b203097f2,ok,
445,Laputa,Panchiko,,https://open.spotify.com/track/2zYBRyHAy6dv1wb53JXFD7,2zYBRyHAy6dv1wb53JXFD7,2000-12-05T00:00:00Z,163544,False,spotify:track:2zYBRyHAy6dv1wb53JXFD7,https://image-cdn-ak.spotifycdn.com/image/ab67616d00001e02e045aa197ada995407bf92fc,ok,
446,Sodium Chloride,Panchiko,,https://open.spotify.com/track/7aafGSa6JccYOY9kNV9FNB,7aafGSa6JccYOY9kNV9FNB,2000-12-05T00:00:00Z,163749,False,spotify:track:7aafGSa6JccYOY9kNV9FNB,https://image-cdn-fa.spotifycdn.com/image/ab67616d00001e02e045aa197ada995407bf92fc,ok,
447,Moon,Kanye West,,https://open.spotify.com/track/7CC6UbCs4iGsePSzFxYxNn,7CC6UbCs4iGsePSzFxYxNn,2021-08-29T00:00:00Z,156091,False,spotify:track:7CC6UbCs4iGsePSzFxYxNn,https://image-cdn-fa.spotifycdn.com/image/ab67616d00001e02cad190f1a73c024e5a40dddd,ok,
448,Bastard,"Tyler, The Creator",,https://open.spotify.com/track/7gza9mETipz1YWiN7tOedL,7gza9mETipz1YWiN7tOedL,2011-10-03T00:00:00Z,369386,True,spotify:track:7gza9mETipz1YWiN7tOedL,https://image-cdn-fa.spotifycdn.com/image/ab67616d00001e022df76d6857d2f200b6b22fe6,ok,
449,Vancouver 3,Mac DeMarco,,https://open.spotify.com/track/7id62E18qVC91lHgUwuaKo,7id62E18qVC91lHgUwuaKo,2023-01-20T00:00:00Z,167053,False,spotify:track:7id62E18qVC91lHgUwuaKo,https://image-cdn-ak.spotifycdn.com/image/ab67616d00001e02f4ec5161a2cedca8eecb01c0,ok,
450,Gualala 2,Mac DeMarco,,https://open.spotify.com/track/4HttvxXJDIkYzhhS8jFdW9,4HttvxXJDIkYzhhS8jFdW9,2023-01-20T00:00:00Z,146280,False,spotify:track:4HttvxXJDIkYzhhS8jFdW9,https://image-cdn-ak.spotifycdn.com/image/ab67616d00001e02f4ec5161a2cedca8eecb01c0,ok,
451,Portland,Mac DeMarco,,https://open.spotify.com/track/3dHfG1FAoW7jyx4v1meQho,3dHfG1FAoW7jyx4v1meQho,2023-01-20T00:00:00Z,185080,False,spotify:track:3dHfG1FAoW7jyx4v1meQho,https://image-cdn-fa.spotifycdn.com/image/ab67616d00001e02f4ec5161a2cedca8eecb01c0,ok,
452,Big Brother,Kanye West,,https://open.spotify.com/track/2L47m9erkB5KBZcaqWtYen,2L47m9erkB5KBZcaqWtYen,2007-09-11T00:00:00Z,287560,True,spotify:track:2L47m9erkB5KBZcaqWtYen,https://image-cdn-fa.spotifycdn.com/image/ab67616d00001e0226f7f19c7f0381e56156c94a,ok,
453,Homecoming,"Kanye West, Chris Martin",,https://open.spotify.com/track/4iz9lGMjU1lXS51oPmUmTe,4iz9lGMjU1lXS51oPmUmTe,2007-09-11T00:00:00Z,203493,True,spotify:track:4iz9lGMjU1lXS51oPmUmTe,https://image-cdn-fa.spotifycdn.com/image/ab67616d00001e0226f7f19c7f0381e56156c94a,ok,
454,Champion,Kanye West,,https://open.spotify.com/track/4UQMOPSUVJVicIQzjAcRRZ,4UQMOPSUVJVicIQzjAcRRZ,2007-09-11T00:00:00Z,167600,True,spotify:track:4UQMOPSUVJVicIQzjAcRRZ,https://image-cdn-fa.spotifycdn.com/image/ab67616d00001e0226f7f19c7f0381e56156c94a,ok,
455,Can't Tell Me Nothing,Kanye West,,https://open.spotify.com/track/0mEdbdeRFQwBhN4xfyIeUM,0mEdbdeRFQwBhN4xfyIeUM,2007-09-11T00:00:00Z,271600,True,spotify:track:0mEdbdeRFQwBhN4xfyIeUM,https://image-cdn-ak.spotifycdn.com/image/ab67616d00001e0226f7f19c7f0381e56156c94a,ok,
456,Guilt Trip,Kanye West,,https://open.spotify.com/track/5nPOM0nFRAJ3XI8xCxNAzO,5nPOM0nFRAJ3XI8xCxNAzO,2013-06-18T00:00:00Z,243746,True,spotify:track:5nPOM0nFRAJ3XI8xCxNAzO,https://image-cdn-fa.spotifycdn.com/image/ab67616d00001e021dacfbc31cc873d132958af9,ok,
457,Send It Up,Kanye West,,https://open.spotify.com/track/3RKblQNJs8HPvWBgXmq6nn,3RKblQNJs8HPvWBgXmq6nn,2013-06-18T00:00:00Z,178040,True,spotify:track:3RKblQNJs8HPvWBgXmq6nn,https://image-cdn-fa.spotifycdn.com/image/ab67616d00001e021dacfbc31cc873d132958af9,ok,
458,On Sight,Kanye West,,https://open.spotify.com/track/1gqkRc9WtOpnGIqxf2Hvzr,1gqkRc9WtOpnGIqxf2Hvzr,2013-06-18T00:00:00Z,156480,True,spotify:track:1gqkRc9WtOpnGIqxf2Hvzr,https://image-cdn-fa.spotifycdn.com/image/ab67616d00001e021dacfbc31cc873d132958af9,ok,
459,4:44,JAŸ-Z,,https://open.spotify.com/track/1gT5TGwbkkkUliNzHRIGi1,1gT5TGwbkkkUliNzHRIGi1,2017-07-07T00:00:00Z,284493,True,spotify:track:1gT5TGwbkkkUliNzHRIGi1,https://image-cdn-ak.spotifycdn.com/image/ab67616d00001e027513c4956ea5552caf02eab6,ok,
460,20210616,Mac DeMarco,,https://open.spotify.com/track/7Ls1Qrw7qrOvFTDzXmi7KA,7Ls1Qrw7qrOvFTDzXmi7KA,2023-04-21T00:00:00Z,154096,False,spotify:track:7Ls1Qrw7qrOvFTDzXmi7KA,https://image-cdn-ak.spotifycdn.com/image/ab67616d00001e0240461e96808378ae2787a7e4,ok,
461,Heaven Over our Heads,TV Girl,,https://open.spotify.com/track/1afnPPsiKj3MPfFFcC7QJE,1afnPPsiKj3MPfFFcC7QJE,2023-06-30T00:00:00Z,246750,False,spotify:track:1afnPPsiKj3MPfFFcC7QJE,https://image-cdn-ak.spotifycdn.com/image/ab67616d00001e028e956c4154ba8b2f7be13443,ok,
462,Mama's Boyfriend,Kanye West,Good Ass Job,https://open.spotify.com/local/Kanye%20West/Good%20Ass%20Job/Mama%27s%20Boyfriend/260,,,260000,,,,ok,
463,No Mistakes,Kanye West,,https://open.spotify.com/track/35KV2Nuib6jPMVN00O8iba,35KV2Nuib6jPMVN00O8iba,2018-06-01T00:00:00Z,123040,True,spotify:track:35KV2Nuib6jPMVN00O8iba,https://image-cdn-ak.spotifycdn.com/image/ab67616d00001e020cd942c1a864afa4e92d04f2,ok,
464,Average Guy (Blame),"TV Girl, Monster Rally",,https://open.spotify.com/track/1ZJaZDD8D9SqmBNAXehB6H,1ZJaZDD8D9SqmBNAXehB6H,2023-11-08T00:00:00Z,180994,False,spotify:track:1ZJaZDD8D9SqmBNAXehB6H,https://image-cdn-fa.spotifycdn.com/image/ab67616d00001e02ba4abbce939b8721d07cbf40,ok,
465,DNA.,Kendrick Lamar,,https://open.spotify.com/track/6HZILIRieu8S0iqY8kIKhj,6HZILIRieu8S0iqY8kIKhj,2017-04-14T00:00:00Z,185946,True,spotify:track:6HZILIRieu8S0iqY8kIKhj,https://image-cdn-fa.spotifycdn.com/image/ab67616d00001e028b52c6b9bc4e43d873869699,ok,
466,YAH.,Kendrick Lamar,,https://open.spotify.com/track/4BHSjbYylfOH5WAGusDyni,4BHSjbYylfOH5WAGusDyni,2017-04-14T00:00:00Z,160293,True,spotify:track:4BHSjbYylfOH5WAGusDyni,https://image-cdn-fa.spotifycdn.com/image/ab67616d00001e028b52c6b9bc4e43d873869699,ok,
467,HUMBLE.,Kendrick Lamar,,https://open.spotify.com/track/7KXjTSCq5nL1LoYtL7XAwS,7KXjTSCq5nL1LoYtL7XAwS,2017-04-14T00:00:00Z,177000,True,spotify:track:7KXjTSCq5nL1LoYtL7XAwS,https://image-cdn-fa.spotifycdn.com/image/ab67616d00001e028b52c6b9bc4e43d873869699,ok,
468,LOVE. FEAT. ZACARI.,"Kendrick Lamar, Zacari",,https://open.spotify.com/track/6PGoSes0D9eUDeeAafB2As,6PGoSes0D9eUDeeAafB2As,2017-04-14T00:00:00Z,213400,False,spotify:track:6PGoSes0D9eUDeeAafB2As,https://image-cdn-fa.spotifycdn.com/image/ab67616d00001e028b52c6b9bc4e43d873869699,ok,
469,GOD.,Kendrick Lamar,,https://open.spotify.com/track/5p3NP9mQblDsVJLdfNZJ3I,5p3NP9mQblDsVJLdfNZJ3I,2017-04-14T00:00:00Z,248826,True,spotify:track:5p3NP9mQblDsVJLdfNZJ3I,https://image-cdn-fa.spotifycdn.com/image/ab67616d00001e028b52c6b9bc4e43d873869699,ok,
470,ELEMENT.,Kendrick Lamar,,https://open.spotify.com/track/1EaKU4dMbesXXd3BrLCtYG,1EaKU4dMbesXXd3BrLCtYG,2017-04-14T00:00:00Z,208733,True,spotify:track:1EaKU4dMbesXXd3BrLCtYG,https://image-cdn-ak.spotifycdn.com/image/ab67616d00001e028b52c6b9bc4e43d873869699,ok,
471,Beautiful Horses,Bloodbath64,,https://open.spotify.com/track/4ejHNCr4feK3bSxQnTgv9d,4ejHNCr4feK3bSxQnTgv9d,2020-08-05T00:00:00Z,228750,False,spotify:track:4ejHNCr4feK3bSxQnTgv9d,https://image-cdn-fa.spotifycdn.com/image/ab67616d00001e025cf70accc514c0648c6ef368,ok,
472,Sweat Like Wine,Bloodbath64,,https://open.spotify.com/track/0mzwDjT0KbyLtgrppF8lrW,0mzwDjT0KbyLtgrppF8lrW,2020-08-05T00:00:00Z,217874,False,spotify:track:0mzwDjT0KbyLtgrppF8lrW,https://image-cdn-fa.spotifycdn.com/image/ab67616d00001e025cf70accc514c0648c6ef368,ok,
473,Symphony of Death,"Bloodbath64, TV Girl",,https://open.spotify.com/track/4piogK3cNW6mL19K8ItkB2,4piogK3cNW6mL19K8ItkB2,2020-08-05T00:00:00Z,145500,False,spotify:track:4piogK3cNW6mL19K8ItkB2,https://image-cdn-fa.spotifycdn.com/image/ab67616d00001e025cf70accc514c0648c6ef368,ok,
474,Escalators to the Moon,Bloodbath64,,https://open.spotify.com/track/26uHXNWafzDn8SkYB7fZ2r,26uHXNWafzDn8SkYB7fZ2r,2020-08-05T00:00:00Z,219500,False,spotify:track:26uHXNWafzDn8SkYB7fZ2r,https://image-cdn-fa.spotifycdn.com/image/ab67616d00001e025cf70accc514c0648c6ef368,ok,
475,No Looking,Bloodbath64,,https://open.spotify.com/track/36TB6pTzZq0qnFOlFbxbZH,36TB6pTzZq0qnFOlFbxbZH,2020-08-05T00:00:00Z,213500,False,spotify:track:36TB6pTzZq0qnFOlFbxbZH,https://image-cdn-ak.spotifycdn.com/image/ab67616d00001e025cf70accc514c0648c6ef368,ok,
476,This Is the Dream,Bloodbath64,,https://open.spotify.com/track/6lbYoBYA9ApnX9pUIS1GAL,6lbYoBYA9ApnX9pUIS1GAL,2020-08-05T00:00:00Z,124000,False,spotify:track:6lbYoBYA9ApnX9pUIS1GAL,https://image-cdn-ak.spotifycdn.com/image/ab67616d00001e025cf70accc514c0648c6ef368,ok,
477,Magazines,Bloodbath64,,https://open.spotify.com/track/7o5wXqVK3Dw1MDx3lFb3g1,7o5wXqVK3Dw1MDx3lFb3g1,2020-08-05T00:00:00Z,201500,False,spotify:track:7o5wXqVK3Dw1MDx3lFb3g1,https://image-cdn-ak.spotifycdn.com/image/ab67616d00001e025cf70accc514c0648c6ef368,ok,
478,Vapor Season,Bloodbath64,,https://open.spotify.com/track/6BDj2nF5Oq3M3L7gXcHRcJ,6BDj2nF5Oq3M3L7gXcHRcJ,2020-08-05T00:00:00Z,223500,True,spotify:track:6BDj2nF5Oq3M3L7gXcHRcJ,https://image-cdn-fa.spotifycdn.com/image/ab67616d00001e025cf70accc514c0648c6ef368,ok,
479,Running in Place,Bloodbath64,,https://open.spotify.com/track/6FC1exmubGY0fIAJTsA302,6FC1exmubGY0fIAJTsA302,2020-08-05T00:00:00Z,124000,False,spotify:track:6FC1exmubGY0fIAJTsA302,https://image-cdn-ak.spotifycdn.com/image/ab67616d00001e025cf70accc514c0648c6ef368,ok,
480,Lavender Buds,MF DOOM,,https://open.spotify.com/track/5j42r1PmIbM6fZSe11O08C,5j42r1PmIbM6fZSe11O08C,2004-03-23T00:00:00Z,185186,False,spotify:track:5j42r1PmIbM6fZSe11O08C,https://image-cdn-ak.spotifycdn.com/image/ab67616d00001e02810322d575e5a2ea235671f9,ok,
481,Diamonds From Sierra Leone - Bonus Track,Kanye West,,https://open.spotify.com/track/4R5bSS8yoCl2czeWLr61aO,4R5bSS8yoCl2czeWLr61aO,2005-08-30T00:00:00Z,238400,True,spotify:track:4R5bSS8yoCl2czeWLr61aO,https://image-cdn-ak.spotifycdn.com/image/ab67616d00001e02d79ba8ad2be777bad0e9924b,ok,
482,Paranoid,"Kanye West, Mr Hudson",,https://open.spotify.com/track/0w2piYWj1F2bzUftzGJgK9,0w2piYWj1F2bzUftzGJgK9,2008-11-24T00:00:00Z,277906,False,spotify:track:0w2piYWj1F2bzUftzGJgK9,https://image-cdn-fa.spotifycdn.com/image/ab67616d00001e0265fbf56c2837be4879b5020a,ok,
483,Street Lights,Kanye West,,https://open.spotify.com/track/6j8gTlbhj9KJSeypNcNAS9,6j8gTlbhj9KJSeypNcNAS9,2008-11-24T00:00:00Z,189906,False,spotify:track:6j8gTlbhj9KJSeypNcNAS9,https://image-cdn-ak.spotifycdn.com/image/ab67616d00001e0265fbf56c2837be4879b5020a,ok,
484,Novacane,Frank Ocean,,https://open.spotify.com/track/4osgfFTICMkcGbbigdsa53,4osgfFTICMkcGbbigdsa53,2011-01-01T00:00:00Z,302346,True,spotify:track:4osgfFTICMkcGbbigdsa53,https://image-cdn-ak.spotifycdn.com/image/ab67616d00001e0259a428dc7ef8e0c12b0fe18a,ok,
485,Solo,Frank Ocean,,https://open.spotify.com/track/35xSkNIXi504fcEwz9USRB,35xSkNIXi504fcEwz9USRB,2016-08-20T00:00:00Z,257380,True,spotify:track:35xSkNIXi504fcEwz9USRB,https://image-cdn-fa.spotifycdn.com/image/ab67616d00001e02c5649add07ed3720be9d5526,ok,
486,"Sam (Is Dead) (feat. Domo Genesis & Tyler, The Creator)","Odd Future, Domo Genesis, Tyler, The Creator",,https://open.spotify.com/track/67nRofeeMvysUeO4FxB6tL,67nRofeeMvysUeO4FxB6tL,2012-03-16T00:00:00Z,202066,True,spotify:track:67nRofeeMvysUeO4FxB6tL,https://image-cdn-ak.spotifycdn.com/image/ab67616d00001e021dd05262c971257279fcaf61,ok,
487,Pink Triangle,Weezer,,https://open.spotify.com/track/6qQGxKyy6LcyZVsWn93lyS,6qQGxKyy6LcyZVsWn93lyS,1996-09-24T00:00:00Z,238600,False,spotify:track:6qQGxKyy6LcyZVsWn93lyS,https://image-cdn-fa.spotifycdn.com/image/ab67616d00001e02f4f9accdc0fb8ddee29e32b7,ok,
488,Mac’s Omelette,Panchiko,,https://open.spotify.com/track/76cublIM8MdirqrOPVaoET,76cublIM8MdirqrOPVaoET,2025-04-04T00:00:00Z,238845,False,spotify:track:76cublIM8MdirqrOPVaoET,https://image-cdn-fa.spotifycdn.com/image/ab67616d00001e0290b92ac6a114b458b2c72625,ok,
489,Florida,Panchiko,,https://open.spotify.com/track/74dDnzEw1fYcVgbYXmN4dG,74dDnzEw1fYcVgbYXmN4dG,2025-04-04T00:00:00Z,251034,False,spotify:track:74dDnzEw1fYcVgbYXmN4dG,https://image-cdn-fa.spotifycdn.com/image/ab67616d00001e0290b92ac6a114b458b2c72625,ok,
490,Ginkgo,Panchiko,,https://open.spotify.com/track/1Czqh6tbb9gqCQpSkXsqDT,1Czqh6tbb9gqCQpSkXsqDT,2025-04-04T00:00:00Z,157394,False,spotify:track:1Czqh6tbb9gqCQpSkXsqDT,https://image-cdn-ak.spotifycdn.com/image/ab67616d00001e0290b92ac6a114b458b2c72625,ok,
491,Honeycomb,Panchiko,,https://open.spotify.com/track/1xa88NVLoFLcKTdmBEj1f2,1xa88NVLoFLcKTdmBEj1f2,2025-04-04T00:00:00Z,194969,False,spotify:track:1xa88NVLoFLcKTdmBEj1f2,https://image-cdn-fa.spotifycdn.com/image/ab67616d00001e0290b92ac6a114b458b2c72625,ok,
492,Lifestyle Trainers,Panchiko,,https://open.spotify.com/track/4XE1WNvCdNRCMZDNYeice2,4XE1WNvCdNRCMZDNYeice2,2025-04-04T00:00:00Z,187661,False,spotify:track:4XE1WNvCdNRCMZDNYeice2,https://image-cdn-ak.spotifycdn.com/image/ab67616d00001e0290b92ac6a114b458b2c72625,ok,
493,Burger,"Tyler, The Creator, Hodgy",,https://open.spotify.com/track/37oQTVb4HAt2qAweTbapUU,37oQTVb4HAt2qAweTbapUU,2011-05-09T00:00:00Z,229640,True,spotify:track:37oQTVb4HAt2qAweTbapUU,https://image-cdn-fa.spotifycdn.com/image/ab67616d00001e0228ae9a159d24cb0ab2552712,ok,
494,Otis,"JAŸ-Z, Kanye West, Otis Redding",,https://open.spotify.com/track/4KyMZxbMbrSPHwMczzgxqQ,4KyMZxbMbrSPHwMczzgxqQ,2011-08-12T00:00:00Z,178224,True,spotify:track:4KyMZxbMbrSPHwMczzgxqQ,https://image-cdn-fa.spotifycdn.com/image/ab67616d00001e0252e61456aa4995ba48d94e30,ok,
495,King Kunta,Kendrick Lamar,,https://open.spotify.com/track/0N3W5peJUQtI4eyR6GJT5O,0N3W5peJUQtI4eyR6GJT5O,2015-03-16T00:00:00Z,234693,True,spotify:track:0N3W5peJUQtI4eyR6GJT5O,https://image-cdn-ak.spotifycdn.com/image/ab67616d00001e02cdb645498cd3d8a2db4d05e1,ok,
496,7 Days Til Sunday,TV Girl,,https://open.spotify.com/track/1EKDVrhKvTdI8tIJ1oGyii,1EKDVrhKvTdI8tIJ1oGyii,2018-05-08T00:00:00Z,215000,False,spotify:track:1EKDVrhKvTdI8tIJ1oGyii,https://image-cdn-fa.spotifycdn.com/image/ab67616d00001e021556d166d0ed059b34a00e1b,ok,
497,Drift Down,TV Girl,,https://open.spotify.com/track/51Hxez2vOWDH8HBDK42Uxp,51Hxez2vOWDH8HBDK42Uxp,2018-05-08T00:00:00Z,193187,False,spotify:track:51Hxez2vOWDH8HBDK42Uxp,https://image-cdn-ak.spotifycdn.com/image/ab67616d00001e021556d166d0ed059b34a00e1b,ok,
498,King of Echo Park,TV Girl,,https://open.spotify.com/track/2eL2UEYxEfJH9DaTDoQlsg,2eL2UEYxEfJH9DaTDoQlsg,2018-05-08T00:00:00Z,245708,False,spotify:track:2eL2UEYxEfJH9DaTDoQlsg,https://image-cdn-fa.spotifycdn.com/image/ab67616d00001e021556d166d0ed059b34a00e1b,ok,
499,Legendary Lovers,TV Girl,,https://open.spotify.com/track/37FVobI6ZrZwD7QmXTHRR3,37FVobI6ZrZwD7QmXTHRR3,2018-05-08T00:00:00Z,215055,False,spotify:track:37FVobI6ZrZwD7QmXTHRR3,https://image-cdn-ak.spotifycdn.com/image/ab67616d00001e021556d166d0ed059b34a00e1b,ok,
500,Every Stupid Actress,TV Girl,,https://open.spotify.com/track/7eClhHlXfHnMwZdR281GlK,7eClhHlXfHnMwZdR281GlK,2018-05-08T00:00:00Z,345739,False,spotify:track:7eClhHlXfHnMwZdR281GlK,https://image-cdn-fa.spotifycdn.com/image/ab67616d00001e021556d166d0ed059b34a00e1b,ok,
501,Death of a Party Girl,TV Girl,,https://open.spotify.com/track/6rEwk32I81z6lIzOSCwwPH,6rEwk32I81z6lIzOSCwwPH,2018-05-08T00:00:00Z,318020,False,spotify:track:6rEwk32I81z6lIzOSCwwPH,https://image-cdn-ak.spotifycdn.com/image/ab67616d00001e021556d166d0ed059b34a00e1b,ok,
502,PRIDE.,Kendrick Lamar,,https://open.spotify.com/track/6IZvVAP7VPPnsGX6bvgkqg,6IZvVAP7VPPnsGX6bvgkqg,2017-04-14T00:00:00Z,275253,True,spotify:track:6IZvVAP7VPPnsGX6bvgkqg,https://image-cdn-fa.spotifycdn.com/image/ab67616d00001e028b52c6b9bc4e43d873869699,ok,
503,No Church In The Wild,"JAŸ-Z, Kanye West, Frank Ocean, THE-DREAM",,https://open.spotify.com/track/1jIfaHx4jUl1mqdig9wUra,1jIfaHx4jUl1mqdig9wUra,2011-08-12T00:00:00Z,272508,True,spotify:track:1jIfaHx4jUl1mqdig9wUra,https://image-cdn-ak.spotifycdn.com/image/ab67616d00001e0252e61456aa4995ba48d94e30,ok,
504,SMUCKERS (feat. Lil Wayne & Kanye West),"Tyler, The Creator, Lil Wayne, Kanye West",,https://open.spotify.com/track/3v6SdZsS8zR6Go257tldbB,3v6SdZsS8zR6Go257tldbB,2015-04-13T00:00:00Z,334363,True,spotify:track:3v6SdZsS8zR6Go257tldbB,https://image-cdn-fa.spotifycdn.com/image/ab67616d00001e0237906edcfbfde42b203097f2,ok,
505,Come to Life,Kanye West,,https://open.spotify.com/track/14VMRC6EbRfeub5SkIXiad,14VMRC6EbRfeub5SkIXiad,2021-11-14T00:00:00Z,310393,False,spotify:track:14VMRC6EbRfeub5SkIXiad,https://image-cdn-fa.spotifycdn.com/image/ab67616d00001e02c5663e50de353981ed2b1a37,ok,
506,Off The Grid,Kanye West,,https://open.spotify.com/track/0YYMXRKWFKESvU7XVK5JlE,0YYMXRKWFKESvU7XVK5JlE,2021-11-14T00:00:00Z,339249,False,spotify:track:0YYMXRKWFKESvU7XVK5JlE,https://image-cdn-fa.spotifycdn.com/image/ab67616d00001e02c5663e50de353981ed2b1a37,ok,
507,CIRCLES (www.lightaudio.ru),Kanye West,,https://open.spotify.com/local///Kanye%20West%20%E2%80%94%20CIRCLES%20%28www.lightaudio.ru%29/155,,,155000,,,,ok,
508,Transylvania,"Tyler, The Creator",,https://open.spotify.com/track/2sws8NQm2AUYOuXdGF9cra,2sws8NQm2AUYOuXdGF9cra,2011-05-09T00:00:00Z,192200,True,spotify:track:2sws8NQm2AUYOuXdGF9cra,https://image-cdn-fa.spotifycdn.com/image/ab67616d00001e0228ae9a159d24cb0ab2552712,ok,
509,Redbone,Childish Gambino,,https://open.spotify.com/track/3vQ4T78TTMOjQXGfXVKQJo,3vQ4T78TTMOjQXGfXVKQJo,2016-12-02T00:00:00Z,326933,True,spotify:track:3vQ4T78TTMOjQXGfXVKQJo,https://image-cdn-fa.spotifycdn.com/image/ab67616d00001e021c29562d6e8c1f55bb1311d5,ok,
510,Me and Your Mama,Childish Gambino,,https://open.spotify.com/track/0NkkbKSzQ50mAoSUbQpgLw,0NkkbKSzQ50mAoSUbQpgLw,2016-12-02T00:00:00Z,379226,True,spotify:track:0NkkbKSzQ50mAoSUbQpgLw,https://image-cdn-fa.spotifycdn.com/image/ab67616d00001e021c29562d6e8c1f55bb1311d5,ok,
511,3005,Childish Gambino,,https://open.spotify.com/track/2X6b7zLdIxCejd6GqVcQ9M,2X6b7zLdIxCejd6GqVcQ9M,2013-12-10T00:00:00Z,234215,True,spotify:track:2X6b7zLdIxCejd6GqVcQ9M,https://image-cdn-fa.spotifycdn.com/image/ab67616d00001e0221b2b485aef32bcc96c1875c,ok,
512,Why I Love You,"JAŸ-Z, Kanye West, Mr Hudson",,https://open.spotify.com/track/1xUGUTWQNqQzYOX1mkAlFw,1xUGUTWQNqQzYOX1mkAlFw,2011-08-12T00:00:00Z,199205,True,spotify:track:1xUGUTWQNqQzYOX1mkAlFw,https://image-cdn-fa.spotifycdn.com/image/ab67616d00001e0252e61456aa4995ba48d94e30,ok,
513,All Of The Lights,Kanye West,,https://open.spotify.com/track/22L7bfCiAkJo5xGSQgmiIO,22L7bfCiAkJo5xGSQgmiIO,2010-11-22T00:00:00Z,299613,True,spotify:track:22L7bfCiAkJo5xGSQgmiIO,https://image-cdn-fa.spotifycdn.com/image/ab67616d00001e02d9194aa18fa4c9362b47464f,ok,
514,Infinite Pieces,Panchiko,,https://open.spotify.com/track/2uyjJUYMr34Z6TykcGZQtI,2uyjJUYMr34Z6TykcGZQtI,2021-02-14T00:00:00Z,338041,False,spotify:track:2uyjJUYMr34Z6TykcGZQtI,https://image-cdn-ak.spotifycdn.com/image/ab67616d00001e02b232819316c8ca04bff8f322,ok,
515,Garbage,"Tyler, The Creator",,https://open.spotify.com/track/10s2eN17PASGcpyuBgdr0G,10s2eN17PASGcpyuBgdr0G,2013-09-24T00:00:00Z,208586,True,spotify:track:10s2eN17PASGcpyuBgdr0G,https://image-cdn-fa.spotifycdn.com/image/ab67616d00001e02707fe4c159f0384c613dc4d2,ok,
516,Next Levels,"King Geedorah, John Robinson, Stahhr, Stacy Epps, Invizible Handz",,https://open.spotify.com/track/58MeeOMk6PMQxXWY9YCNPD,58MeeOMk6PMQxXWY9YCNPD,2003-06-17T00:00:00Z,229320,False,spotify:track:58MeeOMk6PMQxXWY9YCNPD,https://image-cdn-fa.spotifycdn.com/image/ab67616d00001e02a946aefb7f59f1431d557b35,ok,
517,Goodbye Weekend,Mac DeMarco,,https://open.spotify.com/track/7veyzFpXGgZj5Ul3TZ1lBc,7veyzFpXGgZj5Ul3TZ1lBc,2014-04-01T00:00:00Z,179766,False,spotify:track:7veyzFpXGgZj5Ul3TZ1lBc,https://image-cdn-fa.spotifycdn.com/image/ab67616d00001e02ec6e9c13eeed14eedbd5f7c9,ok,
518,Feedback,Kanye West,,https://open.spotify.com/track/49fT6owWuknekShh9utsjv,49fT6owWuknekShh9utsjv,2016-06-10T00:00:00Z,147240,True,spotify:track:49fT6owWuknekShh9utsjv,https://image-cdn-ak.spotifycdn.com/image/ab67616d00001e022a7db835b912dc5014bd37f4,ok,
519,Shattered Dreams,Earl Sweatshirt,,https://open.spotify.com/track/2LQb3iYBzoxbxct2IexjBc,2LQb3iYBzoxbxct2IexjBc,2018-11-30T00:00:00Z,141000,True,spotify:track:2LQb3iYBzoxbxct2IexjBc,https://image-cdn-fa.spotifycdn.com/image/ab67616d00001e022b688ab63b1a5f281cfdf451,ok,
520,White,"Frank Ocean, John Mayer",,https://open.spotify.com/track/1VMdwVq0yaTc4DeqSCi7DO,1VMdwVq0yaTc4DeqSCi7DO,2012-07-10T00:00:00Z,76280,False,spotify:track:1VMdwVq0yaTc4DeqSCi7DO,https://image-cdn-fa.spotifycdn.com/image/ab67616d00001e027aede4855f6d0d738012e2e5,ok,
521,Awkward - Instrumental,"Tyler, The Creator",,https://open.spotify.com/track/6ex85awyyNSg99oF6KEcVT,6ex85awyyNSg99oF6KEcVT,2013-04-01T00:00:00Z,253466,False,spotify:track:6ex85awyyNSg99oF6KEcVT,https://image-cdn-fa.spotifycdn.com/image/ab67616d00001e023dc9f1b0abd114fda4d9fb0b,ok,
522,Trouble,,,https://open.spotify.com/local///Trouble/104,,,104000,,,,ok,
523,LOYALTY. FEAT. RIHANNA.,"Kendrick Lamar, Rihanna",,https://open.spotify.com/track/6SwRhMLwNqEi6alNPVG00n,6SwRhMLwNqEi6alNPVG00n,2017-04-14T00:00:00Z,227360,True,spotify:track:6SwRhMLwNqEi6alNPVG00n,https://image-cdn-fa.spotifycdn.com/image/ab67616d00001e028b52c6b9bc4e43d873869699,ok,
524,Timeless (feat Playboi Carti),"The Weeknd, Playboi Carti",,https://open.spotify.com/track/0FIDCNYYjNvPVimz5icugS,0FIDCNYYjNvPVimz5icugS,2025-01-31T00:00:00Z,256000,True,spotify:track:0FIDCNYYjNvPVimz5icugS,https://image-cdn-fa.spotifycdn.com/image/ab67616d00001e02de79f330bc297af3fae736da,ok,
525,Illegal,PinkPantheress,,https://open.spotify.com/track/1WmBVbFmLt0w6zPP37TeCG,1WmBVbFmLt0w6zPP37TeCG,2025-05-09T00:00:00Z,149666,False,spotify:track:1WmBVbFmLt0w6zPP37TeCG,https://image-cdn-fa.spotifycdn.com/image/ab67616d00001e022a6a5bd7ec690d91a384245d,ok,
526,Pain,PinkPantheress,,https://open.spotify.com/track/4S4QJfBGGrC8jRIjJHf1Ka,4S4QJfBGGrC8jRIjJHf1Ka,2021-10-15T00:00:00Z,98544,False,spotify:track:4S4QJfBGGrC8jRIjJHf1Ka,https://image-cdn-ak.spotifycdn.com/image/ab67616d00001e020348d174bc1253a02bcb4ca2,ok,
527,Coffin Nails,MF DOOM,,https://open.spotify.com/track/0o73cSWmV0YJeHvzDbJDdn,0o73cSWmV0YJeHvzDbJDdn,2004-03-23T00:00:00Z,176760,False,spotify:track:0o73cSWmV0YJeHvzDbJDdn,https://image-cdn-fa.spotifycdn.com/image/ab67616d00001e02810322d575e5a2ea235671f9,ok,
528,Real Friends,Kanye West,,https://open.spotify.com/track/66Q3fAmSX5eHamgbKa9alP,66Q3fAmSX5eHamgbKa9alP,2016-06-10T00:00:00Z,251573,True,spotify:track:66Q3fAmSX5eHamgbKa9alP,https://image-cdn-fa.spotifycdn.com/image/ab67616d00001e022a7db835b912dc5014bd37f4,ok,
529,Drunk and Hot Girls,"Kanye West, Mos Def",,https://open.spotify.com/track/7DRuzSlhjKadgdsQRYZ0tr,7DRuzSlhjKadgdsQRYZ0tr,2007-09-11T00:00:00Z,313226,True,spotify:track:7DRuzSlhjKadgdsQRYZ0tr,https://image-cdn-fa.spotifycdn.com/image/ab67616d00001e0226f7f19c7f0381e56156c94a,ok,
530,I Must Apologise,PinkPantheress,,https://open.spotify.com/track/2rrq3SGYxk90xLx5fMmPhZ,2rrq3SGYxk90xLx5fMmPhZ,2021-10-15T00:00:00Z,108373,False,spotify:track:2rrq3SGYxk90xLx5fMmPhZ,https://image-cdn-ak.spotifycdn.com/image/ab67616d00001e020348d174bc1253a02bcb4ca2,ok,
531,"Monday, Monday","TV Girl, George Clanton, Neggy Gemmy",,https://open.spotify.com/track/14joz9oqnhYORgpKOmE0Aj,14joz9oqnhYORgpKOmE0Aj,2025-04-04T00:00:00Z,213000,False,spotify:track:14joz9oqnhYORgpKOmE0Aj,https://image-cdn-fa.spotifycdn.com/image/ab67616d00001e029975e758f8df5f3704c521c7,ok,
532,Break It Off - Bonus,PinkPantheress,,https://open.spotify.com/track/78ul3D77noQsYjSwvwiPU1,78ul3D77noQsYjSwvwiPU1,2021-10-15T00:00:00Z,96133,False,spotify:track:78ul3D77noQsYjSwvwiPU1,https://image-cdn-fa.spotifycdn.com/image/ab67616d00001e020348d174bc1253a02bcb4ca2,ok,
533,"Palace/Curse (feat. Tyler, The Creator & Steve Lacy)","The Internet, Tyler, The Creator, Steve Lacy",,https://open.spotify.com/track/300DUx4tdtCdGEUXR032jA,300DUx4tdtCdGEUXR032jA,2015-06-26T00:00:00Z,440003,True,spotify:track:300DUx4tdtCdGEUXR032jA,https://image-cdn-fa.spotifycdn.com/image/ab67616d00001e0285270a0d79648e867c206379,ok,
534,Girl (feat. KAYTRANADA),"The Internet, KAYTRANADA",,https://open.spotify.com/track/3PFaFVWq5wucLu6s4baj9D,3PFaFVWq5wucLu6s4baj9D,2015-06-26T00:00:00Z,416322,True,spotify:track:3PFaFVWq5wucLu6s4baj9D,https://image-cdn-ak.spotifycdn.com/image/ab67616d00001e0285270a0d79648e867c206379,ok,
535,Passion,PinkPantheress,,https://open.spotify.com/track/0QezBrYzFFT0f68zK6EvZI,0QezBrYzFFT0f68zK6EvZI,2021-10-15T00:00:00Z,138268,False,spotify:track:0QezBrYzFFT0f68zK6EvZI,https://image-cdn-ak.spotifycdn.com/image/ab67616d00001e020348d174bc1253a02bcb4ca2,ok,
536,Just for Me,PinkPantheress,,https://open.spotify.com/track/1Vrj9Vcbb0lOG94pQbYvzv,1Vrj9Vcbb0lOG94pQbYvzv,2021-10-15T00:00:00Z,116213,False,spotify:track:1Vrj9Vcbb0lOG94pQbYvzv,https://image-cdn-ak.spotifycdn.com/image/ab67616d00001e020348d174bc1253a02bcb4ca2,ok,
537,Alright,Kendrick Lamar,,https://open.spotify.com/track/3iVcZ5G6tvkXZkZKlMpIUs,3iVcZ5G6tvkXZkZKlMpIUs,2015-03-16T00:00:00Z,219333,True,spotify:track:3iVcZ5G6tvkXZkZKlMpIUs,https://image-cdn-fa.spotifycdn.com/image/ab67616d00001e02cdb645498cd3d8a2db4d05e1,ok,
538,Skyline To,Frank Ocean,,https://open.spotify.com/track/4xR3MAscflQ262kMeiKshQ,4xR3MAscflQ262kMeiKshQ,2016-08-20T00:00:00Z,184600,True,spotify:track:4xR3MAscflQ262kMeiKshQ,https://image-cdn-fa.spotifycdn.com/image/ab67616d00001e02c5649add07ed3720be9d5526,ok,
539,Maui Wowie,Kid Cudi,,https://open.spotify.com/track/7uJUDd92ZfawO5clVSY0dq,7uJUDd92ZfawO5clVSY0dq,2022-07-08T00:00:00Z,143466,True,spotify:track:7uJUDd92ZfawO5clVSY0dq,https://image-cdn-fa.spotifycdn.com/image/ab67616d00001e024cb2f1ba021f56ca81eedb11,ok,
540,Mother,"Tyler, The Creator",,https://open.spotify.com/track/5goc5XgGhACpIurZUOe9eM,5goc5XgGhACpIurZUOe9eM,2024-10-29T00:00:00Z,280790,True,spotify:track:5goc5XgGhACpIurZUOe9eM,https://image-cdn-fa.spotifycdn.com/image/ab67616d00001e02f2bfe361205aea3dd17c09a2,ok,
541,Yellow,"Tyler, the Creator feat. Kali Uchis",,https://open.spotify.com/local///Tyler%2C%20the%20Creator%20feat.%20Kali%20Uchis%20-%20Yellow/177,,,177000,,,,ok,
542,CAN U BE,,,https://open.spotify.com/local///CAN%20U%20BE/130,,,130000,,,,ok,
543,Riot!,Earl Sweatshirt,,https://open.spotify.com/track/6cmt9CRoK0KGcNg9Tpje53,6cmt9CRoK0KGcNg9Tpje53,2018-11-30T00:00:00Z,66133,False,spotify:track:6cmt9CRoK0KGcNg9Tpje53,https://image-cdn-fa.spotifycdn.com/image/ab67616d00001e022b688ab63b1a5f281cfdf451,ok,
544,Song 2 - 2012 Remaster,Blur,,https://open.spotify.com/track/1FTSo4v6BOZH9QxKc3MbVM,1FTSo4v6BOZH9QxKc3MbVM,1997-02-10T00:00:00Z,121160,False,spotify:track:1FTSo4v6BOZH9QxKc3MbVM,https://image-cdn-fa.spotifycdn.com/image/ab67616d00001e02de114203356c1f7b136960b6,ok,
545,Fertilizer,Frank Ocean,,https://open.spotify.com/track/6jypaMkKsoc5npsVzxhksl,6jypaMkKsoc5npsVzxhksl,2012-07-10T00:00:00Z,39640,True,spotify:track:6jypaMkKsoc5npsVzxhksl,https://image-cdn-ak.spotifycdn.com/image/ab67616d00001e027aede4855f6d0d738012e2e5,ok,
546,Girls & Boys,Blur,,https://open.spotify.com/track/5CeL9C3bsoe4yzYS1Qz8cw,5CeL9C3bsoe4yzYS1Qz8cw,2000-10-23T00:00:00Z,259385,False,spotify:track:5CeL9C3bsoe4yzYS1Qz8cw,https://image-cdn-fa.spotifycdn.com/image/ab67616d00001e027d3aadd7758a404d22c24229,ok,
547,Pursuit Of Happiness (Nightmare),"Kid Cudi, MGMT, Ratatat",,https://open.spotify.com/track/4kTLpAbhuEGHAAdDjOIWaa,4kTLpAbhuEGHAAdDjOIWaa,2009-01-01T00:00:00Z,295293,True,spotify:track:4kTLpAbhuEGHAAdDjOIWaa,https://image-cdn-fa.spotifycdn.com/image/ab67616d00001e02a487deeecb334b6619489d74,ok,
548,Magnolia,Playboi Carti,,https://open.spotify.com/track/1e1JKLEDKP7hEQzJfNAgPl,1e1JKLEDKP7hEQzJfNAgPl,2017-04-14T00:00:00Z,181812,True,spotify:track:1e1JKLEDKP7hEQzJfNAgPl,https://image-cdn-fa.spotifycdn.com/image/ab67616d00001e0219f38111bd020b2027232d3c,ok,
549,Don Juan,Mac DeMarco,,https://open.spotify.com/track/3JC4ReSPU0gLZHLt32UCsm,3JC4ReSPU0gLZHLt32UCsm,2015-07-08T00:00:00Z,116863,False,spotify:track:3JC4ReSPU0gLZHLt32UCsm,https://image-cdn-ak.spotifycdn.com/image/ab67616d00001e02a5b15f3367bca7ef4947293b,ok,
550,BOYFRIEND,"Tyler, The Creator",,https://open.spotify.com/local/Tyler%2C%20The%20Creator//BOYFRIEND/240,,,240000,,,,ok,
551,Reborn,KIDS SEE GHOSTS,,https://open.spotify.com/track/4RVbK6cV0VqWdpCDcx3hiT,4RVbK6cV0VqWdpCDcx3hiT,2018-06-08T00:00:00Z,324674,True,spotify:track:4RVbK6cV0VqWdpCDcx3hiT,https://image-cdn-ak.spotifycdn.com/image/ab67616d00001e02013c00ee367dd85396f79c82,ok,
552,I Thought About Killing You,Kanye West,,https://open.spotify.com/track/0yhxBvedRdGxsPZHJNI4VA,0yhxBvedRdGxsPZHJNI4VA,2018-06-01T00:00:00Z,274186,True,spotify:track:0yhxBvedRdGxsPZHJNI4VA,https://image-cdn-fa.spotifycdn.com/image/ab67616d00001e020cd942c1a864afa4e92d04f2,ok,
553,Yikes,Kanye West,,https://open.spotify.com/track/1qsHYUd2c1wFGcn7e63QmG,1qsHYUd2c1wFGcn7e63QmG,2018-06-01T00:00:00Z,188773,True,spotify:track:1qsHYUd2c1wFGcn7e63QmG,https://image-cdn-fa.spotifycdn.com/image/ab67616d00001e020cd942c1a864afa4e92d04f2,ok,
554,XXX. FEAT. U2.,"Kendrick Lamar, U2",,https://open.spotify.com/track/4iYRa2btalAzPZoSYfROqF,4iYRa2btalAzPZoSYfROqF,2017-04-14T00:00:00Z,254200,True,spotify:track:4iYRa2btalAzPZoSYfROqF,https://image-cdn-fa.spotifycdn.com/image/ab67616d00001e028b52c6b9bc4e43d873869699,ok,
555,It's Not Something,TV Girl,Our First 2 EPs,https://open.spotify.com/local/TV%20Girl/Our%20First%202%20EPs/It%27s%20Not%20Something/138,,,138000,,,,ok,
556,I Don't Care,TV Girl,Our First 2 EPs,https://open.spotify.com/local/TV%20Girl/Our%20First%202%20EPs/I%20Don%27t%20Care/174,,,174000,,,,ok,
557,On Land,TV Girl,Our First 2 EPs,https://open.spotify.com/local/TV%20Girl/Our%20First%202%20EPs/On%20Land/173,,,173000,,,,ok,
558,Benny and the Jetts,TV Girl,Our First 2 EPs,https://open.spotify.com/local/TV%20Girl/Our%20First%202%20EPs/Benny%20and%20the%20Jetts/170,,,170000,,,,ok,
559,Baby You Were There,TV Girl,Our First 2 EPs,https://open.spotify.com/local/TV%20Girl/Our%20First%202%20EPs/Baby%20You%20Were%20There/99,,,99000,,,,ok,
560,Lizzy Come Back to Life,TV Girl,Our First 2 EPs,https://open.spotify.com/local/TV%20Girl/Our%20First%202%20EPs/Lizzy%20Come%20Back%20to%20Life/163,,,163000,,,,ok,
561,Your Own Religion,TV Girl,Our First 2 EPs,https://open.spotify.com/local/TV%20Girl/Our%20First%202%20EPs/Your%20Own%20Religion/165,,,165000,,,,ok,
562,If You Want It,TV Girl,Our First 2 EPs,https://open.spotify.com/local/TV%20Girl/Our%20First%202%20EPs/If%20You%20Want%20It/166,,,166000,,,,ok,
563,I Wish - Radio Edit,Skee-Lo,,https://open.spotify.com/track/0QMHVTnrFTQJoaqmkdsKhT,0QMHVTnrFTQJoaqmkdsKhT,1995-08-08T00:00:00Z,252306,False,spotify:track:0QMHVTnrFTQJoaqmkdsKhT,https://image-cdn-fa.spotifycdn.com/image/ab67616d00001e025e2bca5e5a3f48064f2300be,ok,
564,Numb,Men I Trust,,https://open.spotify.com/track/6Ijmj8Z0L31hCp5pLZnT5U,6Ijmj8Z0L31hCp5pLZnT5U,2019-04-12T00:00:00Z,219340,False,spotify:track:6Ijmj8Z0L31hCp5pLZnT5U,https://image-cdn-fa.spotifycdn.com/image/ab67616d00001e029a540602e3738c1d053b3857,ok,
565,She Smokes in Bed,TV Girl,,https://open.spotify.com/track/6oZ7fDtbmdX8VmB3Z1hhPX,6oZ7fDtbmdX8VmB3Z1hhPX,2013-06-18T00:00:00Z,204461,False,spotify:track:6oZ7fDtbmdX8VmB3Z1hhPX,https://image-cdn-ak.spotifycdn.com/image/ab67616d00001e02ecf2eb70f21d2ef61680ab72,ok,
566,Lauren,Men I Trust,,https://open.spotify.com/track/62zFcDLa1CjCY9yp6VO4ga,62zFcDLa1CjCY9yp6VO4ga,2016-06-13T00:00:00Z,222680,False,spotify:track:62zFcDLa1CjCY9yp6VO4ga,https://image-cdn-ak.spotifycdn.com/image/ab67616d00001e028c2b42ae9e6d13b5719a79ed,ok,
567,Tree Among Shrubs,Men I Trust,,https://open.spotify.com/track/2JKtCvtxP47fOMYi0BjMoY,2JKtCvtxP47fOMYi0BjMoY,2021-08-25T00:00:00Z,188301,False,spotify:track:2JKtCvtxP47fOMYi0BjMoY,https://image-cdn-fa.spotifycdn.com/image/ab67616d00001e029843089bfdc548de16945f64,ok,
568,I Hope to Be Around,Men I Trust,,https://open.spotify.com/track/3xnM0WCRJKk4Iz49rkG5OC,3xnM0WCRJKk4Iz49rkG5OC,2017-11-10T00:00:00Z,205554,False,spotify:track:3xnM0WCRJKk4Iz49rkG5OC,https://image-cdn-fa.spotifycdn.com/image/ab67616d00001e02e39911ac44a41ac82d44fa89,ok,
569,Follow God,Kanye West,,https://open.spotify.com/track/2QpGZOhTCHHiKmpSO9FW4h,2QpGZOhTCHHiKmpSO9FW4h,2019-10-25T00:00:00Z,104591,False,spotify:track:2QpGZOhTCHHiKmpSO9FW4h,https://image-cdn-fa.spotifycdn.com/image/ab67616d00001e021bb797bbfe2480650b6c2964,ok,
570,Incredibly Blind (feat. X-Cetra),"Monster Rally, TV Girl, X-Cetra",,https://open.spotify.com/track/4Ui0BmcYIgCF3rWQPBGtl3,4Ui0BmcYIgCF3rWQPBGtl3,2025-11-06T00:00:00Z,144829,False,spotify:track:4Ui0BmcYIgCF3rWQPBGtl3,https://image-cdn-fa.spotifycdn.com/image/ab67616d00001e02e210d840df261cc50ee7ac5e,ok,
571,IZ-US,Aphex Twin,,https://open.spotify.com/track/6INSqTqDoz6ndc0oKTi0Sq,6INSqTqDoz6ndc0oKTi0Sq,1997-10-06T00:00:00Z,177266,False,spotify:track:6INSqTqDoz6ndc0oKTi0Sq,https://image-cdn-fa.spotifycdn.com/image/ab67616d00001e0223ac84a525286001770abc8e,ok,
572,Laura,TV Girl,,https://open.spotify.com/track/0JB7DcI1AJZUaytdPQll0Z,0JB7DcI1AJZUaytdPQll0Z,2013-06-18T00:00:00Z,215394,False,spotify:track:0JB7DcI1AJZUaytdPQll0Z,https://image-cdn-fa.spotifycdn.com/image/ab67616d00001e02ecf2eb70f21d2ef61680ab72,ok,
573,Cudi Montage,KIDS SEE GHOSTS,,https://open.spotify.com/track/4kUZvXB3LC3an3HX6h0s17,4kUZvXB3LC3an3HX6h0s17,2018-06-08T00:00:00Z,197000,True,spotify:track:4kUZvXB3LC3an3HX6h0s17,https://image-cdn-ak.spotifycdn.com/image/ab67616d00001e02013c00ee367dd85396f79c82,ok,
574,Wesley's Theory,"Kendrick Lamar, George Clinton, Thundercat",,https://open.spotify.com/track/7Ks4VCY1wFebnOdJrM13t6,7Ks4VCY1wFebnOdJrM13t6,2015-03-16T00:00:00Z,287360,True,spotify:track:7Ks4VCY1wFebnOdJrM13t6,https://image-cdn-fa.spotifycdn.com/image/ab67616d00001e02cdb645498cd3d8a2db4d05e1,ok,
575,Blouse,Jordana,,https://open.spotify.com/track/557N3IDQgc6ffNHyPr73Kf,557N3IDQgc6ffNHyPr73Kf,2025-11-07T00:00:00Z,155798,False,spotify:track:557N3IDQgc6ffNHyPr73Kf,https://image-cdn-fa.spotifycdn.com/image/ab67616d00001e02b6e8562691e8494fed9af69a,ok,
576,Warmpop,"ESPRIT 空想, George Clanton",,https://open.spotify.com/track/0Ubp7kMZ6MWZIL8qkloYub,0Ubp7kMZ6MWZIL8qkloYub,2017-11-17T00:00:00Z,172374,False,spotify:track:0Ubp7kMZ6MWZIL8qkloYub,https://image-cdn-fa.spotifycdn.com/image/ab67616d00001e029bf7d13db51dfd26eb1e49b0,ok,
577,Seven,Tyle The Creator,,https://open.spotify.com/local/Tyle%20The%20Creator//Seven/209,,,209000,,,,ok,
578,I Wonder Who She s Kissing Now,TV Girl,,https://open.spotify.com/local///TV%20Girl%20-%20I%20Wonder%20Who%20She%20s%20Kissing%20Now/166,,,166000,,,,ok,
579,Keep Me Distracted,TV Girl,,https://open.spotify.com/local///TV%20Girl%20-%20Keep%20Me%20Distracted/32,,,32000,,,,ok,
580,Sweaters,TV Girl,,https://open.spotify.com/local///TV%20Girl%20-%20Sweaters/84,,,84000,,,,ok,
581,Mirror Mirror,TV Girl,,https://open.spotify.com/local///TV%20Girl%20-%20Mirror%20Mirror/227,,,227000,,,,ok,
582,It Evaporates,TV Girl,,https://open.spotify.com/local///TV%20Girl%20-%20It%20Evaporates/208,,,208000,,,,ok,
583,Loneliness Can Be Demanding,TV Girl,,https://open.spotify.com/local///TV%20Girl%20-%20Loneliness%20Can%20Be%20Demanding/93,,,93000,,,,ok,
584,Loud and Clear,TV Girl,,https://open.spotify.com/local///TV%20Girl%20-%20Loud%20and%20Clear/223,,,223000,,,,ok,
585,TV in the Bedroom,TV Girl,,https://open.spotify.com/local///TV%20Girl%20-%20TV%20in%20the%20Bedroom/149,,,149000,,,,ok,
586,On the Fence,TV Girl,,https://open.spotify.com/local///TV%20Girl%20-%20On%20the%20Fence/120,,,120000,,,,ok,
587,The Artist,TV Girl,,https://open.spotify.com/local///TV%20Girl%20-%20The%20Artist/170,,,170000,,,,ok,
588,All a Dream,TV Girl,,https://open.spotify.com/local///TV%20Girl%20-%20All%20a%20Dream/191,,,191000,,,,ok,
589,"21st Century Schizoid Man - Including ""Mirrors""",King Crimson,,https://open.spotify.com/track/2MfrET7Nc3StKQcGoZKqr9,2MfrET7Nc3StKQcGoZKqr9,1969-10-10T00:00:00Z,442580,False,spotify:track:2MfrET7Nc3StKQcGoZKqr9,https://image-cdn-ak.spotifycdn.com/image/ab67616d00001e02da7b326bd7ffa7b6b95b0660,ok,
590,POWER,Kanye West,,https://open.spotify.com/track/2gZUPNdnz5Y45eiGxpHGSc,2gZUPNdnz5Y45eiGxpHGSc,2010-11-22T00:00:00Z,292093,True,spotify:track:2gZUPNdnz5Y45eiGxpHGSc,https://image-cdn-ak.spotifycdn.com/image/ab67616d00001e02d9194aa18fa4c9362b47464f,ok,
591,Monster,"Kanye West, JAŸ-Z, Rick Ross, Nicki Minaj, Bon Iver",,https://open.spotify.com/track/1ZHYJ2Wwgxes4m8Ba88PeK,1ZHYJ2Wwgxes4m8Ba88PeK,2010-11-22T00:00:00Z,378893,True,spotify:track:1ZHYJ2Wwgxes4m8Ba88PeK,https://image-cdn-fa.spotifycdn.com/image/ab67616d00001e02d9194aa18fa4c9362b47464f,ok,
592,euphoria,Kendrick Lamar,,https://open.spotify.com/track/77DRzu7ERs0TX3roZcre7Q,77DRzu7ERs0TX3roZcre7Q,2024-04-30T00:00:00Z,383639,True,spotify:track:77DRzu7ERs0TX3roZcre7Q,https://image-cdn-fa.spotifycdn.com/image/ab67616d00001e02bdc727cfc07ddbabf925bb2f,ok,
593,Small Worlds,Mac Miller,,https://open.spotify.com/track/4gT3mNJA8lnlkYFqGZ8IA2,4gT3mNJA8lnlkYFqGZ8IA2,2018-08-03T00:00:00Z,271733,True,spotify:track:4gT3mNJA8lnlkYFqGZ8IA2,https://image-cdn-ak.spotifycdn.com/image/ab67616d00001e02175c577a61aa13d4fb4b6534,ok,
594,The Spins,"Mac Miller, Empire Of The Sun",,https://open.spotify.com/track/2QGVKiAGTa1YcDqPMhAzF7,2QGVKiAGTa1YcDqPMhAzF7,2010-08-13T00:00:00Z,195873,True,spotify:track:2QGVKiAGTa1YcDqPMhAzF7,https://image-cdn-ak.spotifycdn.com/image/ab67616d00001e027414c28a11a87cbfd91dce10,ok,
595,Come Back to Earth,Mac Miller,,https://open.spotify.com/track/01z2fBGB8Hl3Jd3zXe4IXR,01z2fBGB8Hl3Jd3zXe4IXR,2018-08-03T00:00:00Z,161840,False,spotify:track:01z2fBGB8Hl3Jd3zXe4IXR,https://image-cdn-fa.spotifycdn.com/image/ab67616d00001e02175c577a61aa13d4fb4b6534,ok,
596,Jump,Mac Miller,,https://open.spotify.com/track/7uhniEFBcLsYD4W92E0Nx2,7uhniEFBcLsYD4W92E0Nx2,2015-09-18T00:00:00Z,279733,True,spotify:track:7uhniEFBcLsYD4W92E0Nx2,https://image-cdn-fa.spotifycdn.com/image/ab67616d00001e02ee0f38410382a255e4fb15f4,ok,
597,I Am the Grinch (feat. Fletcher Jones),"Tyler, The Creator, Fletcher Jones",,https://open.spotify.com/track/5TVQdlY5H99BSAciKixBSt,5TVQdlY5H99BSAciKixBSt,2018-11-09T00:00:00Z,157813,False,spotify:track:5TVQdlY5H99BSAciKixBSt,https://image-cdn-fa.spotifycdn.com/image/ab67616d00001e0213d2bd84691f59e28be2bdf4,ok,
598,Blood On The Leaves,Kanye West,,https://open.spotify.com/track/42GcjriRK6srwHkfbkBqVl,42GcjriRK6srwHkfbkBqVl,2013-06-18T00:00:00Z,359800,True,spotify:track:42GcjriRK6srwHkfbkBqVl,https://image-cdn-fa.spotifycdn.com/image/ab67616d00001e021dacfbc31cc873d132958af9,ok,
599,Biking,"Frank Ocean, JAŸ-Z, Tyler, The Creator",,https://open.spotify.com/track/2q0VexHJirnUPnEOhr2DxK,2q0VexHJirnUPnEOhr2DxK,2017-04-10T00:00:00Z,277520,True,spotify:track:2q0VexHJirnUPnEOhr2DxK,https://image-cdn-fa.spotifycdn.com/image/ab67616d00001e0269a8328489e5e485514a8667,ok,
600,Everything In Its Right Place,Radiohead,,https://open.spotify.com/track/2kRFrWaLWiKq48YYVdGcm8,2kRFrWaLWiKq48YYVdGcm8,2000-10-02T00:00:00Z,251426,False,spotify:track:2kRFrWaLWiKq48YYVdGcm8,https://image-cdn-fa.spotifycdn.com/image/ab67616d00001e026c7112082b63beefffe40151,ok,
601,How to Disappear Completely,Radiohead,,https://open.spotify.com/track/2rtGaCAeYtmcIvuZsvgTf6,2rtGaCAeYtmcIvuZsvgTf6,2000-10-02T00:00:00Z,356333,False,spotify:track:2rtGaCAeYtmcIvuZsvgTf6,https://image-cdn-fa.spotifycdn.com/image/ab67616d00001e026c7112082b63beefffe40151,ok,
602,Treefingers,Radiohead,,https://open.spotify.com/track/4LrfsgQ5AGouvH3PlxW2PC,4LrfsgQ5AGouvH3PlxW2PC,2000-10-02T00:00:00Z,222600,False,spotify:track:4LrfsgQ5AGouvH3PlxW2PC,https://image-cdn-fa.spotifycdn.com/image/ab67616d00001e026c7112082b63beefffe40151,ok,
603,Optimistic,Radiohead,,https://open.spotify.com/track/1FoUsSi9BCTlNt2Vd7V8XA,1FoUsSi9BCTlNt2Vd7V8XA,2000-10-02T00:00:00Z,315973,False,spotify:track:1FoUsSi9BCTlNt2Vd7V8XA,https://image-cdn-ak.spotifycdn.com/image/ab67616d00001e026c7112082b63beefffe40151,ok,
604,In Limbo,Radiohead,,https://open.spotify.com/track/0xivCtzVVrdeq32s8EnOO6,0xivCtzVVrdeq32s8EnOO6,2000-10-02T00:00:00Z,211000,False,spotify:track:0xivCtzVVrdeq32s8EnOO6,https://image-cdn-fa.spotifycdn.com/image/ab67616d00001e026c7112082b63beefffe40151,ok,
605,Idioteque,Radiohead,,https://open.spotify.com/track/1W5XugQJGhnSATMI5n002M,1W5XugQJGhnSATMI5n002M,2000-10-02T00:00:00Z,309093,False,spotify:track:1W5XugQJGhnSATMI5n002M,https://image-cdn-ak.spotifycdn.com/image/ab67616d00001e026c7112082b63beefffe40151,ok,
606,Morning Bell,Radiohead,,https://open.spotify.com/track/4h37RgtBg9iynN3BIL5lFU,4h37RgtBg9iynN3BIL5lFU,2000-10-02T00:00:00Z,275800,False,spotify:track:4h37RgtBg9iynN3BIL5lFU,https://image-cdn-fa.spotifycdn.com/image/ab67616d00001e026c7112082b63beefffe40151,ok,
607,Motion Picture Soundtrack,Radiohead,,https://open.spotify.com/track/4SrRrB27n7fiRkQcPoKfpk,4SrRrB27n7fiRkQcPoKfpk,2000-10-02T00:00:00Z,200482,False,spotify:track:4SrRrB27n7fiRkQcPoKfpk,https://image-cdn-fa.spotifycdn.com/image/ab67616d00001e026c7112082b63beefffe40151,ok,
608,Untitled,Radiohead,,https://open.spotify.com/track/4aeCuOowYXJXrMZsVHZbfF,4aeCuOowYXJXrMZsVHZbfF,2000-10-02T00:00:00Z,52694,False,spotify:track:4aeCuOowYXJXrMZsVHZbfF,https://image-cdn-fa.spotifycdn.com/image/ab67616d00001e026c7112082b63beefffe40151,ok,
609,Monks,Frank Ocean,,https://open.spotify.com/track/0msrDPXxZpts4FRnoX0bFr,0msrDPXxZpts4FRnoX0bFr,2012-07-10T00:00:00Z,200240,True,spotify:track:0msrDPXxZpts4FRnoX0bFr,https://image-cdn-ak.spotifycdn.com/image/ab67616d00001e027aede4855f6d0d738012e2e5,ok,
610,Diet Coke,TV Girl,,https://open.spotify.com/local///TV%20Girl%20-%20Diet%20Coke/271,,,271000,,,,ok,
611,Cut Chop Break Burn,Madison Acid and TV Girl,Maddie Acid's Purple Hearts Club Band,https://open.spotify.com/local/Madison%20Acid%20and%20TV%20Girl/Maddie%20Acid%27s%20Purple%20Hearts%20Club%20Band/Cut%20Chop%20Break%20Burn/128,,,128000,,,,ok,
612,Kamikazee,Madison Acid and TV Girl,Maddie Acid's Purple Hearts Club Band,https://open.spotify.com/local/Madison%20Acid%20and%20TV%20Girl/Maddie%20Acid%27s%20Purple%20Hearts%20Club%20Band/Kamikazee/176,,,176000,,,,ok,
613,Make it Pop,Madison Acid and TV Girl,Maddie Acid's Purple Hearts Club Band,https://open.spotify.com/local/Madison%20Acid%20and%20TV%20Girl/Maddie%20Acid%27s%20Purple%20Hearts%20Club%20Band/Make%20it%20Pop/193,,,193000,,,,ok,
614,I Thought You Were Cool,Madison Acid and TV Girl,Maddie Acid's Purple Hearts Club Band,https://open.spotify.com/local/Madison%20Acid%20and%20TV%20Girl/Maddie%20Acid%27s%20Purple%20Hearts%20Club%20Band/I%20Thought%20You%20Were%20Cool/160,,,160000,,,,ok,
615,Speak French,Madison Acid and TV Girl,Maddie Acid's Purple Hearts Club Band,https://open.spotify.com/local/Madison%20Acid%20and%20TV%20Girl/Maddie%20Acid%27s%20Purple%20Hearts%20Club%20Band/Speak%20French/112,,,112000,,,,ok,
616,Chocolate Ice Cream Land,Madison Acid and TV Girl,Maddie Acid's Purple Hearts Club Band,https://open.spotify.com/local/Madison%20Acid%20and%20TV%20Girl/Maddie%20Acid%27s%20Purple%20Hearts%20Club%20Band/Chocolate%20Ice%20Cream%20Land/164,,,164000,,,,ok,
617,Electric Kool Aid,Madison Acid and TV Girl,Maddie Acid's Purple Hearts Club Band,https://open.spotify.com/local/Madison%20Acid%20and%20TV%20Girl/Maddie%20Acid%27s%20Purple%20Hearts%20Club%20Band/Electric%20Kool%20Aid/246,,,246000,,,,ok,
618,Pocketful of Posies,Madison Acid and TV Girl,Maddie Acid's Purple Hearts Club Band,https://open.spotify.com/local/Madison%20Acid%20and%20TV%20Girl/Maddie%20Acid%27s%20Purple%20Hearts%20Club%20Band/Pocketful%20of%20Posies/159,,,159000,,,,ok,
619,Fallout,Madison Acid and TV Girl,Maddie Acid's Purple Hearts Club Band,https://open.spotify.com/local/Madison%20Acid%20and%20TV%20Girl/Maddie%20Acid%27s%20Purple%20Hearts%20Club%20Band/Fallout/175,,,175000,,,,ok,
620,Maddie in Heaven,Madison Acid and TV Girl,Maddie Acid's Purple Hearts Club Band,https://open.spotify.com/local/Madison%20Acid%20and%20TV%20Girl/Maddie%20Acid%27s%20Purple%20Hearts%20Club%20Band/Maddie%20in%20Heaven/250,,,250000,,,,ok,
621,Like We Planned (ft. Madison Acid),,,https://open.spotify.com/local///Like%20We%20Planned%20%28ft.%20Madison%20Acid%29/226,,,226000,,,,ok,
622,Major Crimes,"HEALTH, Window Weather",,https://open.spotify.com/track/3nh5RSXnRSHWuQbOJvQr0g,3nh5RSXnRSHWuQbOJvQr0g,2020-12-18T00:00:00Z,213400,False,spotify:track:3nh5RSXnRSHWuQbOJvQr0g,https://image-cdn-fa.spotifycdn.com/image/ab67616d00001e02a91a5b301baac1f46e6f30eb,ok,
623,I Really Want to Stay at Your House,"Rosa Walton, Hallie Coggins",,https://open.spotify.com/track/7mykoq6R3BArsSpNDjFQTm,7mykoq6R3BArsSpNDjFQTm,2020-12-18T00:00:00Z,246652,False,spotify:track:7mykoq6R3BArsSpNDjFQTm,https://image-cdn-fa.spotifycdn.com/image/ab67616d00001e02a91a5b301baac1f46e6f30eb,ok,
624,Delicate Weapon,"Grimes, Lizzy Wizzy",,https://open.spotify.com/track/1hT3eaGzrcFriQtgGdvsZv,1hT3eaGzrcFriQtgGdvsZv,2020-12-18T00:00:00Z,230270,False,spotify:track:1hT3eaGzrcFriQtgGdvsZv,https://image-cdn-ak.spotifycdn.com/image/ab67616d00001e02a91a5b301baac1f46e6f30eb,ok,
625,Who's Ready for Tomorrow,"RAT BOY, IBDY",,https://open.spotify.com/track/4mn5HdatHKN7iFGDes9G8i,4mn5HdatHKN7iFGDes9G8i,2020-12-18T00:00:00Z,116161,False,spotify:track:4mn5HdatHKN7iFGDes9G8i,https://image-cdn-ak.spotifycdn.com/image/ab67616d00001e02a91a5b301baac1f46e6f30eb,ok,
626,Walk On By,"Thundercat, Kendrick Lamar",,https://open.spotify.com/track/6fkL9CjWmjeV6vfDxTp9OZ,6fkL9CjWmjeV6vfDxTp9OZ,2017-02-24T00:00:00Z,199136,True,spotify:track:6fkL9CjWmjeV6vfDxTp9OZ,https://image-cdn-fa.spotifycdn.com/image/ab67616d00001e02ce670690dcbf7bfa48dc8d04,ok,
627,Them Changes,Thundercat,,https://open.spotify.com/track/7CH99b2i1TXS5P8UUyWtnM,7CH99b2i1TXS5P8UUyWtnM,2017-02-24T00:00:00Z,188453,False,spotify:track:7CH99b2i1TXS5P8UUyWtnM,https://image-cdn-fa.spotifycdn.com/image/ab67616d00001e02ce670690dcbf7bfa48dc8d04,ok,
628,Loose Cannon,Puzzle,,https://open.spotify.com/track/7Ff4n5xLCb6rDRuiox1Juw,7Ff4n5xLCb6rDRuiox1Juw,2019-01-17T00:00:00Z,177000,False,spotify:track:7Ff4n5xLCb6rDRuiox1Juw,https://image-cdn-ak.spotifycdn.com/image/ab67616d00001e02800aa361ddc2bccd89ae12ae,ok,
629,What She Might Say to Me,Puzzle,,https://open.spotify.com/track/4R9dtKwHNXgINW55YdNTo4,4R9dtKwHNXgINW55YdNTo4,2016-12-31T00:00:00Z,197708,False,spotify:track:4R9dtKwHNXgINW55YdNTo4,https://image-cdn-ak.spotifycdn.com/image/ab67616d00001e02e1587b648a647bb5dffda689,ok,
630,I Saw an Angel,Puzzle,,https://open.spotify.com/track/4PqdOR9uAfyNp67P9k3bH2,4PqdOR9uAfyNp67P9k3bH2,2016-02-09T00:00:00Z,163514,False,spotify:track:4PqdOR9uAfyNp67P9k3bH2,https://image-cdn-fa.spotifycdn.com/image/ab67616d00001e029e54c15c0947e01e0e7238c7,ok,
631,Crimes,Puzzle,,https://open.spotify.com/track/66mrmhEtHFvRwv5DSG32Qa,66mrmhEtHFvRwv5DSG32Qa,2019-01-11T00:00:00Z,193187,True,spotify:track:66mrmhEtHFvRwv5DSG32Qa,https://image-cdn-ak.spotifycdn.com/image/ab67616d00001e02475af635234813609e631821,ok,
632,Everyone Left,Puzzle,,https://open.spotify.com/track/5VL0BV3iDeLFcLSmxCQtaF,5VL0BV3iDeLFcLSmxCQtaF,2017-08-01T00:00:00Z,225959,False,spotify:track:5VL0BV3iDeLFcLSmxCQtaF,https://image-cdn-ak.spotifycdn.com/image/ab67616d00001e0253a6f718c09186a4e71a25e2,ok,
633,I Still Haven't Found What I'm Looking For,U2,,https://open.spotify.com/track/6wpGqhRvJGNNXwWlPmkMyO,6wpGqhRvJGNNXwWlPmkMyO,1987-03-03T00:00:00Z,277476,False,spotify:track:6wpGqhRvJGNNXwWlPmkMyO,https://image-cdn-fa.spotifycdn.com/image/ab67616d00001e02b7bea3d01f04e6d0408d2afe,ok,
634,All In,"Earl Sweatshirt, LUCKI",,https://open.spotify.com/track/3usWHldhgpQvKVaW5uC9Ke,3usWHldhgpQvKVaW5uC9Ke,2019-02-15T00:00:00Z,105743,True,spotify:track:3usWHldhgpQvKVaW5uC9Ke,https://image-cdn-fa.spotifycdn.com/image/ab67616d00001e02ea5c803c889b985833ae8b8e,ok,
635,530,"DONDA, Kanye West, Ye",,https://open.spotify.com/track/79mEFisvTUZcVGUxPM0dYc,79mEFisvTUZcVGUxPM0dYc,2025-06-06T00:00:00Z,122000,True,spotify:track:79mEFisvTUZcVGUxPM0dYc,https://image-cdn-ak.spotifycdn.com/image/ab67616d00001e027cd12a9cfd038d6f23c84a86,ok,
636,End of Small Sanctuary,Akira Yamaoka,,https://open.spotify.com/track/4QypeoOhqq5le5C44Jwnc9,4QypeoOhqq5le5C44Jwnc9,2003-07-16T00:00:00Z,102506,False,spotify:track:4QypeoOhqq5le5C44Jwnc9,https://image-cdn-fa.spotifycdn.com/image/ab67616d00001e02832b77dc1cfccecad346457f,ok,
637,One of These Mornings,TV Girl,,https://open.spotify.com/track/40uSorT6zwd0J0ZyRnDsux,40uSorT6zwd0J0ZyRnDsux,2023-06-30T00:00:00Z,182624,False,spotify:track:40uSorT6zwd0J0ZyRnDsux,https://image-cdn-fa.spotifycdn.com/image/ab67616d00001e028e956c4154ba8b2f7be13443,ok,
638,Higher Ground,TV Girl,,https://open.spotify.com/track/07TyJyRmdDrWSSXzFTme9D,07TyJyRmdDrWSSXzFTme9D,2023-06-30T00:00:00Z,186374,False,spotify:track:07TyJyRmdDrWSSXzFTme9D,https://image-cdn-ak.spotifycdn.com/image/ab67616d00001e028e956c4154ba8b2f7be13443,ok,
639,Grapes Upon the Vine,TV Girl,,https://open.spotify.com/track/0KWJsuPwlgTxoLnOPlvrw0,0KWJsuPwlgTxoLnOPlvrw0,2023-06-30T00:00:00Z,188000,False,spotify:track:0KWJsuPwlgTxoLnOPlvrw0,https://image-cdn-ak.spotifycdn.com/image/ab67616d00001e028e956c4154ba8b2f7be13443,ok,
640,Throw My Money Everywhere,,,https://open.spotify.com/local///Throw%20My%20Money%20Everywhere/213,,,213000,,,,ok,
641,The Kook of Echo Park - TV Girl,@1hxttie,,https://open.spotify.com/local/%401hxttie//The%20Kook%20of%20Echo%20Park%20-%20TV%20Girl/207,,,207000,,,,ok,
642,2 + 2 = 5,Radiohead,,https://open.spotify.com/track/4xkcGfpM9RwB4IiQ7yx2dB,4xkcGfpM9RwB4IiQ7yx2dB,2003-06-09T00:00:00Z,199360,False,spotify:track:4xkcGfpM9RwB4IiQ7yx2dB,https://image-cdn-fa.spotifycdn.com/image/ab67616d00001e020da53e8f58e59f28a79c10c7,ok,
643,Sit Down. Stand Up,Radiohead,,https://open.spotify.com/track/6MKWCO8g2W05UcaFyfQ6Cl,6MKWCO8g2W05UcaFyfQ6Cl,2003-06-09T00:00:00Z,259973,False,spotify:track:6MKWCO8g2W05UcaFyfQ6Cl,https://image-cdn-ak.spotifycdn.com/image/ab67616d00001e020da53e8f58e59f28a79c10c7,ok,
644,Sail To The Moon,Radiohead,,https://open.spotify.com/track/7tFsUfrmyBvLdvIByreecz,7tFsUfrmyBvLdvIByreecz,2003-06-09T00:00:00Z,258360,False,spotify:track:7tFsUfrmyBvLdvIByreecz,https://image-cdn-fa.spotifycdn.com/image/ab67616d00001e020da53e8f58e59f28a79c10c7,ok,
645,Backdrifts,Radiohead,,https://open.spotify.com/track/32dgxT0S7Tv5p83DgT6iCT,32dgxT0S7Tv5p83DgT6iCT,2003-06-09T00:00:00Z,322600,False,spotify:track:32dgxT0S7Tv5p83DgT6iCT,https://image-cdn-ak.spotifycdn.com/image/ab67616d00001e020da53e8f58e59f28a79c10c7,ok,
646,Go To Sleep,Radiohead,,https://open.spotify.com/track/42BeMThJuzIQe1oQvhDwgl,42BeMThJuzIQe1oQvhDwgl,2003-06-09T00:00:00Z,201506,False,spotify:track:42BeMThJuzIQe1oQvhDwgl,https://image-cdn-ak.spotifycdn.com/image/ab67616d00001e020da53e8f58e59f28a79c10c7,ok,
647,Where I End and You Begin,Radiohead,,https://open.spotify.com/track/2dDqsUr11Mv0qhXByNfbJx,2dDqsUr11Mv0qhXByNfbJx,2003-06-09T00:00:00Z,269293,False,spotify:track:2dDqsUr11Mv0qhXByNfbJx,https://image-cdn-ak.spotifycdn.com/image/ab67616d00001e020da53e8f58e59f28a79c10c7,ok,
648,The Gloaming,Radiohead,,https://open.spotify.com/track/3qhLTNphwAepIyHJF9ZMv0,3qhLTNphwAepIyHJF9ZMv0,2003-06-09T00:00:00Z,212026,False,spotify:track:3qhLTNphwAepIyHJF9ZMv0,https://image-cdn-fa.spotifycdn.com/image/ab67616d00001e020da53e8f58e59f28a79c10c7,ok,
649,"There, There",Radiohead,,https://open.spotify.com/track/5h4y42RUKwYKYWgutNwvKP,5h4y42RUKwYKYWgutNwvKP,2003-06-09T00:00:00Z,323600,False,spotify:track:5h4y42RUKwYKYWgutNwvKP,https://image-cdn-fa.spotifycdn.com/image/ab67616d00001e020da53e8f58e59f28a79c10c7,ok,
650,A Punch Up at a Wedding,Radiohead,,https://open.spotify.com/track/5kDi4uwQnHM920ElxNdzUO,5kDi4uwQnHM920ElxNdzUO,2003-06-09T00:00:00Z,297333,True,spotify:track:5kDi4uwQnHM920ElxNdzUO,https://image-cdn-fa.spotifycdn.com/image/ab67616d00001e020da53e8f58e59f28a79c10c7,ok,
651,Scatterbrain,Radiohead,,https://open.spotify.com/track/0mEOPRobXw671f2H68XzoB,0mEOPRobXw671f2H68XzoB,2003-06-09T00:00:00Z,201706,False,spotify:track:0mEOPRobXw671f2H68XzoB,https://image-cdn-ak.spotifycdn.com/image/ab67616d00001e020da53e8f58e59f28a79c10c7,ok,
652,A Wolf At the Door,Radiohead,,https://open.spotify.com/track/3OHevW2cUT176DXWV0lHg9,3OHevW2cUT176DXWV0lHg9,2003-06-09T00:00:00Z,201333,True,spotify:track:3OHevW2cUT176DXWV0lHg9,https://image-cdn-ak.spotifycdn.com/image/ab67616d00001e020da53e8f58e59f28a79c10c7,ok,
653,There Is a Light That Never Goes Out - 2011 Remaster,The Smiths,,https://open.spotify.com/track/0WQiDwKJclirSYG9v5tayI,0WQiDwKJclirSYG9v5tayI,1986-06-16T00:00:00Z,244586,False,spotify:track:0WQiDwKJclirSYG9v5tayI,https://image-cdn-fa.spotifycdn.com/image/ab67616d00001e026236778a208a15eb71079601,ok,
654,Back to the Old House - 2011 Remaster,The Smiths,,https://open.spotify.com/track/6LUGvXEAK8WxIBYK43uoTb,6LUGvXEAK8WxIBYK43uoTb,1987-01-01T00:00:00Z,186626,False,spotify:track:6LUGvXEAK8WxIBYK43uoTb,https://image-cdn-fa.spotifycdn.com/image/ab67616d00001e02c9b31b01e4d81f8289e49574,ok,
655,Heaven Knows I'm Miserable Now - 2011 Remaster,The Smiths,,https://open.spotify.com/track/1xaTREM89RbIxkcjlpf4Uw,1xaTREM89RbIxkcjlpf4Uw,1984-01-01T00:00:00Z,215760,False,spotify:track:1xaTREM89RbIxkcjlpf4Uw,https://image-cdn-ak.spotifycdn.com/image/ab67616d00001e0204480d4422fe67d383386660,ok,
656,A Wolf Who Wears Sheeps Clothes,Mac DeMarco,,https://open.spotify.com/track/5Bc2A2xlkRhe3POKAFo1Rg,5Bc2A2xlkRhe3POKAFo1Rg,2017-05-05T00:00:00Z,169066,True,spotify:track:5Bc2A2xlkRhe3POKAFo1Rg,https://image-cdn-ak.spotifycdn.com/image/ab67616d00001e029f1b21f21b13ff2d3e891f6b,ok,
657,Another One - Demo #2,Mac DeMarco,,https://open.spotify.com/track/52IsSJsriX40pH2hqWenaY,52IsSJsriX40pH2hqWenaY,2016-04-16T00:00:00Z,166833,False,spotify:track:52IsSJsriX40pH2hqWenaY,https://image-cdn-fa.spotifycdn.com/image/ab67616d00001e02fcf4d60b4e08dece66be626f,ok,
658,At Ron's Bris,Mac DeMarco,,https://open.spotify.com/track/1pQJkozGYHzUVGrC7ZNA2z,1pQJkozGYHzUVGrC7ZNA2z,2016-04-16T00:00:00Z,194409,False,spotify:track:1pQJkozGYHzUVGrC7ZNA2z,https://image-cdn-ak.spotifycdn.com/image/ab67616d00001e02fcf4d60b4e08dece66be626f,ok,
659,I've Been Waiting for Her - Demo,Mac DeMarco,,https://open.spotify.com/track/4jP4Yg1ebrUUGWkRzRleTf,4jP4Yg1ebrUUGWkRzRleTf,2016-04-16T00:00:00Z,190620,False,spotify:track:4jP4Yg1ebrUUGWkRzRleTf,https://image-cdn-fa.spotifycdn.com/image/ab67616d00001e02fcf4d60b4e08dece66be626f,ok,
660,No Other Heart - Demo,Mac DeMarco,,https://open.spotify.com/track/4vwZBACGVxYJVFtzGtBl1z,4vwZBACGVxYJVFtzGtBl1z,2016-04-16T00:00:00Z,182348,False,spotify:track:4vwZBACGVxYJVFtzGtBl1z,https://image-cdn-fa.spotifycdn.com/image/ab67616d00001e02fcf4d60b4e08dece66be626f,ok,
661,Just To Put Me Down - Demo,Mac DeMarco,,https://open.spotify.com/track/4KnlGeTItcklwJLJbCydDC,4KnlGeTItcklwJLJbCydDC,2016-04-16T00:00:00Z,131163,False,spotify:track:4KnlGeTItcklwJLJbCydDC,https://image-cdn-fa.spotifycdn.com/image/ab67616d00001e02fcf4d60b4e08dece66be626f,ok,
662,The Way You'd Love Her - Demo,Mac DeMarco,,https://open.spotify.com/track/0NPr0HVhNsi8AtHEp32UZD,0NPr0HVhNsi8AtHEp32UZD,2016-04-16T00:00:00Z,154511,False,spotify:track:0NPr0HVhNsi8AtHEp32UZD,https://image-cdn-ak.spotifycdn.com/image/ab67616d00001e02fcf4d60b4e08dece66be626f,ok,
663,Without Me - Demo,Mac DeMarco,,https://open.spotify.com/track/4OPJH8MhPCzcW8CBXGat8U,4OPJH8MhPCzcW8CBXGat8U,2016-04-16T00:00:00Z,171416,False,spotify:track:4OPJH8MhPCzcW8CBXGat8U,https://image-cdn-fa.spotifycdn.com/image/ab67616d00001e02fcf4d60b4e08dece66be626f,ok,
664,Dreams from Yesterday - Demo,Mac DeMarco,,https://open.spotify.com/track/59F0lPNzqDH26D6nnQFExv,59F0lPNzqDH26D6nnQFExv,2018-04-21T00:00:00Z,179458,False,spotify:track:59F0lPNzqDH26D6nnQFExv,https://image-cdn-fa.spotifycdn.com/image/ab67616d00001e0206bcba8c72327edfdf89583f,ok,
665,Tommy,Mac DeMarco,,https://open.spotify.com/track/1dt6QriqIbdMFKj0GNMtI9,1dt6QriqIbdMFKj0GNMtI9,2020-10-09T00:00:00Z,100114,False,spotify:track:1dt6QriqIbdMFKj0GNMtI9,https://image-cdn-fa.spotifycdn.com/image/ab67616d00001e02b098dbe0442796f63798495f,ok,
666,Out Of My Head,Mac DeMarco,,https://open.spotify.com/track/08edmNLQhAqaKkNeiRgBQM,08edmNLQhAqaKkNeiRgBQM,2020-10-09T00:00:00Z,262015,False,spotify:track:08edmNLQhAqaKkNeiRgBQM,https://image-cdn-ak.spotifycdn.com/image/ab67616d00001e02b098dbe0442796f63798495f,ok,
667,Powers Back On,Mac DeMarco,,https://open.spotify.com/track/1pftEmOY6mk7VkBpz1TKmD,1pftEmOY6mk7VkBpz1TKmD,2020-10-09T00:00:00Z,203523,False,spotify:track:1pftEmOY6mk7VkBpz1TKmD,https://image-cdn-ak.spotifycdn.com/image/ab67616d00001e02b098dbe0442796f63798495f,ok,
668,Wouldn't Leave,"Kanye West, PARTYNEXTDOOR",,https://open.spotify.com/track/1nGoy0cEj0extAwXYNYTWd,1nGoy0cEj0extAwXYNYTWd,2018-06-01T00:00:00Z,205546,True,spotify:track:1nGoy0cEj0extAwXYNYTWd,https://image-cdn-fa.spotifycdn.com/image/ab67616d00001e020cd942c1a864afa4e92d04f2,ok,
669,All Day,"Kanye West, Theophilus London, Allan Kingdom, Paul McCartney",,https://open.spotify.com/track/79reBHqpRoWXaQbjBBY3UC,79reBHqpRoWXaQbjBBY3UC,2015-03-02T00:00:00Z,310906,True,spotify:track:79reBHqpRoWXaQbjBBY3UC,https://image-cdn-fa.spotifycdn.com/image/ab67616d00001e024f96137ee493d57977218c2f,ok,
670,Treehouse,"Alex G, Emily Yacina",,https://open.spotify.com/track/7fyG2MquxykO3Ufiku1Dj2,7fyG2MquxykO3Ufiku1Dj2,2011-01-17T00:00:00Z,158801,False,spotify:track:7fyG2MquxykO3Ufiku1Dj2,https://image-cdn-fa.spotifycdn.com/image/ab67616d00001e0258643cbaba9e57cdf9306140,ok,
671,Animals,Alex G,,https://open.spotify.com/track/6d5JXGhLMQxsa9bwHKZ4WR,6d5JXGhLMQxsa9bwHKZ4WR,2012-11-05T00:00:00Z,173053,False,spotify:track:6d5JXGhLMQxsa9bwHKZ4WR,https://image-cdn-fa.spotifycdn.com/image/ab67616d00001e02967a4c16d8a54f634979cceb,ok,
672,Mary,Alex G,,https://open.spotify.com/track/36TbBJ7mLPOZMAYs0p4mxb,36TbBJ7mLPOZMAYs0p4mxb,2012-11-05T00:00:00Z,197733,True,spotify:track:36TbBJ7mLPOZMAYs0p4mxb,https://image-cdn-ak.spotifycdn.com/image/ab67616d00001e02967a4c16d8a54f634979cceb,ok,
673,BURN,"¥$, Kanye West, Ty Dolla $ign",,https://open.spotify.com/track/7BPadP3q9qwMkho3IMPU99,7BPadP3q9qwMkho3IMPU99,2024-02-09T00:00:00Z,111477,True,spotify:track:7BPadP3q9qwMkho3IMPU99,https://image-cdn-fa.spotifycdn.com/image/ab67616d00001e029c654f315df05ae7c6ec8980,ok,
674,4th Dimension,"KIDS SEE GHOSTS, Louis Prima",,https://open.spotify.com/track/6JyEh4kl9DLwmSAoNDRn5b,6JyEh4kl9DLwmSAoNDRn5b,2018-06-08T00:00:00Z,153351,True,spotify:track:6JyEh4kl9DLwmSAoNDRn5b,https://image-cdn-fa.spotifycdn.com/image/ab67616d00001e02013c00ee367dd85396f79c82,ok,
675,Hoe Cakes,MF DOOM,,https://open.spotify.com/track/4b82tXj35SycILuILcgBQ6,4b82tXj35SycILuILcgBQ6,2004-11-16T00:00:00Z,234146,True,spotify:track:4b82tXj35SycILuILcgBQ6,https://image-cdn-fa.spotifycdn.com/image/ab67616d00001e0252f194d02c39909d1b284799,ok,
676,Asleep - 2011 Remaster,The Smiths,,https://open.spotify.com/track/7LZgdL0MxiElfaKZbuuE4l,7LZgdL0MxiElfaKZbuuE4l,1987-01-01T00:00:00Z,253560,False,spotify:track:7LZgdL0MxiElfaKZbuuE4l,https://image-cdn-fa.spotifycdn.com/image/ab67616d00001e02c9b31b01e4d81f8289e49574,ok,
677,How Soon Is Now? - 2011 Remaster,The Smiths,,https://open.spotify.com/track/1YrnDTqvcnUKxAIeXyaEmU,1YrnDTqvcnUKxAIeXyaEmU,1984-01-01T00:00:00Z,408173,False,spotify:track:1YrnDTqvcnUKxAIeXyaEmU,https://image-cdn-fa.spotifycdn.com/image/ab67616d00001e0204480d4422fe67d383386660,ok,
678,Pretty Girls Make Graves - 2011 Remaster,The Smiths,,https://open.spotify.com/track/3wUMcPzXcmaeW8QxTdyXQO,3wUMcPzXcmaeW8QxTdyXQO,1984-02-20T00:00:00Z,223253,False,spotify:track:3wUMcPzXcmaeW8QxTdyXQO,https://image-cdn-ak.spotifycdn.com/image/ab67616d00001e0246b017e0c96e4186e82df085,ok,
679,"Please, Please, Please, Let Me Get What I Want - 2011 Remaster",The Smiths,,https://open.spotify.com/track/6BrMEbPSSj55nQhkgf6DnE,6BrMEbPSSj55nQhkgf6DnE,1984-01-01T00:00:00Z,112706,False,spotify:track:6BrMEbPSSj55nQhkgf6DnE,https://image-cdn-fa.spotifycdn.com/image/ab67616d00001e0204480d4422fe67d383386660,ok,
680,Well I Wonder - 2011 Remaster,The Smiths,,https://open.spotify.com/track/3OS4XXm4S42pnESQmtN9MG,3OS4XXm4S42pnESQmtN9MG,1985-02-11T00:00:00Z,239426,False,spotify:track:3OS4XXm4S42pnESQmtN9MG,https://image-cdn-fa.spotifycdn.com/image/ab67616d00001e02ac345598e7697a319cb5b460,ok,
681,Last Night I Dreamt That Somebody Loved Me - 2011 Remaster,The Smiths,,https://open.spotify.com/track/17zN523CEjJWBGXrUb3xex,17zN523CEjJWBGXrUb3xex,1987-09-28T00:00:00Z,305600,False,spotify:track:17zN523CEjJWBGXrUb3xex,https://image-cdn-fa.spotifycdn.com/image/ab67616d00001e02be214add20a20c3f9a3545a0,ok,
682,Unloveable - 2017 Master,The Smiths,,https://open.spotify.com/track/14WNN9XlshGSckMBNcP6Ez,14WNN9XlshGSckMBNcP6Ez,1986-06-16T00:00:00Z,235706,False,spotify:track:14WNN9XlshGSckMBNcP6Ez,https://image-cdn-fa.spotifycdn.com/image/ab67616d00001e021975ea8dd6bc8157dcaef1af,ok,
683,Ask - 2011 Remaster,The Smiths,,https://open.spotify.com/track/2AdRSHeYmDGMrgIfiS2w7K,2AdRSHeYmDGMrgIfiS2w7K,1987-01-01T00:00:00Z,198146,False,spotify:track:2AdRSHeYmDGMrgIfiS2w7K,https://image-cdn-fa.spotifycdn.com/image/ab67616d00001e02c9b31b01e4d81f8289e49574,ok,
684,A Rush and a Push and the Land Is Ours - 2011 Remaster,The Smiths,,https://open.spotify.com/track/6Ps04Nfh2PySU4fIPZWxrU,6Ps04Nfh2PySU4fIPZWxrU,1987-09-28T00:00:00Z,183013,False,spotify:track:6Ps04Nfh2PySU4fIPZWxrU,https://image-cdn-ak.spotifycdn.com/image/ab67616d00001e02be214add20a20c3f9a3545a0,ok,
685,Girl Afraid - 2011 Remaster,The Smiths,,https://open.spotify.com/track/3UPpzmVM8UHimVKfpAg4xP,3UPpzmVM8UHimVKfpAg4xP,1984-01-01T00:00:00Z,166320,False,spotify:track:3UPpzmVM8UHimVKfpAg4xP,https://image-cdn-ak.spotifycdn.com/image/ab67616d00001e0204480d4422fe67d383386660,ok,
686,Suffer Little Children - 2011 Remaster,The Smiths,,https://open.spotify.com/track/3nk8Vxo0BuovX4UtvuvcHR,3nk8Vxo0BuovX4UtvuvcHR,1984-02-20T00:00:00Z,330973,False,spotify:track:3nk8Vxo0BuovX4UtvuvcHR,https://image-cdn-fa.spotifycdn.com/image/ab67616d00001e0246b017e0c96e4186e82df085,ok,
687,Cemetry Gates - 2011 Remaster,The Smiths,,https://open.spotify.com/track/03yOjwHoOPDlTUg0NRxN6t,03yOjwHoOPDlTUg0NRxN6t,1986-06-16T00:00:00Z,161040,False,spotify:track:03yOjwHoOPDlTUg0NRxN6t,https://image-cdn-fa.spotifycdn.com/image/ab67616d00001e026236778a208a15eb71079601,ok,
688,I Know It's Over - 2011 Remaster,The Smiths,,https://open.spotify.com/track/3M2bD9SMYnJIPdrTKUnBd3,3M2bD9SMYnJIPdrTKUnBd3,1986-06-16T00:00:00Z,349186,False,spotify:track:3M2bD9SMYnJIPdrTKUnBd3,https://image-cdn-ak.spotifycdn.com/image/ab67616d00001e026236778a208a15eb71079601,ok,
689,That Joke Isn't Funny Anymore,The Smiths,,https://open.spotify.com/track/48veRDsAEBOJJnVnnabV99,48veRDsAEBOJJnVnnabV99,1985-02-11T00:00:00Z,297586,False,spotify:track:48veRDsAEBOJJnVnnabV99,https://image-cdn-fa.spotifycdn.com/image/ab67616d00001e02ac345598e7697a319cb5b460,ok,
690,Some Girls Are Bigger Than Others - 2011 Remaster,The Smiths,,https://open.spotify.com/track/3znapZvsInnCVsDERDUaM5,3znapZvsInnCVsDERDUaM5,1986-06-16T00:00:00Z,197800,False,spotify:track:3znapZvsInnCVsDERDUaM5,https://image-cdn-ak.spotifycdn.com/image/ab67616d00001e026236778a208a15eb71079601,ok,
691,Death of a Disco Dancer - 2011 Remaster,The Smiths,,https://open.spotify.com/track/1Nov3Bi6sKCDnnuhjPJTCY,1Nov3Bi6sKCDnnuhjPJTCY,1987-09-28T00:00:00Z,326253,False,spotify:track:1Nov3Bi6sKCDnnuhjPJTCY,https://image-cdn-fa.spotifycdn.com/image/ab67616d00001e02be214add20a20c3f9a3545a0,ok,
692,"Is It Really so Strange? - John Peel session, 12/2/86",The Smiths,,https://open.spotify.com/track/4nZYj9yVJFb0yd58kxmcXv,4nZYj9yVJFb0yd58kxmcXv,1987-01-01T00:00:00Z,188013,False,spotify:track:4nZYj9yVJFb0yd58kxmcXv,https://image-cdn-fa.spotifycdn.com/image/ab67616d00001e02c9b31b01e4d81f8289e49574,ok,
693,Rusholme Ruffians - 2011 Remaster,The Smiths,,https://open.spotify.com/track/6rZ4Q8YW88xCERDq0AEbmt,6rZ4Q8YW88xCERDq0AEbmt,1985-02-11T00:00:00Z,260133,False,spotify:track:6rZ4Q8YW88xCERDq0AEbmt,https://image-cdn-fa.spotifycdn.com/image/ab67616d00001e02ac345598e7697a319cb5b460,ok,
694,Jeane - 2008 Remaster,The Smiths,,https://open.spotify.com/track/6NUGyLMq1Aa37f6m5jZuJS,6NUGyLMq1Aa37f6m5jZuJS,2008-11-11T00:00:00Z,184773,False,spotify:track:6NUGyLMq1Aa37f6m5jZuJS,https://image-cdn-fa.spotifycdn.com/image/ab67616d00001e028c755b653e9d84e08004f881,ok,
695,London - 2011 Remaster,The Smiths,,https://open.spotify.com/track/0UFQE2kic1X8iwC4A25ghj,0UFQE2kic1X8iwC4A25ghj,1987-01-01T00:00:00Z,127013,False,spotify:track:0UFQE2kic1X8iwC4A25ghj,https://image-cdn-ak.spotifycdn.com/image/ab67616d00001e02c9b31b01e4d81f8289e49574,ok,
696,Accept Yourself - David Jensen Session 25/08/83,The Smiths,,https://open.spotify.com/track/1PhnGug15WBUZZUEp7DDY8,1PhnGug15WBUZZUEp7DDY8,1984-01-01T00:00:00Z,243480,False,spotify:track:1PhnGug15WBUZZUEp7DDY8,https://image-cdn-fa.spotifycdn.com/image/ab67616d00001e0204480d4422fe67d383386660,ok,
697,These Things Take Time - 2011 Remaster,The Smiths,,https://open.spotify.com/track/1xPVaZBBA8GO8jNIFnSkVm,1xPVaZBBA8GO8jNIFnSkVm,1987-01-01T00:00:00Z,143440,False,spotify:track:1xPVaZBBA8GO8jNIFnSkVm,https://image-cdn-fa.spotifycdn.com/image/ab67616d00001e02c9b31b01e4d81f8289e49574,ok,
698,What She Said - 2011 Remaster,The Smiths,,https://open.spotify.com/track/1KmBbKdNCsMlpbbopYBvGH,1KmBbKdNCsMlpbbopYBvGH,1985-02-11T00:00:00Z,162573,False,spotify:track:1KmBbKdNCsMlpbbopYBvGH,https://image-cdn-fa.spotifycdn.com/image/ab67616d00001e02ac345598e7697a319cb5b460,ok,
699,Half a Person - 2011 Remaster,The Smiths,,https://open.spotify.com/track/3ccAZx3wLZDVB2Nq6rikf9,3ccAZx3wLZDVB2Nq6rikf9,1987-01-01T00:00:00Z,218440,False,spotify:track:3ccAZx3wLZDVB2Nq6rikf9,https://image-cdn-ak.spotifycdn.com/image/ab67616d00001e02c9b31b01e4d81f8289e49574,ok,
700,I Won't Share You - 2011 Remaster,The Smiths,,https://open.spotify.com/track/3kLE2Jsxeb3W2bhx82bPlb,3kLE2Jsxeb3W2bhx82bPlb,1987-09-28T00:00:00Z,173560,False,spotify:track:3kLE2Jsxeb3W2bhx82bPlb,https://image-cdn-fa.spotifycdn.com/image/ab67616d00001e02be214add20a20c3f9a3545a0,ok,
701,You've Got Everything Now - 2011 Remaster,The Smiths,,https://open.spotify.com/track/2DYCM1sNmGliRszlzPkMiG,2DYCM1sNmGliRszlzPkMiG,1984-02-20T00:00:00Z,239800,False,spotify:track:2DYCM1sNmGliRszlzPkMiG,https://image-cdn-fa.spotifycdn.com/image/ab67616d00001e0246b017e0c96e4186e82df085,ok,
702,This Charming Man - 2011 Remaster,The Smiths,,https://open.spotify.com/track/1FvDJ9KGxcqwv1utyPL3JZ,1FvDJ9KGxcqwv1utyPL3JZ,1984-02-20T00:00:00Z,162920,False,spotify:track:1FvDJ9KGxcqwv1utyPL3JZ,https://image-cdn-fa.spotifycdn.com/image/ab67616d00001e0246b017e0c96e4186e82df085,ok,
703,Panic - 2011 Remaster,The Smiths,,https://open.spotify.com/track/64D3dzWyj0GpQT1AHx4kbK,64D3dzWyj0GpQT1AHx4kbK,1987-01-01T00:00:00Z,140506,False,spotify:track:64D3dzWyj0GpQT1AHx4kbK,https://image-cdn-fa.spotifycdn.com/image/ab67616d00001e02c9b31b01e4d81f8289e49574,ok,
704,Baby You're Out,Mac DeMarco,,https://open.spotify.com/track/6IvKEu4YwRYba9ZG6H7MIL,6IvKEu4YwRYba9ZG6H7MIL,2017-05-05T00:00:00Z,157720,False,spotify:track:6IvKEu4YwRYba9ZG6H7MIL,https://image-cdn-fa.spotifycdn.com/image/ab67616d00001e029f1b21f21b13ff2d3e891f6b,ok,
705,20210215 Ball For The Coach,Mac DeMarco,,https://open.spotify.com/track/2oWgDaFCRV6X1zXDHrbZeW,2oWgDaFCRV6X1zXDHrbZeW,2023-04-21T00:00:00Z,120192,True,spotify:track:2oWgDaFCRV6X1zXDHrbZeW,https://image-cdn-fa.spotifycdn.com/image/ab67616d00001e0240461e96808378ae2787a7e4,ok,
706,20210603,Mac DeMarco,,https://open.spotify.com/track/4Lf7qMNy7cAbBQM5ck9cCe,4Lf7qMNy7cAbBQM5ck9cCe,2023-04-21T00:00:00Z,157966,False,spotify:track:4Lf7qMNy7cAbBQM5ck9cCe,https://image-cdn-ak.spotifycdn.com/image/ab67616d00001e0240461e96808378ae2787a7e4,ok,
707,Never Let Me Down,"Kanye West, JAŸ-Z, J. Ivy",,https://open.spotify.com/track/34j4OxJxKznBs88cjSL2j9,34j4OxJxKznBs88cjSL2j9,2004-02-10T00:00:00Z,324440,True,spotify:track:34j4OxJxKznBs88cjSL2j9,https://image-cdn-fa.spotifycdn.com/image/ab67616d00001e0225b055377757b3cdd6f26b78,ok,
708,The New Workout Plan,Kanye West,,https://open.spotify.com/track/1Vp4St7JcXaUoJcIahtf3L,1Vp4St7JcXaUoJcIahtf3L,2004-02-10T00:00:00Z,322800,True,spotify:track:1Vp4St7JcXaUoJcIahtf3L,https://image-cdn-fa.spotifycdn.com/image/ab67616d00001e0225b055377757b3cdd6f26b78,ok,
709,Lover Girl,Laufey,,https://open.spotify.com/track/4nwjvcUjV7cexhwA40Bh5i,4nwjvcUjV7cexhwA40Bh5i,2025-08-22T00:00:00Z,164400,False,spotify:track:4nwjvcUjV7cexhwA40Bh5i,https://image-cdn-fa.spotifycdn.com/image/ab67616d00001e02dd5789ac02546396dc8aaf58,ok,
710,Atomic Vomit,Steve Lacy,,https://open.spotify.com/track/3YBfHJTZPHn5DqgMnD6g5g,3YBfHJTZPHn5DqgMnD6g5g,2020-12-04T00:00:00Z,90000,False,spotify:track:3YBfHJTZPHn5DqgMnD6g5g,https://image-cdn-fa.spotifycdn.com/image/ab67616d00001e02c3545bbe806b845c2b52bc20,ok,
711,All Caps,"Madvillain, Madlib, MF DOOM",,https://open.spotify.com/track/21O0XXPEWPtePt5RMY93Ob,21O0XXPEWPtePt5RMY93Ob,2004-03-24T00:00:00Z,130479,True,spotify:track:21O0XXPEWPtePt5RMY93Ob,https://image-cdn-fa.spotifycdn.com/image/ab67616d00001e023e3bb917af94bd82074c5d47,ok,
712,Fancy Clown (feat. Viktor Vaughn),"Madvillain, Madlib, MF DOOM, Viktor Vaughn",,https://open.spotify.com/track/1YgDGKyKhFlimPw3mLavPG,1YgDGKyKhFlimPw3mLavPG,2004-03-24T00:00:00Z,115826,True,spotify:track:1YgDGKyKhFlimPw3mLavPG,https://image-cdn-fa.spotifycdn.com/image/ab67616d00001e023e3bb917af94bd82074c5d47,ok,
713,Accordion,"Madvillain, Madlib, MF DOOM",,https://open.spotify.com/track/67vrmPygrZ9giGqHUSReAT,67vrmPygrZ9giGqHUSReAT,2004-03-24T00:00:00Z,118853,True,spotify:track:67vrmPygrZ9giGqHUSReAT,https://image-cdn-fa.spotifycdn.com/image/ab67616d00001e023e3bb917af94bd82074c5d47,ok,
714,Curls,"Madvillain, Madlib, MF DOOM",,https://open.spotify.com/track/0V3nTTKA24XKCayp8igU4l,0V3nTTKA24XKCayp8igU4l,2004-03-24T00:00:00Z,95506,False,spotify:track:0V3nTTKA24XKCayp8igU4l,https://image-cdn-fa.spotifycdn.com/image/ab67616d00001e023e3bb917af94bd82074c5d47,ok,
715,Livin' Loose,George Clanton,,https://open.spotify.com/track/2USTVgd20XRLMAhiYNklN8,2USTVgd20XRLMAhiYNklN8,2018-08-17T00:00:00Z,349280,False,spotify:track:2USTVgd20XRLMAhiYNklN8,https://image-cdn-fa.spotifycdn.com/image/ab67616d00001e0254823b660c0985479ea17f08,ok,
716,Make It Forever,George Clanton,,https://open.spotify.com/track/4Kh8w1MgC7LYHSbSX2lDzP,4Kh8w1MgC7LYHSbSX2lDzP,2018-08-17T00:00:00Z,211547,False,spotify:track:4Kh8w1MgC7LYHSbSX2lDzP,https://image-cdn-fa.spotifycdn.com/image/ab67616d00001e0254823b660c0985479ea17f08,ok,
717,Tie Me Down,George Clanton,,https://open.spotify.com/track/0Fj3mbyJXVXWGpi8bo2A2O,0Fj3mbyJXVXWGpi8bo2A2O,2018-08-17T00:00:00Z,190416,False,spotify:track:0Fj3mbyJXVXWGpi8bo2A2O,https://image-cdn-ak.spotifycdn.com/image/ab67616d00001e0254823b660c0985479ea17f08,ok,
718,Dumb,George Clanton,,https://open.spotify.com/track/4UCdsIQ3NdQUVGHrLDMdmR,4UCdsIQ3NdQUVGHrLDMdmR,2018-08-17T00:00:00Z,201874,False,spotify:track:4UCdsIQ3NdQUVGHrLDMdmR,https://image-cdn-fa.spotifycdn.com/image/ab67616d00001e0254823b660c0985479ea17f08,ok,
719,Slide,George Clanton,,https://open.spotify.com/track/1pwyi9Y9QE7M76fse2knBa,1pwyi9Y9QE7M76fse2knBa,2018-08-17T00:00:00Z,389061,False,spotify:track:1pwyi9Y9QE7M76fse2knBa,https://image-cdn-fa.spotifycdn.com/image/ab67616d00001e0254823b660c0985479ea17f08,ok,
720,Monster,George Clanton,,https://open.spotify.com/track/5e7Q7yYcc5uPtLP43Fj3aE,5e7Q7yYcc5uPtLP43Fj3aE,2018-08-17T00:00:00Z,227677,False,spotify:track:5e7Q7yYcc5uPtLP43Fj3aE,https://image-cdn-ak.spotifycdn.com/image/ab67616d00001e0254823b660c0985479ea17f08,ok,
721,Walk Slowly,George Clanton,,https://open.spotify.com/track/3woLFj4DieOd7vqP0goAJT,3woLFj4DieOd7vqP0goAJT,2018-08-17T00:00:00Z,189600,False,spotify:track:3woLFj4DieOd7vqP0goAJT,https://image-cdn-fa.spotifycdn.com/image/ab67616d00001e0254823b660c0985479ea17f08,ok,
722,Iwillbe.Wav,"ESPRIT 空想, George Clanton",,https://open.spotify.com/track/3pKBq2pxxs4yEDXRqQXZgU,3pKBq2pxxs4yEDXRqQXZgU,2014-05-06T00:00:00Z,46829,False,spotify:track:3pKBq2pxxs4yEDXRqQXZgU,https://image-cdn-fa.spotifycdn.com/image/ab67616d00001e0231ae1538d8ec5bd293f64601,ok,
723,Esprit.Wav,"ESPRIT 空想, George Clanton",,https://open.spotify.com/track/42e68PnF0DyvfdqubTJ6fx,42e68PnF0DyvfdqubTJ6fx,2014-05-06T00:00:00Z,210000,False,spotify:track:42e68PnF0DyvfdqubTJ6fx,https://image-cdn-fa.spotifycdn.com/image/ab67616d00001e0231ae1538d8ec5bd293f64601,ok,
724,Select.Wav,"ESPRIT 空想, George Clanton",,https://open.spotify.com/track/0wDjIXCcvgJCyGvYF7FUwY,0wDjIXCcvgJCyGvYF7FUwY,2014-05-06T00:00:00Z,48727,False,spotify:track:0wDjIXCcvgJCyGvYF7FUwY,https://image-cdn-fa.spotifycdn.com/image/ab67616d00001e0231ae1538d8ec5bd293f64601,ok,
725,Never Late Again,George Clanton,,https://open.spotify.com/track/01h0v6hhjIlTXwyYoGsIyn,01h0v6hhjIlTXwyYoGsIyn,2015-09-24T00:00:00Z,251159,False,spotify:track:01h0v6hhjIlTXwyYoGsIyn,https://image-cdn-fa.spotifycdn.com/image/ab67616d00001e027e9a535fa10fcf9bc311b3f4,ok,
726,Bleed,George Clanton,,https://open.spotify.com/track/06KfJvxTq7GFzGIr0tRwPE,06KfJvxTq7GFzGIr0tRwPE,2015-09-24T00:00:00Z,305875,False,spotify:track:06KfJvxTq7GFzGIr0tRwPE,https://image-cdn-ak.spotifycdn.com/image/ab67616d00001e027e9a535fa10fcf9bc311b3f4,ok,
727,Gotta Have It,"JAŸ-Z, Kanye West",,https://open.spotify.com/track/36mTP2gYrZ13YzytQ5p0QW,36mTP2gYrZ13YzytQ5p0QW,2011-08-12T00:00:00Z,140746,True,spotify:track:36mTP2gYrZ13YzytQ5p0QW,https://image-cdn-fa.spotifycdn.com/image/ab67616d00001e0252e61456aa4995ba48d94e30,ok,
728,Don t Stop! (Feat. Lupe Fiasco Pharrell),,,https://open.spotify.com/local///Don%20t%20Stop%21%20%28Feat.%20Lupe%20Fiasco%20%20%20Pharrell%29/232,,,232000,,,,ok,
729,Looking For Trouble,Kanye West,,https://open.spotify.com/local/Kanye%20West//Looking%20For%20Trouble/337,,,337000,,,,ok,
730,C.R.E.A.M. (Cash Rules Everything Around Me),Wu-Tang Clan,,https://open.spotify.com/track/119c93MHjrDLJTApCVGpvx,119c93MHjrDLJTApCVGpvx,1993-11-09T00:00:00Z,252026,True,spotify:track:119c93MHjrDLJTApCVGpvx,https://image-cdn-fa.spotifycdn.com/image/ab67616d00001e025901aaa980d3e714bf01171c,ok,
731,meet the grahams,Kendrick Lamar,,https://open.spotify.com/track/4S8PxReB1UiDR2F5x1lyIR,4S8PxReB1UiDR2F5x1lyIR,2024-05-03T00:00:00Z,392138,True,spotify:track:4S8PxReB1UiDR2F5x1lyIR,https://image-cdn-fa.spotifycdn.com/image/ab67616d00001e02ba8b74f6b8523c328be1bdd2,ok,
732,Kids See Ghosts,"KIDS SEE GHOSTS, Yasiin Bey",,https://open.spotify.com/track/2I3dW2dCBZAJGj5X21E53k,2I3dW2dCBZAJGj5X21E53k,2018-06-08T00:00:00Z,245098,True,spotify:track:2I3dW2dCBZAJGj5X21E53k,https://image-cdn-ak.spotifycdn.com/image/ab67616d00001e02013c00ee367dd85396f79c82,ok,
733,Freeee (Ghost Town Pt. 2),"KIDS SEE GHOSTS, Ty Dolla $ign",,https://open.spotify.com/track/7GRTrWsP3yo2Fx8umJfA1X,7GRTrWsP3yo2Fx8umJfA1X,2018-06-08T00:00:00Z,206605,True,spotify:track:7GRTrWsP3yo2Fx8umJfA1X,https://image-cdn-fa.spotifycdn.com/image/ab67616d00001e02013c00ee367dd85396f79c82,ok,
734,Feel The Love,"KIDS SEE GHOSTS, Pusha T",,https://open.spotify.com/track/3aUFrxO1B8EW63QchEl3wX,3aUFrxO1B8EW63QchEl3wX,2018-06-08T00:00:00Z,165053,True,spotify:track:3aUFrxO1B8EW63QchEl3wX,https://image-cdn-fa.spotifycdn.com/image/ab67616d00001e02013c00ee367dd85396f79c82,ok,
735,Fire,KIDS SEE GHOSTS,,https://open.spotify.com/track/7oHkit3F3vimtsBbnZkU0G,7oHkit3F3vimtsBbnZkU0G,2018-06-08T00:00:00Z,140526,True,spotify:track:7oHkit3F3vimtsBbnZkU0G,https://image-cdn-fa.spotifycdn.com/image/ab67616d00001e02013c00ee367dd85396f79c82,ok,
736,I Been Young,George Clanton,,https://open.spotify.com/track/1gRDj5L77TVphFS2AT0nh3,1gRDj5L77TVphFS2AT0nh3,2023-07-28T00:00:00Z,299812,False,spotify:track:1gRDj5L77TVphFS2AT0nh3,https://image-cdn-ak.spotifycdn.com/image/ab67616d00001e02f63203e1ddd367b69808f5bb,ok,
737,Crack Music,"Kanye West, The Game",,https://open.spotify.com/track/4fRTe59xEeNHT4uyAGsV27,4fRTe59xEeNHT4uyAGsV27,2005-08-30T00:00:00Z,270866,True,spotify:track:4fRTe59xEeNHT4uyAGsV27,https://image-cdn-fa.spotifycdn.com/image/ab67616d00001e02d79ba8ad2be777bad0e9924b,ok,
738,Celebration,Kanye West,,https://open.spotify.com/track/7jAxGkXU58FwNMjqoMahn7,7jAxGkXU58FwNMjqoMahn7,2005-08-30T00:00:00Z,198440,True,spotify:track:7jAxGkXU58FwNMjqoMahn7,https://image-cdn-fa.spotifycdn.com/image/ab67616d00001e02d79ba8ad2be777bad0e9924b,ok,
739,Honey Moon,Mac DeMarco,,https://open.spotify.com/track/7JQIF6q26l1ROdu7phHjnZ,7JQIF6q26l1ROdu7phHjnZ,2018-08-24T00:00:00Z,157170,False,spotify:track:7JQIF6q26l1ROdu7phHjnZ,https://image-cdn-fa.spotifycdn.com/image/ab67616d00001e02f45e2596753b0904131788fb,ok,
740,Who Gon Stop Me,"JAŸ-Z, Kanye West",,https://open.spotify.com/track/5vqGzocoPjRQLsnL7UBOpE,5vqGzocoPjRQLsnL7UBOpE,2011-08-12T00:00:00Z,256696,True,spotify:track:5vqGzocoPjRQLsnL7UBOpE,https://image-cdn-ak.spotifycdn.com/image/ab67616d00001e0252e61456aa4995ba48d94e30,ok,
741,Low Signal,,,https://open.spotify.com/local///Low%20Signal/125,,,125000,,,,ok,
742,Packt Like Sardines In a Crushd Tin Box,Radiohead,,https://open.spotify.com/track/6B8qmIsuiiq2scZgUgmXfE,6B8qmIsuiiq2scZgUgmXfE,2021-11-05T00:00:00Z,240333,False,spotify:track:6B8qmIsuiiq2scZgUgmXfE,https://image-cdn-fa.spotifycdn.com/image/ab67616d00001e02bbaaa8bf9aedb07135d2c6d3,ok,
743,Pyramid Song,Radiohead,,https://open.spotify.com/track/6odVNrn820IkdNB1zC3kii,6odVNrn820IkdNB1zC3kii,2021-11-05T00:00:00Z,288733,False,spotify:track:6odVNrn820IkdNB1zC3kii,https://image-cdn-ak.spotifycdn.com/image/ab67616d00001e02bbaaa8bf9aedb07135d2c6d3,ok,
744,Pulk/Pull Revolving Doors,Radiohead,,https://open.spotify.com/track/1daHnZE6OXklKTaix7BCdc,1daHnZE6OXklKTaix7BCdc,2021-11-05T00:00:00Z,247266,False,spotify:track:1daHnZE6OXklKTaix7BCdc,https://image-cdn-fa.spotifycdn.com/image/ab67616d00001e02bbaaa8bf9aedb07135d2c6d3,ok,
745,You And Whose Army?,Radiohead,,https://open.spotify.com/track/08QGvTyesyJiodOHSH2QsW,08QGvTyesyJiodOHSH2QsW,2021-11-05T00:00:00Z,191000,False,spotify:track:08QGvTyesyJiodOHSH2QsW,https://image-cdn-fa.spotifycdn.com/image/ab67616d00001e02bbaaa8bf9aedb07135d2c6d3,ok,
746,I Might Be Wrong,Radiohead,,https://open.spotify.com/track/3EXR2NUmkNPJQihjvMlLGb,3EXR2NUmkNPJQihjvMlLGb,2021-11-05T00:00:00Z,293773,False,spotify:track:3EXR2NUmkNPJQihjvMlLGb,https://image-cdn-fa.spotifycdn.com/image/ab67616d00001e02bbaaa8bf9aedb07135d2c6d3,ok,
747,Knives Out,Radiohead,,https://open.spotify.com/track/4RMds1EdYrghXxBA3pBJeb,4RMds1EdYrghXxBA3pBJeb,2021-11-05T00:00:00Z,254866,False,spotify:track:4RMds1EdYrghXxBA3pBJeb,https://image-cdn-ak.spotifycdn.com/image/ab67616d00001e02bbaaa8bf9aedb07135d2c6d3,ok,
748,Morning Bell/Amnesiac,Radiohead,,https://open.spotify.com/track/5B8noxM4Nv71LPBujOjOYz,5B8noxM4Nv71LPBujOjOYz,2021-11-05T00:00:00Z,194266,False,spotify:track:5B8noxM4Nv71LPBujOjOYz,https://image-cdn-fa.spotifycdn.com/image/ab67616d00001e02bbaaa8bf9aedb07135d2c6d3,ok,
749,Dollars and Cents,Radiohead,,https://open.spotify.com/track/6EKBZ1eARNuk560JX7bbOD,6EKBZ1eARNuk560JX7bbOD,2021-11-05T00:00:00Z,291733,False,spotify:track:6EKBZ1eARNuk560JX7bbOD,https://image-cdn-fa.spotifycdn.com/image/ab67616d00001e02bbaaa8bf9aedb07135d2c6d3,ok,
750,Hunting Bears,Radiohead,,https://open.spotify.com/track/3eJ7eToeq7dOkTziF5neAk,3eJ7eToeq7dOkTziF5neAk,2021-11-05T00:00:00Z,121200,False,spotify:track:3eJ7eToeq7dOkTziF5neAk,https://image-cdn-fa.spotifycdn.com/image/ab67616d00001e02bbaaa8bf9aedb07135d2c6d3,ok,
751,Like Spinning Plates,Radiohead,,https://open.spotify.com/track/4KoyF1BiTEJ71EZxPVfMeZ,4KoyF1BiTEJ71EZxPVfMeZ,2021-11-05T00:00:00Z,237466,False,spotify:track:4KoyF1BiTEJ71EZxPVfMeZ,https://image-cdn-ak.spotifycdn.com/image/ab67616d00001e02bbaaa8bf9aedb07135d2c6d3,ok,
752,Life In a Glasshouse,Radiohead,,https://open.spotify.com/track/0qFTFL1V5nRMw4fmEodSYQ,0qFTFL1V5nRMw4fmEodSYQ,2021-11-05T00:00:00Z,276693,False,spotify:track:0qFTFL1V5nRMw4fmEodSYQ,https://image-cdn-ak.spotifycdn.com/image/ab67616d00001e02bbaaa8bf9aedb07135d2c6d3,ok,
753,If You Say the Word,Radiohead,,https://open.spotify.com/track/0IW33PjCiwBKH4IGASRzrm,0IW33PjCiwBKH4IGASRzrm,2021-11-05T00:00:00Z,260733,False,spotify:track:0IW33PjCiwBKH4IGASRzrm,https://image-cdn-fa.spotifycdn.com/image/ab67616d00001e02bbaaa8bf9aedb07135d2c6d3,ok,
754,Saffron,MF DOOM,,https://open.spotify.com/track/6ArieQeLF5MVIWO9b7AlRq,6ArieQeLF5MVIWO9b7AlRq,2006-01-24T00:00:00Z,124039,False,spotify:track:6ArieQeLF5MVIWO9b7AlRq,https://image-cdn-fa.spotifycdn.com/image/ab67616d00001e028a82421a9a8ea0b7ef7d584f,ok,
755,Arrow Root,MF DOOM,,https://open.spotify.com/track/0qlrVIgcx8ScMCGIw5xgxO,0qlrVIgcx8ScMCGIw5xgxO,2006-01-24T00:00:00Z,130798,False,spotify:track:0qlrVIgcx8ScMCGIw5xgxO,https://image-cdn-ak.spotifycdn.com/image/ab67616d00001e028a82421a9a8ea0b7ef7d584f,ok,
756,White Willow Bark,MF DOOM,,https://open.spotify.com/track/0pXH6Q9CfkPLeWvT74q13G,0pXH6Q9CfkPLeWvT74q13G,2006-01-24T00:00:00Z,126239,False,spotify:track:0pXH6Q9CfkPLeWvT74q13G,https://image-cdn-fa.spotifycdn.com/image/ab67616d00001e028a82421a9a8ea0b7ef7d584f,ok,
757,High John,MF DOOM,,https://open.spotify.com/track/3kVMN6mkP10aRZJRmhf7yr,3kVMN6mkP10aRZJRmhf7yr,2006-01-24T00:00:00Z,142839,False,spotify:track:3kVMN6mkP10aRZJRmhf7yr,https://image-cdn-fa.spotifycdn.com/image/ab67616d00001e028a82421a9a8ea0b7ef7d584f,ok,
758,Burn the Witch,Radiohead,,https://open.spotify.com/track/3DpuYpzkvUWXbmzCm6pfzR,3DpuYpzkvUWXbmzCm6pfzR,2016-05-08T00:00:00Z,220609,False,spotify:track:3DpuYpzkvUWXbmzCm6pfzR,https://image-cdn-fa.spotifycdn.com/image/ab67616d00001e0245643f5cf119cbc9d2811c22,ok,
759,Daydreaming,Radiohead,,https://open.spotify.com/track/1Rd5OVjqDAr5xC96MHt448,1Rd5OVjqDAr5xC96MHt448,2016-05-08T00:00:00Z,384438,False,spotify:track:1Rd5OVjqDAr5xC96MHt448,https://image-cdn-fa.spotifycdn.com/image/ab67616d00001e0245643f5cf119cbc9d2811c22,ok,
760,Decks Dark,Radiohead,,https://open.spotify.com/track/4mRSbPLnOm54ttkTYvxxSY,4mRSbPLnOm54ttkTYvxxSY,2016-05-08T00:00:00Z,281011,False,spotify:track:4mRSbPLnOm54ttkTYvxxSY,https://image-cdn-fa.spotifycdn.com/image/ab67616d00001e0245643f5cf119cbc9d2811c22,ok,
761,Desert Island Disk,Radiohead,,https://open.spotify.com/track/0eLVt8CGVdNnyMcfP38kDi,0eLVt8CGVdNnyMcfP38kDi,2016-05-08T00:00:00Z,224698,False,spotify:track:0eLVt8CGVdNnyMcfP38kDi,https://image-cdn-ak.spotifycdn.com/image/ab67616d00001e0245643f5cf119cbc9d2811c22,ok,
762,Ful Stop,Radiohead,,https://open.spotify.com/track/6nOsTV3cMjLh3k6Wpk468L,6nOsTV3cMjLh3k6Wpk468L,2016-05-08T00:00:00Z,367348,False,spotify:track:6nOsTV3cMjLh3k6Wpk468L,https://image-cdn-fa.spotifycdn.com/image/ab67616d00001e0245643f5cf119cbc9d2811c22,ok,
763,Glass Eyes,Radiohead,,https://open.spotify.com/track/0uOeAmfdyaekD2RIGwCDwq,0uOeAmfdyaekD2RIGwCDwq,2016-05-08T00:00:00Z,172935,False,spotify:track:0uOeAmfdyaekD2RIGwCDwq,https://image-cdn-ak.spotifycdn.com/image/ab67616d00001e0245643f5cf119cbc9d2811c22,ok,
764,Identikit,Radiohead,,https://open.spotify.com/track/135WMJorhiGvPe50XF54D9,135WMJorhiGvPe50XF54D9,2016-05-08T00:00:00Z,266643,False,spotify:track:135WMJorhiGvPe50XF54D9,https://image-cdn-fa.spotifycdn.com/image/ab67616d00001e0245643f5cf119cbc9d2811c22,ok,
765,The Numbers,Radiohead,,https://open.spotify.com/track/1GnFQL9XnxrXFloKm1yjuW,1GnFQL9XnxrXFloKm1yjuW,2016-05-08T00:00:00Z,345886,False,spotify:track:1GnFQL9XnxrXFloKm1yjuW,https://image-cdn-fa.spotifycdn.com/image/ab67616d00001e0245643f5cf119cbc9d2811c22,ok,
766,Present Tense,Radiohead,,https://open.spotify.com/track/7KHQtpLpoIV3Wfu22YQT8y,7KHQtpLpoIV3Wfu22YQT8y,2016-05-08T00:00:00Z,306581,False,spotify:track:7KHQtpLpoIV3Wfu22YQT8y,https://image-cdn-ak.spotifycdn.com/image/ab67616d00001e0245643f5cf119cbc9d2811c22,ok,
767,Tinker Tailor Soldier Sailor Rich Man Poor Man Beggar Man Thief,Radiohead,,https://open.spotify.com/track/3YQVYTkonczhXyj31HH4AK,3YQVYTkonczhXyj31HH4AK,2016-05-08T00:00:00Z,303688,False,spotify:track:3YQVYTkonczhXyj31HH4AK,https://image-cdn-fa.spotifycdn.com/image/ab67616d00001e0245643f5cf119cbc9d2811c22,ok,
768,True Love Waits,Radiohead,,https://open.spotify.com/track/07XaOyTS5hyaWiUK1Bc3bR,07XaOyTS5hyaWiUK1Bc3bR,2016-05-08T00:00:00Z,283463,False,spotify:track:07XaOyTS5hyaWiUK1Bc3bR,https://image-cdn-fa.spotifycdn.com/image/ab67616d00001e0245643f5cf119cbc9d2811c22,ok,
769,Warmspot,George Clanton,,https://open.spotify.com/track/3lUTHQlniRIqXmxbRlxC0U,3lUTHQlniRIqXmxbRlxC0U,2015-09-24T00:00:00Z,264764,False,spotify:track:3lUTHQlniRIqXmxbRlxC0U,https://image-cdn-fa.spotifycdn.com/image/ab67616d00001e027e9a535fa10fcf9bc311b3f4,ok,
770,It Makes the Babies Want to Cry,George Clanton,,https://open.spotify.com/track/30s2prPWNfUxoKgfpSo3wN,30s2prPWNfUxoKgfpSo3wN,2015-09-24T00:00:00Z,218000,False,spotify:track:30s2prPWNfUxoKgfpSo3wN,https://image-cdn-ak.spotifycdn.com/image/ab67616d00001e027e9a535fa10fcf9bc311b3f4,ok,
771,Keep a Secret,George Clanton,,https://open.spotify.com/track/4zoc1Xb3ALBLdf5iL6hocg,4zoc1Xb3ALBLdf5iL6hocg,2015-09-24T00:00:00Z,169971,False,spotify:track:4zoc1Xb3ALBLdf5iL6hocg,https://image-cdn-fa.spotifycdn.com/image/ab67616d00001e027e9a535fa10fcf9bc311b3f4,ok,
772,That's My Bitch,"JAŸ-Z, Kanye West",,https://open.spotify.com/track/07CRJ8rXcaaqtboD6QXGur,07CRJ8rXcaaqtboD6QXGur,2011-08-12T00:00:00Z,202565,True,spotify:track:07CRJ8rXcaaqtboD6QXGur,https://image-cdn-ak.spotifycdn.com/image/ab67616d00001e0252e61456aa4995ba48d94e30,ok,
773,Virtual Insanity - Remastered 2006,Jamiroquai,,https://open.spotify.com/track/4UQDZlZhGUDoYMohwrY28v,4UQDZlZhGUDoYMohwrY28v,2005-01-01T00:00:00Z,229360,False,spotify:track:4UQDZlZhGUDoYMohwrY28v,https://image-cdn-fa.spotifycdn.com/image/ab67616d00001e0243a58a3269fa18d1e4f8b5ca,ok,
774,Cosmic Girl - Remastered 2013,Jamiroquai,,https://open.spotify.com/track/6y0Etr2KJr0sdcEp7ajoUK,6y0Etr2KJr0sdcEp7ajoUK,1996-09-09T00:00:00Z,244146,False,spotify:track:6y0Etr2KJr0sdcEp7ajoUK,https://image-cdn-fa.spotifycdn.com/image/ab67616d00001e026407aa9a5e5215cf554ad5d1,ok,
775,Space Cowboy,Jamiroquai,,https://open.spotify.com/track/6K53GM9W6Vle5KBwGFVnZM,6K53GM9W6Vle5KBwGFVnZM,1994-10-17T00:00:00Z,386973,False,spotify:track:6K53GM9W6Vle5KBwGFVnZM,https://image-cdn-fa.spotifycdn.com/image/ab67616d00001e0215b3727c6abdcfe4826f91ff,ok,
776,Love Lost,"Mac Miller, The Temper Trap",,https://open.spotify.com/track/1gooIGZGh22TOPqaogU9bs,1gooIGZGh22TOPqaogU9bs,2022-07-22T00:00:00Z,162875,True,spotify:track:1gooIGZGh22TOPqaogU9bs,https://image-cdn-fa.spotifycdn.com/image/ab67616d00001e025d54426256aa3f26b6d692de,ok,
777,Congratulations (feat. Bilal),"Mac Miller, Bilal",,https://open.spotify.com/track/1OubIZ0ARYCUq5kceYUQiO,1OubIZ0ARYCUq5kceYUQiO,2016-09-16T00:00:00Z,256426,True,spotify:track:1OubIZ0ARYCUq5kceYUQiO,https://image-cdn-fa.spotifycdn.com/image/ab67616d00001e022e92f776279eaf45d14a33fd,ok,
778,Weekend (feat. Miguel),"Mac Miller, Miguel",,https://open.spotify.com/track/6GnhWMhgJb7uyiiPEiEkDA,6GnhWMhgJb7uyiiPEiEkDA,2015-09-18T00:00:00Z,208080,True,spotify:track:6GnhWMhgJb7uyiiPEiEkDA,https://image-cdn-ak.spotifycdn.com/image/ab67616d00001e02ee0f38410382a255e4fb15f4,ok,
779,Self Care,Mac Miller,,https://open.spotify.com/track/5bJ1DrEM4hNCafcDd1oxHx,5bJ1DrEM4hNCafcDd1oxHx,2018-08-03T00:00:00Z,345133,True,spotify:track:5bJ1DrEM4hNCafcDd1oxHx,https://image-cdn-ak.spotifycdn.com/image/ab67616d00001e02175c577a61aa13d4fb4b6534,ok,
780,Cinderella (feat. Ty Dolla $ign),"Mac Miller, Ty Dolla $ign",,https://open.spotify.com/track/2lpygKqzPFtItQ4ss3cgfb,2lpygKqzPFtItQ4ss3cgfb,2016-09-16T00:00:00Z,480186,True,spotify:track:2lpygKqzPFtItQ4ss3cgfb,https://image-cdn-ak.spotifycdn.com/image/ab67616d00001e022e92f776279eaf45d14a33fd,ok,
781,Woods,Mac Miller,,https://open.spotify.com/track/3Qa944OTMZkg8DHjET8JQv,3Qa944OTMZkg8DHjET8JQv,2020-01-17T00:00:00Z,286386,False,spotify:track:3Qa944OTMZkg8DHjET8JQv,https://image-cdn-fa.spotifycdn.com/image/ab67616d00001e02d9d8f1a08476cd347fbea313,ok,
782,Blue World,Mac Miller,,https://open.spotify.com/track/2hwOoMtWPtTSSn6WHV7Vp5,2hwOoMtWPtTSSn6WHV7Vp5,2020-01-17T00:00:00Z,209440,True,spotify:track:2hwOoMtWPtTSSn6WHV7Vp5,https://image-cdn-fa.spotifycdn.com/image/ab67616d00001e02d9d8f1a08476cd347fbea313,ok,
783,Across The Sea,Weezer,,https://open.spotify.com/track/7JJPh9eOiSr8zYlBjcu2w0,7JJPh9eOiSr8zYlBjcu2w0,1996-09-24T00:00:00Z,272773,False,spotify:track:7JJPh9eOiSr8zYlBjcu2w0,https://image-cdn-fa.spotifycdn.com/image/ab67616d00001e02f4f9accdc0fb8ddee29e32b7,ok,
784,Why Bother?,Weezer,,https://open.spotify.com/track/43Qr1YBCY3vSVCvZuR0PCb,43Qr1YBCY3vSVCvZuR0PCb,1996-09-24T00:00:00Z,128400,False,spotify:track:43Qr1YBCY3vSVCvZuR0PCb,https://image-cdn-fa.spotifycdn.com/image/ab67616d00001e02f4f9accdc0fb8ddee29e32b7,ok,
785,El Scorcho,Weezer,,https://open.spotify.com/track/3g2gQMeeQAEPztiQKMlGSl,3g2gQMeeQAEPztiQKMlGSl,1996-09-24T00:00:00Z,243466,False,spotify:track:3g2gQMeeQAEPztiQKMlGSl,https://image-cdn-fa.spotifycdn.com/image/ab67616d00001e02f4f9accdc0fb8ddee29e32b7,ok,
786,トーキョーレギー,Masayoshi Takanaka,,https://open.spotify.com/track/5floNyItopWZyB4IzKrJtW,5floNyItopWZyB4IzKrJtW,1976-01-01T00:00:00Z,260333,False,spotify:track:5floNyItopWZyB4IzKrJtW,https://image-cdn-ak.spotifycdn.com/image/ab67616d00001e023174a9f789d91a20d3ef14aa,ok,
787,OH! TENGO SUERTE,Masayoshi Takanaka,,https://open.spotify.com/track/7E4qUlNYocWix5FKBdw5CN,7E4qUlNYocWix5FKBdw5CN,1976-01-01T00:00:00Z,252666,False,spotify:track:7E4qUlNYocWix5FKBdw5CN,https://image-cdn-fa.spotifycdn.com/image/ab67616d00001e023174a9f789d91a20d3ef14aa,ok,
788,BRASILIAN SKIES,Masayoshi Takanaka,,https://open.spotify.com/track/3bMc9oRaUWnojCrYTUXXcQ,3bMc9oRaUWnojCrYTUXXcQ,1978-01-01T00:00:00Z,353013,False,spotify:track:3bMc9oRaUWnojCrYTUXXcQ,https://image-cdn-ak.spotifycdn.com/image/ab67616d00001e02c718e0f746b0f671fd92421e,ok,
789,migraine,jaydes,,https://open.spotify.com/track/5frIKPPZpsKYguxGCKs9xT,5frIKPPZpsKYguxGCKs9xT,2022-04-30T00:00:00Z,31582,True,spotify:track:5frIKPPZpsKYguxGCKs9xT,https://image-cdn-fa.spotifycdn.com/image/ab67616d00001e02e18477bca378bcc68b0f473b,ok,
790,"Bitch, Don’t Kill My Vibe",Kendrick Lamar,,https://open.spotify.com/track/5h5tBFnbcVioFXiOixTn6E,5h5tBFnbcVioFXiOixTn6E,2012-10-22T00:00:00Z,310720,True,spotify:track:5h5tBFnbcVioFXiOixTn6E,https://image-cdn-ak.spotifycdn.com/image/ab67616d00001e02d28d2ebdedb220e479743797,ok,
791,Money Trees,"Kendrick Lamar, Jay Rock",,https://open.spotify.com/track/0UtnpKaReKUg2GquaSxCyD,0UtnpKaReKUg2GquaSxCyD,2012-10-22T00:00:00Z,386906,True,spotify:track:0UtnpKaReKUg2GquaSxCyD,https://image-cdn-fa.spotifycdn.com/image/ab67616d00001e02d28d2ebdedb220e479743797,ok,
792,Poetic Justice,"Kendrick Lamar, Drake",,https://open.spotify.com/track/3MLOAIJNWWS8FQpvdaiKR7,3MLOAIJNWWS8FQpvdaiKR7,2012-10-22T00:00:00Z,300160,True,spotify:track:3MLOAIJNWWS8FQpvdaiKR7,https://image-cdn-ak.spotifycdn.com/image/ab67616d00001e02d58e537cea05c2156792c53d,ok,
793,m.A.A.d city,"Kendrick Lamar, MC Eiht",,https://open.spotify.com/track/3qX1dqmDdmMvvfMVfsx4Bh,3qX1dqmDdmMvvfMVfsx4Bh,2012-10-22T00:00:00Z,350120,True,spotify:track:3qX1dqmDdmMvvfMVfsx4Bh,https://image-cdn-fa.spotifycdn.com/image/ab67616d00001e02d28d2ebdedb220e479743797,ok,
794,Swimming Pools (Drank) - Extended Version,Kendrick Lamar,,https://open.spotify.com/track/40wUM3LFZOlUcZfxEIZrYK,40wUM3LFZOlUcZfxEIZrYK,2012-10-22T00:00:00Z,313786,True,spotify:track:40wUM3LFZOlUcZfxEIZrYK,https://image-cdn-fa.spotifycdn.com/image/ab67616d00001e02d58e537cea05c2156792c53d,ok,
795,Wolves,Kanye West,,https://open.spotify.com/track/432hUIl3ISDeytYW5XBQ5h,432hUIl3ISDeytYW5XBQ5h,2016-06-10T00:00:00Z,301586,True,spotify:track:432hUIl3ISDeytYW5XBQ5h,https://image-cdn-fa.spotifycdn.com/image/ab67616d00001e022a7db835b912dc5014bd37f4,ok,
796,"Sing About Me, I'm Dying Of Thirst",Kendrick Lamar,,https://open.spotify.com/track/1Z2FvDFZSDQ23s4BDqpWqZ,1Z2FvDFZSDQ23s4BDqpWqZ,2012-10-22T00:00:00Z,723573,True,spotify:track:1Z2FvDFZSDQ23s4BDqpWqZ,https://image-cdn-fa.spotifycdn.com/image/ab67616d00001e02d58e537cea05c2156792c53d,ok,
797,Iron Man (2012 Remaster),Black Sabbath,,https://open.spotify.com/track/0vJYFKg9z1IvZiQUyX19cD,0vJYFKg9z1IvZiQUyX19cD,1970-09-18T00:00:00Z,353613,False,spotify:track:0vJYFKg9z1IvZiQUyX19cD,https://image-cdn-fa.spotifycdn.com/image/ab67616d00001e02d5fccf9ce08b6a1e7d12a222,ok,
798,Paranoid (2012 Remaster),Black Sabbath,,https://open.spotify.com/track/2z71jdeVcC782NgsYZ6N8q,2z71jdeVcC782NgsYZ6N8q,1970-09-18T00:00:00Z,166693,False,spotify:track:2z71jdeVcC782NgsYZ6N8q,https://image-cdn-fa.spotifycdn.com/image/ab67616d00001e02d5fccf9ce08b6a1e7d12a222,ok,
799,Fazers,King Geedorah,,https://open.spotify.com/track/1R28m5eWk1EV9FQ3puWrUp,1R28m5eWk1EV9FQ3puWrUp,2003-06-17T00:00:00Z,197133,True,spotify:track:1R28m5eWk1EV9FQ3puWrUp,https://image-cdn-ak.spotifycdn.com/image/ab67616d00001e02a946aefb7f59f1431d557b35,ok,
800,Anti-Matter,"King Geedorah, Mr Fantastik",,https://open.spotify.com/track/4kVxStqN7DeoZje5aidAn3,4kVxStqN7DeoZje5aidAn3,2003-06-17T00:00:00Z,206946,False,spotify:track:4kVxStqN7DeoZje5aidAn3,https://image-cdn-fa.spotifycdn.com/image/ab67616d00001e02a946aefb7f59f1431d557b35,ok,
801,Pulsewidth,Aphex Twin,,https://open.spotify.com/track/643gyipSU7dkmrFhJ8UAIm,643gyipSU7dkmrFhJ8UAIm,1992-02-10T00:00:00Z,228053,False,spotify:track:643gyipSU7dkmrFhJ8UAIm,https://image-cdn-fa.spotifycdn.com/image/ab67616d00001e0238906032688bb13b135ce19a,ok,
802,Raid (feat. MED),"Madvillain, Madlib, MF DOOM, MED",,https://open.spotify.com/track/3KQh7ppbDxVjdJBtjvP5BU,3KQh7ppbDxVjdJBtjvP5BU,2004-03-24T00:00:00Z,150520,True,spotify:track:3KQh7ppbDxVjdJBtjvP5BU,https://image-cdn-ak.spotifycdn.com/image/ab67616d00001e023e3bb917af94bd82074c5d47,ok,
803,End of Beginning,Djo,,https://open.spotify.com/track/3qhlB30KknSejmIvZZLjOD,3qhlB30KknSejmIvZZLjOD,2022-09-16T00:00:00Z,159245,False,spotify:track:3qhlB30KknSejmIvZZLjOD,https://image-cdn-ak.spotifycdn.com/image/ab67616d00001e02fddfffec51b4580acae727c1,ok,
804,My Iron Lung,Radiohead,,https://open.spotify.com/track/0jyikFM0Umv0KlnrOEKtTG,0jyikFM0Umv0KlnrOEKtTG,1995-03-13T00:00:00Z,276426,False,spotify:track:0jyikFM0Umv0KlnrOEKtTG,https://image-cdn-fa.spotifycdn.com/image/ab67616d00001e029293c743fa542094336c5e12,ok,
805,Black Star,Radiohead,,https://open.spotify.com/track/6UO72VSXEONxdfLyABihs9,6UO72VSXEONxdfLyABihs9,1995-03-13T00:00:00Z,247040,False,spotify:track:6UO72VSXEONxdfLyABihs9,https://image-cdn-fa.spotifycdn.com/image/ab67616d00001e029293c743fa542094336c5e12,ok,
806,Blow Out,Radiohead,,https://open.spotify.com/track/5XpcTQlNnfIQbiWE4hvYo7,5XpcTQlNnfIQbiWE4hvYo7,1993-02-22T00:00:00Z,282066,False,spotify:track:5XpcTQlNnfIQbiWE4hvYo7,https://image-cdn-fa.spotifycdn.com/image/ab67616d00001e02ec548c00d3ac2f10be73366d,ok,
807,Untitled Demo 1997,Panchiko,,https://open.spotify.com/track/09BgHVKTKv0gqFNep5GUtz,09BgHVKTKv0gqFNep5GUtz,2020-07-25T00:00:00Z,160750,False,spotify:track:09BgHVKTKv0gqFNep5GUtz,https://image-cdn-ak.spotifycdn.com/image/ab67616d00001e02c43ee2c59d5d6b0d4b3a2075,ok,
808,No. 8,Panchiko,,https://open.spotify.com/track/604TlODb9udg9aWbdVczMw,604TlODb9udg9aWbdVczMw,2020-07-25T00:00:00Z,238750,False,spotify:track:604TlODb9udg9aWbdVczMw,https://image-cdn-fa.spotifycdn.com/image/ab67616d00001e02c43ee2c59d5d6b0d4b3a2075,ok,
809,Thats No Fun,Steve Lacy,,https://open.spotify.com/track/0SkgmGr08TvWQciNRgRtmc,0SkgmGr08TvWQciNRgRtmc,2020-12-04T00:00:00Z,161900,True,spotify:track:0SkgmGr08TvWQciNRgRtmc,https://image-cdn-fa.spotifycdn.com/image/ab67616d00001e02c3545bbe806b845c2b52bc20,ok,
810,Last Call,Kanye West,,https://open.spotify.com/track/7iOhWWYjhhQiXzF4o4HhXN,7iOhWWYjhhQiXzF4o4HhXN,2004-02-10T00:00:00Z,760973,True,spotify:track:7iOhWWYjhhQiXzF4o4HhXN,https://image-cdn-fa.spotifycdn.com/image/ab67616d00001e0225b055377757b3cdd6f26b78,ok,
811,Make Her Say,"Kid Cudi, Kanye West, Common",,https://open.spotify.com/track/16Dh2buZVDH3XTBRXJp8f0,16Dh2buZVDH3XTBRXJp8f0,2009-01-01T00:00:00Z,237600,True,spotify:track:16Dh2buZVDH3XTBRXJp8f0,https://image-cdn-fa.spotifycdn.com/image/ab67616d00001e0279f39680d0a747ccd91520ec,ok,
812,It Wasn't Me,"Shaggy, Rik Rok",,https://open.spotify.com/track/3WkibOpDF7cQ5xntM1epyf,3WkibOpDF7cQ5xntM1epyf,2000-08-08T00:00:00Z,227600,False,spotify:track:3WkibOpDF7cQ5xntM1epyf,https://image-cdn-ak.spotifycdn.com/image/ab67616d00001e029449f9491c364d28a9668e17,ok,
813,Babydoll,Dominic Fike,,https://open.spotify.com/track/7yNf9YjeO5JXUE3JEBgnYc,7yNf9YjeO5JXUE3JEBgnYc,2018-10-16T00:00:00Z,97960,False,spotify:track:7yNf9YjeO5JXUE3JEBgnYc,https://image-cdn-ak.spotifycdn.com/image/ab67616d00001e027b1b6f41c1645af9757d5616,ok,
814,Anyone Can Play Guitar,Radiohead,,https://open.spotify.com/track/23oUaizFBFVFI5PxJrkiO5,23oUaizFBFVFI5PxJrkiO5,1993-02-22T00:00:00Z,217800,False,spotify:track:23oUaizFBFVFI5PxJrkiO5,https://image-cdn-fa.spotifycdn.com/image/ab67616d00001e02ec548c00d3ac2f10be73366d,ok,
815,Reckoner,Radiohead,,https://open.spotify.com/track/02ppMPbg1OtEdHgoPqoqju,02ppMPbg1OtEdHgoPqoqju,2007-12-28T00:00:00Z,290213,False,spotify:track:02ppMPbg1OtEdHgoPqoqju,https://image-cdn-ak.spotifycdn.com/image/ab67616d00001e02de3c04b5fc750b68899b20a9,ok,
816,15 Step,Radiohead,,https://open.spotify.com/track/4oXg7xT4ksBxHTx8PcmSXw,4oXg7xT4ksBxHTx8PcmSXw,2007-12-28T00:00:00Z,237293,False,spotify:track:4oXg7xT4ksBxHTx8PcmSXw,https://image-cdn-ak.spotifycdn.com/image/ab67616d00001e02de3c04b5fc750b68899b20a9,ok,
817,Nude,Radiohead,,https://open.spotify.com/track/35YyxFpE0ZTOoqFx5bADW8,35YyxFpE0ZTOoqFx5bADW8,2007-12-28T00:00:00Z,255386,False,spotify:track:35YyxFpE0ZTOoqFx5bADW8,https://image-cdn-fa.spotifycdn.com/image/ab67616d00001e02de3c04b5fc750b68899b20a9,ok,
818,"Paint It, Black",The Rolling Stones,,https://open.spotify.com/track/63T7DJ1AFDD6Bn8VzG6JE8,63T7DJ1AFDD6Bn8VzG6JE8,1966-04-15T00:00:00Z,202266,False,spotify:track:63T7DJ1AFDD6Bn8VzG6JE8,https://image-cdn-ak.spotifycdn.com/image/ab67616d00001e02bad7062c3fd2f2d037989694,ok,
819,Milk - 2021 Remaster,Sweet Trip,,https://open.spotify.com/track/7Jq4cV3F5puQfUAxL4sHL8,7Jq4cV3F5puQfUAxL4sHL8,2009-01-01T00:00:00Z,265749,False,spotify:track:7Jq4cV3F5puQfUAxL4sHL8,https://image-cdn-ak.spotifycdn.com/image/ab67616d00001e022eea6e2f09819773091ec649,ok,
820,Dsco,Sweet Trip,,https://open.spotify.com/track/1OKkG3vxEuBBwLw1gCqdNW,1OKkG3vxEuBBwLw1gCqdNW,2003-06-10T00:00:00Z,191133,False,spotify:track:1OKkG3vxEuBBwLw1gCqdNW,https://image-cdn-fa.spotifycdn.com/image/ab67616d00001e022aa34d5906e01231eff70f82,ok,
821,Air Supply - 2021 Remaster,Sweet Trip,,https://open.spotify.com/track/7KAXxQfUG4kzRivltbD1UY,7KAXxQfUG4kzRivltbD1UY,2009-01-01T00:00:00Z,281694,False,spotify:track:7KAXxQfUG4kzRivltbD1UY,https://image-cdn-fa.spotifycdn.com/image/ab67616d00001e022eea6e2f09819773091ec649,ok,
822,Pro: Lov: Ad,Sweet Trip,,https://open.spotify.com/track/7rR1msZYCT2MlrssnJMYgw,7rR1msZYCT2MlrssnJMYgw,2003-06-10T00:00:00Z,346306,False,spotify:track:7rR1msZYCT2MlrssnJMYgw,https://image-cdn-ak.spotifycdn.com/image/ab67616d00001e022aa34d5906e01231eff70f82,ok,
823,Chocolate Matter,Sweet Trip,,https://open.spotify.com/track/6AMEHNhqK1qwCEJX9UBjEQ,6AMEHNhqK1qwCEJX9UBjEQ,2003-06-10T00:00:00Z,243706,False,spotify:track:6AMEHNhqK1qwCEJX9UBjEQ,https://image-cdn-ak.spotifycdn.com/image/ab67616d00001e022aa34d5906e01231eff70f82,ok,
824,Tekka,Sweet Trip,,https://open.spotify.com/track/4JDdbnKobkyn7j2o76D1mV,4JDdbnKobkyn7j2o76D1mV,2003-06-10T00:00:00Z,188893,False,spotify:track:4JDdbnKobkyn7j2o76D1mV,https://image-cdn-ak.spotifycdn.com/image/ab67616d00001e022aa34d5906e01231eff70f82,ok,
825,Design: 2: 3,Sweet Trip,,https://open.spotify.com/track/16XZEsFRnQrfEBQ0pMtAWJ,16XZEsFRnQrfEBQ0pMtAWJ,2003-06-10T00:00:00Z,377626,False,spotify:track:16XZEsFRnQrfEBQ0pMtAWJ,https://image-cdn-fa.spotifycdn.com/image/ab67616d00001e022aa34d5906e01231eff70f82,ok,
826,Velocity,Sweet Trip,,https://open.spotify.com/track/6yQrIsWAZM5WeX4TKeLOgj,6yQrIsWAZM5WeX4TKeLOgj,2003-06-10T00:00:00Z,514933,False,spotify:track:6yQrIsWAZM5WeX4TKeLOgj,https://image-cdn-fa.spotifycdn.com/image/ab67616d00001e022aa34d5906e01231eff70f82,ok,
827,Fruitcake and Cookies,Sweet Trip,,https://open.spotify.com/track/50bVt9oMOYwnFe2uf4OSpf,50bVt9oMOYwnFe2uf4OSpf,2003-06-10T00:00:00Z,478640,False,spotify:track:50bVt9oMOYwnFe2uf4OSpf,https://image-cdn-fa.spotifycdn.com/image/ab67616d00001e022aa34d5906e01231eff70f82,ok,
828,Sept,Sweet Trip,,https://open.spotify.com/track/1VjuOYGK7gKGiXhfoMwlfa,1VjuOYGK7gKGiXhfoMwlfa,2003-06-10T00:00:00Z,506293,False,spotify:track:1VjuOYGK7gKGiXhfoMwlfa,https://image-cdn-ak.spotifycdn.com/image/ab67616d00001e022aa34d5906e01231eff70f82,ok,
829,Design: I,Sweet Trip,,https://open.spotify.com/track/6diMNWPMwuWxadu4IuYrwF,6diMNWPMwuWxadu4IuYrwF,2003-06-10T00:00:00Z,212266,False,spotify:track:6diMNWPMwuWxadu4IuYrwF,https://image-cdn-ak.spotifycdn.com/image/ab67616d00001e022aa34d5906e01231eff70f82,ok,
830,International,Sweet Trip,,https://open.spotify.com/track/6mZ1dgFe646kPUeYbx2gwP,6mZ1dgFe646kPUeYbx2gwP,2003-06-10T00:00:00Z,622893,False,spotify:track:6mZ1dgFe646kPUeYbx2gwP,https://image-cdn-fa.spotifycdn.com/image/ab67616d00001e022aa34d5906e01231eff70f82,ok,
831,"To All the Dancers of the World, A Round Form of Fantasy",Sweet Trip,,https://open.spotify.com/track/3s5BdtzuDfxdj5BYdqOUkn,3s5BdtzuDfxdj5BYdqOUkn,2003-06-10T00:00:00Z,378600,False,spotify:track:3s5BdtzuDfxdj5BYdqOUkn,https://image-cdn-ak.spotifycdn.com/image/ab67616d00001e022aa34d5906e01231eff70f82,ok,
832,Dedicated,Sweet Trip,,https://open.spotify.com/track/4J2TEVuneXeiBypWxasQM8,4J2TEVuneXeiBypWxasQM8,2003-06-10T00:00:00Z,350733,False,spotify:track:4J2TEVuneXeiBypWxasQM8,https://image-cdn-ak.spotifycdn.com/image/ab67616d00001e022aa34d5906e01231eff70f82,ok,
833,Breathe Deeper,Tame Impala,,https://open.spotify.com/track/3LbZIhU0smEU5SUnxod4j4,3LbZIhU0smEU5SUnxod4j4,2020-02-14T00:00:00Z,372866,False,spotify:track:3LbZIhU0smEU5SUnxod4j4,https://image-cdn-ak.spotifycdn.com/image/ab67616d00001e0258267bd34420a00d5cf83a49,ok,
834,How Can You Be Sure?,Radiohead,,https://open.spotify.com/track/5XWQbn983vCOtgVdnt5pqG,5XWQbn983vCOtgVdnt5pqG,1995-05-15T00:00:00Z,261946,False,spotify:track:5XWQbn983vCOtgVdnt5pqG,https://image-cdn-fa.spotifycdn.com/image/ab67616d00001e02af4774256c2c61bc7dfe788d,ok,
835,Lotus Flower,Radiohead,,https://open.spotify.com/track/2QeutlLcJf2V1cMUUsDFT1,2QeutlLcJf2V1cMUUsDFT1,2011-02-18T00:00:00Z,300219,False,spotify:track:2QeutlLcJf2V1cMUUsDFT1,https://image-cdn-ak.spotifycdn.com/image/ab67616d00001e02a9be6a9b8b5831a4c431ab9f,ok,
836,Go Slowly,Radiohead,,https://open.spotify.com/track/6yiSyupeI7KYdBZKJdnIUO,6yiSyupeI7KYdBZKJdnIUO,2007-01-01T00:00:00Z,228236,False,spotify:track:6yiSyupeI7KYdBZKJdnIUO,https://image-cdn-fa.spotifycdn.com/image/ab67616d00001e024b88d5c1b3358cca2c94ec0b,ok,
837,Talk Show Host,Radiohead,,https://open.spotify.com/track/3cMuGOGSaTWbwOurTS4b3Y,3cMuGOGSaTWbwOurTS4b3Y,1996-01-22T00:00:00Z,281000,True,spotify:track:3cMuGOGSaTWbwOurTS4b3Y,https://image-cdn-ak.spotifycdn.com/image/ab67616d00001e024bb2cf6071587079e3d74947,ok,
838,India Rubber,Radiohead,,https://open.spotify.com/track/2zco38BnUzODIa6duYk8On,2zco38BnUzODIa6duYk8On,1995-05-15T00:00:00Z,206320,False,spotify:track:2zco38BnUzODIa6duYk8On,https://image-cdn-ak.spotifycdn.com/image/ab67616d00001e02af4774256c2c61bc7dfe788d,ok,
839,Airbag,Radiohead,,https://open.spotify.com/track/7c378mlmubSu7NGkLFa4sN,7c378mlmubSu7NGkLFa4sN,1997-05-28T00:00:00Z,287880,False,spotify:track:7c378mlmubSu7NGkLFa4sN,https://image-cdn-ak.spotifycdn.com/image/ab67616d00001e02c8b444df094279e70d0ed856,ok,
840,Be Above It,Tame Impala,,https://open.spotify.com/track/2Gl1Qdx5Px5kVYe0PQoGI0,2Gl1Qdx5Px5kVYe0PQoGI0,2012-01-01T00:00:00Z,201960,False,spotify:track:2Gl1Qdx5Px5kVYe0PQoGI0,https://image-cdn-ak.spotifycdn.com/image/ab67616d00001e02370c12f82872c9cfaee80193,ok,
841,Endors Toi,Tame Impala,,https://open.spotify.com/track/0YuePEX4KyfLIPMdNLPwgQ,0YuePEX4KyfLIPMdNLPwgQ,2012-01-01T00:00:00Z,186640,False,spotify:track:0YuePEX4KyfLIPMdNLPwgQ,https://image-cdn-ak.spotifycdn.com/image/ab67616d00001e02370c12f82872c9cfaee80193,ok,
842,Apocalypse Dreams,Tame Impala,,https://open.spotify.com/track/7qU7vhCPKhkDiJYGoboISc,7qU7vhCPKhkDiJYGoboISc,2012-01-01T00:00:00Z,356946,False,spotify:track:7qU7vhCPKhkDiJYGoboISc,https://image-cdn-fa.spotifycdn.com/image/ab67616d00001e02370c12f82872c9cfaee80193,ok,
843,Mind Mischief,Tame Impala,,https://open.spotify.com/track/6ewQE1dNPv9qqlnB1CxrvM,6ewQE1dNPv9qqlnB1CxrvM,2012-01-01T00:00:00Z,271880,False,spotify:track:6ewQE1dNPv9qqlnB1CxrvM,https://image-cdn-fa.spotifycdn.com/image/ab67616d00001e02370c12f82872c9cfaee80193,ok,
844,Music To Walk Home By,Tame Impala,,https://open.spotify.com/track/0pJTrMWCiR0TuJ5FApIqrz,0pJTrMWCiR0TuJ5FApIqrz,2012-01-01T00:00:00Z,312213,False,spotify:track:0pJTrMWCiR0TuJ5FApIqrz,https://image-cdn-fa.spotifycdn.com/image/ab67616d00001e02370c12f82872c9cfaee80193,ok,
845,Why Won't They Talk To Me?,Tame Impala,,https://open.spotify.com/track/6IM45SqAURH6PrvziDs1RQ,6IM45SqAURH6PrvziDs1RQ,2012-01-01T00:00:00Z,286093,False,spotify:track:6IM45SqAURH6PrvziDs1RQ,https://image-cdn-ak.spotifycdn.com/image/ab67616d00001e02370c12f82872c9cfaee80193,ok,
846,Feels Like We Only Go Backwards,Tame Impala,,https://open.spotify.com/track/0LtOwyZoSNZKJWHqjzADpW,0LtOwyZoSNZKJWHqjzADpW,2012-01-01T00:00:00Z,192960,False,spotify:track:0LtOwyZoSNZKJWHqjzADpW,https://image-cdn-fa.spotifycdn.com/image/ab67616d00001e02370c12f82872c9cfaee80193,ok,
847,Keep On Lying,Tame Impala,,https://open.spotify.com/track/2UYHP0RQqPFvue0Ygs5Amm,2UYHP0RQqPFvue0Ygs5Amm,2012-01-01T00:00:00Z,353933,False,spotify:track:2UYHP0RQqPFvue0Ygs5Amm,https://image-cdn-fa.spotifycdn.com/image/ab67616d00001e02370c12f82872c9cfaee80193,ok,
848,Elephant,Tame Impala,,https://open.spotify.com/track/6qZjm61s6u8Ead9sWxCDro,6qZjm61s6u8Ead9sWxCDro,2012-01-01T00:00:00Z,211226,False,spotify:track:6qZjm61s6u8Ead9sWxCDro,https://image-cdn-ak.spotifycdn.com/image/ab67616d00001e02370c12f82872c9cfaee80193,ok,
849,Nothing That Has Happened So Far Has Been Anything We Could Control,Tame Impala,,https://open.spotify.com/track/33JMMgxQKL3zJsZeMNC3gR,33JMMgxQKL3zJsZeMNC3gR,2012-01-01T00:00:00Z,359946,False,spotify:track:33JMMgxQKL3zJsZeMNC3gR,https://image-cdn-fa.spotifycdn.com/image/ab67616d00001e02370c12f82872c9cfaee80193,ok,
850,Sun's Coming Up,Tame Impala,,https://open.spotify.com/track/7Jk2pg4g0c5rz5AfkEGMRp,7Jk2pg4g0c5rz5AfkEGMRp,2012-01-01T00:00:00Z,320293,False,spotify:track:7Jk2pg4g0c5rz5AfkEGMRp,https://image-cdn-fa.spotifycdn.com/image/ab67616d00001e02370c12f82872c9cfaee80193,ok,
851,Fingerbib,Aphex Twin,,https://open.spotify.com/track/2hcywxHZcxmX27lX5qm8MT,2hcywxHZcxmX27lX5qm8MT,1996-11-04T00:00:00Z,228866,False,spotify:track:2hcywxHZcxmX27lX5qm8MT,https://image-cdn-ak.spotifycdn.com/image/ab67616d00001e021298f1ce7b0e4fb6a3caba57,ok,
852,Passin' Me By,The Pharcyde,,https://open.spotify.com/track/4G3dZN9o3o2X4VKwt4CLts,4G3dZN9o3o2X4VKwt4CLts,1992-11-24T00:00:00Z,303493,False,spotify:track:4G3dZN9o3o2X4VKwt4CLts,https://image-cdn-fa.spotifycdn.com/image/ab67616d00001e029ec4abd35652fafe34ee7dfb,ok,
853,Posthumous Forgiveness,Tame Impala,,https://open.spotify.com/track/1KcOU0q9AMXV9xi4tSzzCc,1KcOU0q9AMXV9xi4tSzzCc,2020-02-14T00:00:00Z,366066,False,spotify:track:1KcOU0q9AMXV9xi4tSzzCc,https://image-cdn-fa.spotifycdn.com/image/ab67616d00001e0258267bd34420a00d5cf83a49,ok,
854,Always Forever,Cults,,https://open.spotify.com/track/2enPRFda84VE2wtI8c86Uf,2enPRFda84VE2wtI8c86Uf,2013-10-15T00:00:00Z,223750,False,spotify:track:2enPRFda84VE2wtI8c86Uf,https://image-cdn-fa.spotifycdn.com/image/ab67616d00001e02b03096e45464122b278aef93,ok,
855,Dream Girl,Crisaunt,,https://open.spotify.com/track/3Z6cltU0OfbUdSZtZlzKPL,3Z6cltU0OfbUdSZtZlzKPL,2019-02-14T00:00:00Z,179286,False,spotify:track:3Z6cltU0OfbUdSZtZlzKPL,https://image-cdn-fa.spotifycdn.com/image/ab67616d00001e02ae50d9c4aa7a4dbb407a6548,ok,
856,Is It True,Tame Impala,,https://open.spotify.com/track/6RZmhpvukfyeSURhf4kZ0d,6RZmhpvukfyeSURhf4kZ0d,2020-02-14T00:00:00Z,239266,False,spotify:track:6RZmhpvukfyeSURhf4kZ0d,https://image-cdn-fa.spotifycdn.com/image/ab67616d00001e0258267bd34420a00d5cf83a49,ok,
857,STAY HERE 4 LIFE (feat. Brent Faiyaz),"A$AP Rocky, Brent Faiyaz",,https://open.spotify.com/track/38e4Y5iUy6zRTm3SbSFgPC,38e4Y5iUy6zRTm3SbSFgPC,2026-01-21T00:00:00Z,346093,True,spotify:track:38e4Y5iUy6zRTm3SbSFgPC,https://image-cdn-fa.spotifycdn.com/image/ab67616d00001e0227b7133c976e8ae6c3add683,ok,
858,Breathe (In the Air),Pink Floyd,,https://open.spotify.com/track/2ctvdKmETyOzPb2GiJJT53,2ctvdKmETyOzPb2GiJJT53,1973-03-01T00:00:00Z,169560,False,spotify:track:2ctvdKmETyOzPb2GiJJT53,https://image-cdn-fa.spotifycdn.com/image/ab67616d00001e02db216ca805faf5fe35df4ee6,ok,
859,Look Your Back!,Himiko Kikuchi,,https://open.spotify.com/track/27IwuF0An9TAHWQFK65AJN,27IwuF0An9TAHWQFK65AJN,1987-10-21T00:00:00Z,298466,False,spotify:track:27IwuF0An9TAHWQFK65AJN,https://image-cdn-fa.spotifycdn.com/image/ab67616d00001e0282448b157380d980b97c820f,ok,
860,A Seagull & Clouds,Himiko Kikuchi,,https://open.spotify.com/track/499ED0dvqypAvFR2agwuoz,499ED0dvqypAvFR2agwuoz,1987-10-21T00:00:00Z,295333,False,spotify:track:499ED0dvqypAvFR2agwuoz,https://image-cdn-fa.spotifycdn.com/image/ab67616d00001e0282448b157380d980b97c820f,ok,
861,READY TO FLY,Masayoshi Takanaka,,https://open.spotify.com/track/6974s3EIddg6dK8U7ycAMR,6974s3EIddg6dK8U7ycAMR,1977-01-01T00:00:00Z,417013,False,spotify:track:6974s3EIddg6dK8U7ycAMR,https://image-cdn-fa.spotifycdn.com/image/ab67616d00001e02ae12b15f6e150833b0772848,ok,
862,THE MOON ROSE,Masayoshi Takanaka,,https://open.spotify.com/track/3jAuBhzQd6rSiWpDSbHPfV,3jAuBhzQd6rSiWpDSbHPfV,1981-01-01T00:00:00Z,339000,False,spotify:track:3jAuBhzQd6rSiWpDSbHPfV,https://image-cdn-ak.spotifycdn.com/image/ab67616d00001e02114fa39ba0c4d644b6b4caed,ok,
863,SUNDROPS,Masayoshi Takanaka,,https://open.spotify.com/track/62LMgHQvo7JmH1TYbnqJyj,62LMgHQvo7JmH1TYbnqJyj,1977-01-01T00:00:00Z,310000,False,spotify:track:62LMgHQvo7JmH1TYbnqJyj,https://image-cdn-fa.spotifycdn.com/image/ab67616d00001e02e45429960f838f817227516a,ok,
864,How to Disappear into Strings,Radiohead,,https://open.spotify.com/track/2ek0NaoFFgdpKjs7beIuTE,2ek0NaoFFgdpKjs7beIuTE,2021-11-05T00:00:00Z,332693,False,spotify:track:2ek0NaoFFgdpKjs7beIuTE,https://image-cdn-fa.spotifycdn.com/image/ab67616d00001e02bbaaa8bf9aedb07135d2c6d3,ok,
865,How Much Is Weed?,Dominic Fike,,https://open.spotify.com/track/44KWbTVZev3SWdv1t5UoYE,44KWbTVZev3SWdv1t5UoYE,2023-07-07T00:00:00Z,125055,True,spotify:track:44KWbTVZev3SWdv1t5UoYE,https://image-cdn-fa.spotifycdn.com/image/ab67616d00001e025b26c1b56d89c1416d21db60,ok,
866,Heaven's Night,Akira Yamaoka,,https://open.spotify.com/track/4pkC6nces4HXah4oSXpMiU,4pkC6nces4HXah4oSXpMiU,2001-10-02T00:00:00Z,124691,False,spotify:track:4pkC6nces4HXah4oSXpMiU,https://image-cdn-fa.spotifycdn.com/image/ab67616d00001e0230f7a8628bd1b67c0ee5c817,ok,
867,Too Young to Die - Extended,Jamiroquai,,https://open.spotify.com/track/1JvQ743Jhg7ixuqj9uxqPq,1JvQ743Jhg7ixuqj9uxqPq,1993-06-14T00:00:00Z,610400,False,spotify:track:1JvQ743Jhg7ixuqj9uxqPq,https://image-cdn-fa.spotifycdn.com/image/ab67616d00001e02b6f13e40fbd883767da606bc,ok,
868,Polygon Window,Polygon Window,,https://open.spotify.com/track/3EMQqYO1wiTmyehmiMWt1Y,3EMQqYO1wiTmyehmiMWt1Y,1993-01-11T00:00:00Z,327960,False,spotify:track:3EMQqYO1wiTmyehmiMWt1Y,https://image-cdn-fa.spotifycdn.com/image/ab67616d00001e02113a0c90a67d299a68192ddf,ok,
869,The Man Who Sold The World - Live,Nirvana,,https://open.spotify.com/track/15VRO9CQwMpbqUYA7e6Hwg,15VRO9CQwMpbqUYA7e6Hwg,1994-11-01T00:00:00Z,261093,False,spotify:track:15VRO9CQwMpbqUYA7e6Hwg,https://image-cdn-fa.spotifycdn.com/image/ab67616d00001e0236c5417732e53e23cb219246,ok,
870,INVISIBLE,Duran Duran,,https://open.spotify.com/track/51EpFns3CG9taCMQz6XDom,51EpFns3CG9taCMQz6XDom,2021-10-22T00:00:00Z,191459,False,spotify:track:51EpFns3CG9taCMQz6XDom,https://image-cdn-ak.spotifycdn.com/image/ab67616d00001e026a5be5601ccc727d0dbb9c1f,ok,
871,Mis,Alex G,,https://open.spotify.com/track/0lGTVZfU82bYT2uJw22Kz4,0lGTVZfU82bYT2uJw22Kz4,2012-01-15T00:00:00Z,200680,False,spotify:track:0lGTVZfU82bYT2uJw22Kz4,https://image-cdn-fa.spotifycdn.com/image/ab67616d00001e02b31bbd736515703f87ca21db,ok,
872,Bangers + Mash,Radiohead,,https://open.spotify.com/track/0Hnik88ryug02UaEOTiXrE,0Hnik88ryug02UaEOTiXrE,2007-01-01T00:00:00Z,199502,False,spotify:track:0Hnik88ryug02UaEOTiXrE,https://image-cdn-fa.spotifycdn.com/image/ab67616d00001e024b88d5c1b3358cca2c94ec0b,ok,
873,drive ME crazy!,"Lil Yachty, Diana Gordon",,https://open.spotify.com/track/6luBKkFUt5wTwz7hpLhp12,6luBKkFUt5wTwz7hpLhp12,2023-01-27T00:00:00Z,229804,True,spotify:track:6luBKkFUt5wTwz7hpLhp12,https://image-cdn-ak.spotifycdn.com/image/ab67616d00001e026f578b21bce56056473da7e6,ok,
874,Inside Out,Duster,,https://open.spotify.com/track/6WlmEymaXKMRs3D2c4j6os,6WlmEymaXKMRs3D2c4j6os,1998-02-24T00:00:00Z,141040,False,spotify:track:6WlmEymaXKMRs3D2c4j6os,https://image-cdn-ak.spotifycdn.com/image/ab67616d00001e022241587c8ce3d9051f4d4f74,ok,
875,Stars Will Fall,Duster,,https://open.spotify.com/track/0PgT8DiJmpqTnf9SnFnHM0,0PgT8DiJmpqTnf9SnFnHM0,2019-03-22T00:00:00Z,118160,False,spotify:track:0PgT8DiJmpqTnf9SnFnHM0,https://image-cdn-fa.spotifycdn.com/image/ab67616d00001e02f638da8e77e449875219d378,ok,
876,Me and the Birds,Duster,,https://open.spotify.com/track/4wEuNvb7oG8oZYrZPZ9rPr,4wEuNvb7oG8oZYrZPZ9rPr,2000-08-22T00:00:00Z,95226,False,spotify:track:4wEuNvb7oG8oZYrZPZ9rPr,https://image-cdn-fa.spotifycdn.com/image/ab67616d00001e02f2905338b1e6e07e167ee305,ok,
877,Down Is The New Up,Radiohead,,https://open.spotify.com/track/4Nckr2LBLkgNOdMadwNAxc,4Nckr2LBLkgNOdMadwNAxc,2007-01-01T00:00:00Z,299283,False,spotify:track:4Nckr2LBLkgNOdMadwNAxc,https://image-cdn-fa.spotifycdn.com/image/ab67616d00001e024b88d5c1b3358cca2c94ec0b,ok,
878,DUCKWORTH.,Kendrick Lamar,,https://open.spotify.com/track/0y9uTzK9cNKSAEHnpeRG8C,0y9uTzK9cNKSAEHnpeRG8C,2017-04-14T00:00:00Z,248613,True,spotify:track:0y9uTzK9cNKSAEHnpeRG8C,https://image-cdn-ak.spotifycdn.com/image/ab67616d00001e028b52c6b9bc4e43d873869699,ok,
879,Ugly Butterfly,Bloodbath64,,https://open.spotify.com/track/4EYGx9dPdBKpUm9Gda2tSM,4EYGx9dPdBKpUm9Gda2tSM,2020-08-05T00:00:00Z,211000,False,spotify:track:4EYGx9dPdBKpUm9Gda2tSM,https://image-cdn-fa.spotifycdn.com/image/ab67616d00001e025cf70accc514c0648c6ef368,ok,
880,Here Comes The Sun - Remastered 2009,The Beatles,,https://open.spotify.com/track/6dGnYIeXmHdcikdzNNDMm2,6dGnYIeXmHdcikdzNNDMm2,1969-09-26T00:00:00Z,185733,False,spotify:track:6dGnYIeXmHdcikdzNNDMm2,https://image-cdn-fa.spotifycdn.com/image/ab67616d00001e02dc30583ba717007b00cceb25,ok,
881,You,Radiohead,,https://open.spotify.com/track/5KZ0qobWEFl892YjIC02SE,5KZ0qobWEFl892YjIC02SE,1993-02-22T00:00:00Z,208666,False,spotify:track:5KZ0qobWEFl892YjIC02SE,https://image-cdn-fa.spotifycdn.com/image/ab67616d00001e02ec548c00d3ac2f10be73366d,ok,
882,Neon Kitchen,Devon Hendryx,,https://open.spotify.com/track/1XleasuIaliwmvxQ2EUhtq,1XleasuIaliwmvxQ2EUhtq,2010-07-09T00:00:00Z,256192,True,spotify:track:1XleasuIaliwmvxQ2EUhtq,https://image-cdn-fa.spotifycdn.com/image/ab67616d00001e02c8bba39eaa8ce58e633b64dd,ok,
883,When I,Steve Lacy,,https://open.spotify.com/track/4QUsmmXmINYXwh7UsiMX2j,4QUsmmXmINYXwh7UsiMX2j,2020-12-04T00:00:00Z,60952,False,spotify:track:4QUsmmXmINYXwh7UsiMX2j,https://image-cdn-fa.spotifycdn.com/image/ab67616d00001e02c3545bbe806b845c2b52bc20,ok,
884,Disorder - 2007 Remaster,Joy Division,,https://open.spotify.com/track/5fbQCQt91LsVgXusFS0CCD,5fbQCQt91LsVgXusFS0CCD,1979-06-01T00:00:00Z,209039,False,spotify:track:5fbQCQt91LsVgXusFS0CCD,https://image-cdn-ak.spotifycdn.com/image/ab67616d00001e0216eb1e685e6bd37ab3228de6,ok,
885,Day 'N' Nite (Nightmare),Kid Cudi,,https://open.spotify.com/track/60PAzFNW3vAiAiVK6DRJfB,60PAzFNW3vAiAiVK6DRJfB,2009-01-01T00:00:00Z,221240,False,spotify:track:60PAzFNW3vAiAiVK6DRJfB,https://image-cdn-fa.spotifycdn.com/image/ab67616d00001e02a487deeecb334b6619489d74,ok,
886,Go Away,"Weezer, Best Coast",,https://open.spotify.com/track/1O9D7P7Z1wMJXW19zTXrXi,1O9D7P7Z1wMJXW19zTXrXi,2014-10-01T00:00:00Z,193733,False,spotify:track:1O9D7P7Z1wMJXW19zTXrXi,https://image-cdn-fa.spotifycdn.com/image/ab67616d00001e02e7d13eb0e3c1032e4f8dfc93,ok,
887,Ghost,Machine Girl,,https://open.spotify.com/track/4JG8MhCVmEM458N4Xl7VMT,4JG8MhCVmEM458N4Xl7VMT,2014-02-17T00:00:00Z,185454,False,spotify:track:4JG8MhCVmEM458N4Xl7VMT,https://image-cdn-fa.spotifycdn.com/image/ab67616d00001e02e8cde942632132e83620559f,ok,
888,Vegetable,Radiohead,,https://open.spotify.com/track/6HbWoyinLdXPZmk6xONuKw,6HbWoyinLdXPZmk6xONuKw,1993-02-22T00:00:00Z,192666,False,spotify:track:6HbWoyinLdXPZmk6xONuKw,https://image-cdn-fa.spotifycdn.com/image/ab67616d00001e02ec548c00d3ac2f10be73366d,ok,
889,November Has Come,"Gorillaz, MF DOOM",,https://open.spotify.com/track/6lrDckuosGpwEHtm1hHBcf,6lrDckuosGpwEHtm1hHBcf,2005-05-23T00:00:00Z,165093,False,spotify:track:6lrDckuosGpwEHtm1hHBcf,https://image-cdn-fa.spotifycdn.com/image/ab67616d00001e0209dfa2eb1e1c2a188c1441b6,ok,
890,Hug Me,"Pharrell Williams, Trey Parker",,https://open.spotify.com/track/6eVM9lCmIqwGTUOoeH61Lu,6eVM9lCmIqwGTUOoeH61Lu,2017-06-23T00:00:00Z,140733,False,spotify:track:6eVM9lCmIqwGTUOoeH61Lu,https://image-cdn-fa.spotifycdn.com/image/ab67616d00001e02d11f55a5f3ad705a7e3cc333,ok,
891,Man of War,Radiohead,,https://open.spotify.com/track/5HtNvKihacAXt34DDYYxBC,5HtNvKihacAXt34DDYYxBC,2017-06-23T00:00:00Z,269093,False,spotify:track:5HtNvKihacAXt34DDYYxBC,https://image-cdn-fa.spotifycdn.com/image/ab67616d00001e02ee58b8ce747da91d69a862cc,ok,
892,I Talk To The Wind,King Crimson,,https://open.spotify.com/track/1T0CdfKPKb1gJi4vCKpZ9C,1T0CdfKPKb1gJi4vCKpZ9C,1969-10-10T00:00:00Z,365659,False,spotify:track:1T0CdfKPKb1gJi4vCKpZ9C,https://image-cdn-ak.spotifycdn.com/image/ab67616d00001e02da7b326bd7ffa7b6b95b0660,ok,
893,Avril 14th,Aphex Twin,,https://open.spotify.com/track/1uaGSDFsLdReQgg8p7Obwh,1uaGSDFsLdReQgg8p7Obwh,2001-10-22T00:00:00Z,125520,False,spotify:track:1uaGSDFsLdReQgg8p7Obwh,https://image-cdn-fa.spotifycdn.com/image/ab67616d00001e022e261a0b1b19d0ff95e346b3,ok,
894,THAT'S THAT,MF DOOM,,https://open.spotify.com/track/2zs5IwJqwQkKNnNQtkfSkf,2zs5IwJqwQkKNnNQtkfSkf,2009-03-23T00:00:00Z,135066,True,spotify:track:2zs5IwJqwQkKNnNQtkfSkf,https://image-cdn-fa.spotifycdn.com/image/ab67616d00001e02a17f268605b315da033c7c0f,ok,
895,4,Aphex Twin,,https://open.spotify.com/track/7yhDdQt66YaCfjlKjYjZKd,7yhDdQt66YaCfjlKjYjZKd,1996-11-04T00:00:00Z,217133,False,spotify:track:7yhDdQt66YaCfjlKjYjZKd,https://image-cdn-ak.spotifycdn.com/image/ab67616d00001e021298f1ce7b0e4fb6a3caba57,ok,
896,Barry Bonds,"Kanye West, Lil Wayne",,https://open.spotify.com/track/7387VaiHpOsSIZ5nmjseya,7387VaiHpOsSIZ5nmjseya,2007-09-11T00:00:00Z,204306,True,spotify:track:7387VaiHpOsSIZ5nmjseya,https://image-cdn-fa.spotifycdn.com/image/ab67616d00001e0226f7f19c7f0381e56156c94a,ok,
897,Eclipse,Pink Floyd,,https://open.spotify.com/track/1tDWVeCR9oWGX8d5J9rswk,1tDWVeCR9oWGX8d5J9rswk,1973-03-01T00:00:00Z,126720,False,spotify:track:1tDWVeCR9oWGX8d5J9rswk,https://image-cdn-ak.spotifycdn.com/image/ab67616d00001e02db216ca805faf5fe35df4ee6,ok,
898,Speak to Me,Pink Floyd,,https://open.spotify.com/track/574y1r7o2tRA009FW0LE7v,574y1r7o2tRA009FW0LE7v,1973-03-01T00:00:00Z,64333,True,spotify:track:574y1r7o2tRA009FW0LE7v,https://image-cdn-fa.spotifycdn.com/image/ab67616d00001e02db216ca805faf5fe35df4ee6,ok,
899,On the Run,Pink Floyd,,https://open.spotify.com/track/73OIUNKRi2y24Cu9cOLrzM,73OIUNKRi2y24Cu9cOLrzM,1973-03-01T00:00:00Z,216106,False,spotify:track:73OIUNKRi2y24Cu9cOLrzM,https://image-cdn-ak.spotifycdn.com/image/ab67616d00001e02db216ca805faf5fe35df4ee6,ok,
900,Time,Pink Floyd,,https://open.spotify.com/track/3TO7bbrUKrOSPGRTB5MeCz,3TO7bbrUKrOSPGRTB5MeCz,1973-03-01T00:00:00Z,422853,False,spotify:track:3TO7bbrUKrOSPGRTB5MeCz,https://image-cdn-fa.spotifycdn.com/image/ab67616d00001e02db216ca805faf5fe35df4ee6,ok,
901,The Great Gig in the Sky,Pink Floyd,,https://open.spotify.com/track/2TjdnqlpwOjhijHCwHCP2d,2TjdnqlpwOjhijHCwHCP2d,1973-03-01T00:00:00Z,284413,False,spotify:track:2TjdnqlpwOjhijHCwHCP2d,https://image-cdn-fa.spotifycdn.com/image/ab67616d00001e02db216ca805faf5fe35df4ee6,ok,
902,Money,Pink Floyd,,https://open.spotify.com/track/0vFOzaXqZHahrZp6enQwQb,0vFOzaXqZHahrZp6enQwQb,1973-03-01T00:00:00Z,380080,True,spotify:track:0vFOzaXqZHahrZp6enQwQb,https://image-cdn-ak.spotifycdn.com/image/ab67616d00001e02db216ca805faf5fe35df4ee6,ok,
903,Us and Them,Pink Floyd,,https://open.spotify.com/track/1TKTiKp3zbNgrBH2IwSwIx,1TKTiKp3zbNgrBH2IwSwIx,1973-03-01T00:00:00Z,472626,False,spotify:track:1TKTiKp3zbNgrBH2IwSwIx,https://image-cdn-fa.spotifycdn.com/image/ab67616d00001e02db216ca805faf5fe35df4ee6,ok,
904,Any Colour You Like,Pink Floyd,,https://open.spotify.com/track/6FBPOJLxUZEair6x4kLDhf,6FBPOJLxUZEair6x4kLDhf,1973-03-01T00:00:00Z,205773,False,spotify:track:6FBPOJLxUZEair6x4kLDhf,https://image-cdn-fa.spotifycdn.com/image/ab67616d00001e02db216ca805faf5fe35df4ee6,ok,
905,Brain Damage,Pink Floyd,,https://open.spotify.com/track/05uGBKRCuePsf43Hfm0JwX,05uGBKRCuePsf43Hfm0JwX,1973-03-01T00:00:00Z,230493,False,spotify:track:05uGBKRCuePsf43Hfm0JwX,https://image-cdn-ak.spotifycdn.com/image/ab67616d00001e02db216ca805faf5fe35df4ee6,ok,
906,Gone,"Kanye West, Consequence, Cam'ron",,https://open.spotify.com/track/5RjbFGeWVsCpw8EcE8OrvZ,5RjbFGeWVsCpw8EcE8OrvZ,2005-08-30T00:00:00Z,333293,True,spotify:track:5RjbFGeWVsCpw8EcE8OrvZ,https://image-cdn-fa.spotifycdn.com/image/ab67616d00001e02d79ba8ad2be777bad0e9924b,ok,
907,Fancy Clown (Instrumental),Madvillain,,https://open.spotify.com/track/3Q52WN2Qv2NSuYyos8mo6l,3Q52WN2Qv2NSuYyos8mo6l,2004-12-01T00:00:00Z,104520,False,spotify:track:3Q52WN2Qv2NSuYyos8mo6l,https://image-cdn-fa.spotifycdn.com/image/ab67616d00001e02dd44998dd389259620f384c8,ok,
908,America's Most Blunted (feat. Quasimoto),"Madvillain, Madlib, MF DOOM, Quasimoto",,https://open.spotify.com/track/1QmVaiJKcXUMMBfd1fonI0,1QmVaiJKcXUMMBfd1fonI0,2004-03-24T00:00:00Z,234040,True,spotify:track:1QmVaiJKcXUMMBfd1fonI0,https://image-cdn-fa.spotifycdn.com/image/ab67616d00001e023e3bb917af94bd82074c5d47,ok,
909,Girl/Boy Song,Aphex Twin,,https://open.spotify.com/track/2w6AYp7c3d4D3hbOISz0i0,2w6AYp7c3d4D3hbOISz0i0,1996-11-04T00:00:00Z,292826,False,spotify:track:2w6AYp7c3d4D3hbOISz0i0,https://image-cdn-ak.spotifycdn.com/image/ab67616d00001e021298f1ce7b0e4fb6a3caba57,ok,
910,Cornish Acid,Aphex Twin,,https://open.spotify.com/track/4aRLOuRBuy3FhHkHJfCqDR,4aRLOuRBuy3FhHkHJfCqDR,1996-11-04T00:00:00Z,134840,False,spotify:track:4aRLOuRBuy3FhHkHJfCqDR,https://image-cdn-fa.spotifycdn.com/image/ab67616d00001e021298f1ce7b0e4fb6a3caba57,ok,
911,Goon Gumpas,Aphex Twin,,https://open.spotify.com/track/61mG2PGpS0GDSVnjMmhzC4,61mG2PGpS0GDSVnjMmhzC4,1996-11-04T00:00:00Z,122466,False,spotify:track:61mG2PGpS0GDSVnjMmhzC4,https://image-cdn-fa.spotifycdn.com/image/ab67616d00001e021298f1ce7b0e4fb6a3caba57,ok,
912,Peek 82454201,Aphex Twin,,https://open.spotify.com/track/2su3VBaWMu6Qlg8yfLNsht,2su3VBaWMu6Qlg8yfLNsht,1996-11-04T00:00:00Z,185093,False,spotify:track:2su3VBaWMu6Qlg8yfLNsht,https://image-cdn-ak.spotifycdn.com/image/ab67616d00001e021298f1ce7b0e4fb6a3caba57,ok,
913,180db_ [130],Aphex Twin,,https://open.spotify.com/track/5oKbtirX6EbMMOgD2fMJ6E,5oKbtirX6EbMMOgD2fMJ6E,2014-09-22T00:00:00Z,191466,False,spotify:track:5oKbtirX6EbMMOgD2fMJ6E,https://image-cdn-fa.spotifycdn.com/image/ab67616d00001e026ea96ba633bead24af562890,ok,
914,Alberto Balsalm,Aphex Twin,,https://open.spotify.com/track/6gbmylJ7sB7NFfMfTQHosf,6gbmylJ7sB7NFfMfTQHosf,1995-04-24T00:00:00Z,310746,False,spotify:track:6gbmylJ7sB7NFfMfTQHosf,https://image-cdn-ak.spotifycdn.com/image/ab67616d00001e024bcecb123363f1f0f869257c,ok,
915,Vordhosbn,Aphex Twin,,https://open.spotify.com/track/3tWiIOPBJjgjA6PpozJqNO,3tWiIOPBJjgjA6PpozJqNO,2001-10-22T00:00:00Z,291386,False,spotify:track:3tWiIOPBJjgjA6PpozJqNO,https://image-cdn-ak.spotifycdn.com/image/ab67616d00001e022e261a0b1b19d0ff95e346b3,ok,
916,Windowlicker,Aphex Twin,,https://open.spotify.com/track/60Pe9j2pCBa4Zp4ztf5nhd,60Pe9j2pCBa4Zp4ztf5nhd,1999-03-22T00:00:00Z,368400,False,spotify:track:60Pe9j2pCBa4Zp4ztf5nhd,https://image-cdn-fa.spotifycdn.com/image/ab67616d00001e02478bfd5562acad46103b858a,ok,
917,syro u473t8+e [141.98][piezoluminescence mix],Aphex Twin,,https://open.spotify.com/track/1LWoUuBXLo7moQQ0Rm1Tf7,1LWoUuBXLo7moQQ0Rm1Tf7,2014-09-19T00:00:00Z,392960,False,spotify:track:1LWoUuBXLo7moQQ0Rm1Tf7,https://image-cdn-fa.spotifycdn.com/image/ab67616d00001e026ea96ba633bead24af562890,ok,
918,Jazz (We've Got),A Tribe Called Quest,,https://open.spotify.com/track/7AgMX97ljLm9BzszyyXEYZ,7AgMX97ljLm9BzszyyXEYZ,1991-09-24T00:00:00Z,250240,True,spotify:track:7AgMX97ljLm9BzszyyXEYZ,https://image-cdn-fa.spotifycdn.com/image/ab67616d00001e02f38c6b37a21334e22005b1f7,ok,
919,Molasses (feat. RZA),"Earl Sweatshirt, RZA",,https://open.spotify.com/track/7lhkOb0VNnTlshwifCEoSr,7lhkOb0VNnTlshwifCEoSr,2013-08-16T00:00:00Z,136440,True,spotify:track:7lhkOb0VNnTlshwifCEoSr,https://image-cdn-ak.spotifycdn.com/image/ab67616d00001e0246f9bf1154c7205b0e8b1667,ok,
920,Chum,Earl Sweatshirt,,https://open.spotify.com/track/6plT7nFGiXKSBP9HFSI4ef,6plT7nFGiXKSBP9HFSI4ef,2013-08-16T00:00:00Z,243773,True,spotify:track:6plT7nFGiXKSBP9HFSI4ef,https://image-cdn-fa.spotifycdn.com/image/ab67616d00001e0246f9bf1154c7205b0e8b1667,ok,
921,Gamma (need the <3),Earl Sweatshirt,,https://open.spotify.com/track/3KH2Gs1noFVM6AELjq03vc,3KH2Gs1noFVM6AELjq03vc,2025-08-22T00:00:00Z,120891,True,spotify:track:3KH2Gs1noFVM6AELjq03vc,https://image-cdn-fa.spotifycdn.com/image/ab67616d00001e02072405d17644d331dd3056bc,ok,
922,E. Coli (feat. Earl Sweatshirt),"The Alchemist, Earl Sweatshirt",,https://open.spotify.com/track/3GXSywNvYLAVUCtjMHkKDh,3GXSywNvYLAVUCtjMHkKDh,2018-11-30T00:00:00Z,132147,True,spotify:track:3GXSywNvYLAVUCtjMHkKDh,https://image-cdn-ak.spotifycdn.com/image/ab67616d00001e02795e7069de7cb188b7c821b4,ok,
923,Excursions,A Tribe Called Quest,,https://open.spotify.com/track/4tEaytMs86hIaOSsiGoLcP,4tEaytMs86hIaOSsiGoLcP,1991-09-24T00:00:00Z,234626,False,spotify:track:4tEaytMs86hIaOSsiGoLcP,https://image-cdn-ak.spotifycdn.com/image/ab67616d00001e02f38c6b37a21334e22005b1f7,ok,
924,Buggin' Out,A Tribe Called Quest,,https://open.spotify.com/track/6GAemDMWAXa8wZOBkO1gar,6GAemDMWAXa8wZOBkO1gar,1991-09-24T00:00:00Z,217466,False,spotify:track:6GAemDMWAXa8wZOBkO1gar,https://image-cdn-fa.spotifycdn.com/image/ab67616d00001e02f38c6b37a21334e22005b1f7,ok,
925,Rap Promoter,A Tribe Called Quest,,https://open.spotify.com/track/6CCIqr8xROr3jTnXf4GI3B,6CCIqr8xROr3jTnXf4GI3B,1991-09-24T00:00:00Z,133000,False,spotify:track:6CCIqr8xROr3jTnXf4GI3B,https://image-cdn-fa.spotifycdn.com/image/ab67616d00001e02f38c6b37a21334e22005b1f7,ok,
926,Butter,A Tribe Called Quest,,https://open.spotify.com/track/758mQT4zzlvBhy9PvNePwC,758mQT4zzlvBhy9PvNePwC,1991-09-24T00:00:00Z,218773,False,spotify:track:758mQT4zzlvBhy9PvNePwC,https://image-cdn-fa.spotifycdn.com/image/ab67616d00001e02f38c6b37a21334e22005b1f7,ok,
927,Verses from the Abstract (feat. Vinia Mojica & Ron Carter),"A Tribe Called Quest, Vinia Mojica, Ron Carter",,https://open.spotify.com/track/6zrsmzrMoxNkXEQLubCWtA,6zrsmzrMoxNkXEQLubCWtA,1991-09-24T00:00:00Z,238893,False,spotify:track:6zrsmzrMoxNkXEQLubCWtA,https://image-cdn-fa.spotifycdn.com/image/ab67616d00001e02f38c6b37a21334e22005b1f7,ok,
928,"Show Business (feat. Diamond D, Lord Jamar & Sadat X)","A Tribe Called Quest, Diamond D, Lord Jamar, Sadat X",,https://open.spotify.com/track/2wS1PObRyCywHdmog5eOWW,2wS1PObRyCywHdmog5eOWW,1991-09-24T00:00:00Z,233440,True,spotify:track:2wS1PObRyCywHdmog5eOWW,https://image-cdn-fa.spotifycdn.com/image/ab67616d00001e02f38c6b37a21334e22005b1f7,ok,
929,Vibes and Stuff,A Tribe Called Quest,,https://open.spotify.com/track/4MdEYuoGhG2RTG3erOiu2H,4MdEYuoGhG2RTG3erOiu2H,1991-09-24T00:00:00Z,257825,False,spotify:track:4MdEYuoGhG2RTG3erOiu2H,https://image-cdn-fa.spotifycdn.com/image/ab67616d00001e02f38c6b37a21334e22005b1f7,ok,
930,Infamous Date Rape,A Tribe Called Quest,,https://open.spotify.com/track/4hozY0uWh4hxvH2mP6EmSL,4hozY0uWh4hxvH2mP6EmSL,1991-09-24T00:00:00Z,173573,False,spotify:track:4hozY0uWh4hxvH2mP6EmSL,https://image-cdn-ak.spotifycdn.com/image/ab67616d00001e02f38c6b37a21334e22005b1f7,ok,
931,Check the Rhime,A Tribe Called Quest,,https://open.spotify.com/track/4HfxDJ0uLHTLe0fZrx0MbQ,4HfxDJ0uLHTLe0fZrx0MbQ,1991-09-24T00:00:00Z,216693,False,spotify:track:4HfxDJ0uLHTLe0fZrx0MbQ,https://image-cdn-ak.spotifycdn.com/image/ab67616d00001e02f38c6b37a21334e22005b1f7,ok,
932,Everything Is Fair,A Tribe Called Quest,,https://open.spotify.com/track/33d7n0d2Ou4wQ5AcLrLTav,33d7n0d2Ou4wQ5AcLrLTav,1991-09-24T00:00:00Z,178333,False,spotify:track:33d7n0d2Ou4wQ5AcLrLTav,https://image-cdn-fa.spotifycdn.com/image/ab67616d00001e02f38c6b37a21334e22005b1f7,ok,
933,Skypager,A Tribe Called Quest,,https://open.spotify.com/track/1ora7jNRx7tv7yjANfGu1u,1ora7jNRx7tv7yjANfGu1u,1991-09-24T00:00:00Z,132226,False,spotify:track:1ora7jNRx7tv7yjANfGu1u,https://image-cdn-ak.spotifycdn.com/image/ab67616d00001e02f38c6b37a21334e22005b1f7,ok,
934,What?,A Tribe Called Quest,,https://open.spotify.com/track/2ZCwz8omYluRWa9QyznFAy,2ZCwz8omYluRWa9QyznFAy,1991-09-24T00:00:00Z,148706,True,spotify:track:2ZCwz8omYluRWa9QyznFAy,https://image-cdn-fa.spotifycdn.com/image/ab67616d00001e02f38c6b37a21334e22005b1f7,ok,
935,Key,C418,,https://open.spotify.com/track/2TQU6iZxD9UwUkA0fGgfsX,2TQU6iZxD9UwUkA0fGgfsX,2011-03-04T00:00:00Z,65000,False,spotify:track:2TQU6iZxD9UwUkA0fGgfsX,https://image-cdn-fa.spotifycdn.com/image/ab67616d00001e02a6f6056c9ded5242ca245c56,ok,
936,Door,C418,,https://open.spotify.com/track/39DeAocnNpltMcz4aykhNM,39DeAocnNpltMcz4aykhNM,2011-03-04T00:00:00Z,111437,False,spotify:track:39DeAocnNpltMcz4aykhNM,https://image-cdn-fa.spotifycdn.com/image/ab67616d00001e02a6f6056c9ded5242ca245c56,ok,
937,Subwoofer Lullaby,C418,,https://open.spotify.com/track/2hLRXbh7TwezpksciMibG1,2hLRXbh7TwezpksciMibG1,2011-03-04T00:00:00Z,208562,False,spotify:track:2hLRXbh7TwezpksciMibG1,https://image-cdn-fa.spotifycdn.com/image/ab67616d00001e02a6f6056c9ded5242ca245c56,ok,
938,Death,C418,,https://open.spotify.com/track/7Ix7VIImOwKbmP8nmTO0gV,7Ix7VIImOwKbmP8nmTO0gV,2011-03-04T00:00:00Z,41500,False,spotify:track:7Ix7VIImOwKbmP8nmTO0gV,https://image-cdn-ak.spotifycdn.com/image/ab67616d00001e02a6f6056c9ded5242ca245c56,ok,
939,Living Mice,C418,,https://open.spotify.com/track/5NkhjCiXwRdadCqbkZqdsj,5NkhjCiXwRdadCqbkZqdsj,2011-03-04T00:00:00Z,177500,False,spotify:track:5NkhjCiXwRdadCqbkZqdsj,https://image-cdn-fa.spotifycdn.com/image/ab67616d00001e02a6f6056c9ded5242ca245c56,ok,
940,Moog City,C418,,https://open.spotify.com/track/3wmvHdag2I7BpHCtWoiV9w,3wmvHdag2I7BpHCtWoiV9w,2011-03-04T00:00:00Z,160000,False,spotify:track:3wmvHdag2I7BpHCtWoiV9w,https://image-cdn-fa.spotifycdn.com/image/ab67616d00001e02a6f6056c9ded5242ca245c56,ok,
941,Haggstrom,C418,,https://open.spotify.com/track/0Ncumev5aG7HZHsKrgFYCq,0Ncumev5aG7HZHsKrgFYCq,2011-03-04T00:00:00Z,204000,False,spotify:track:0Ncumev5aG7HZHsKrgFYCq,https://image-cdn-fa.spotifycdn.com/image/ab67616d00001e02a6f6056c9ded5242ca245c56,ok,
942,Minecraft,C418,,https://open.spotify.com/track/4iXkhdO1s4x1aleZNowIJ0,4iXkhdO1s4x1aleZNowIJ0,2011-03-04T00:00:00Z,254000,False,spotify:track:4iXkhdO1s4x1aleZNowIJ0,https://image-cdn-fa.spotifycdn.com/image/ab67616d00001e02a6f6056c9ded5242ca245c56,ok,
943,Oxygène,C418,,https://open.spotify.com/track/4VMe8UCKlLRr5jW5KQ4jlb,4VMe8UCKlLRr5jW5KQ4jlb,2011-03-04T00:00:00Z,65125,False,spotify:track:4VMe8UCKlLRr5jW5KQ4jlb,https://image-cdn-ak.spotifycdn.com/image/ab67616d00001e02a6f6056c9ded5242ca245c56,ok,
944,Équinoxe,C418,,https://open.spotify.com/track/5nRlAJVmOIWpTd0rnBeGc7,5nRlAJVmOIWpTd0rnBeGc7,2011-03-04T00:00:00Z,114875,False,spotify:track:5nRlAJVmOIWpTd0rnBeGc7,https://image-cdn-ak.spotifycdn.com/image/ab67616d00001e02a6f6056c9ded5242ca245c56,ok,
945,Mice on Venus,C418,,https://open.spotify.com/track/1gXIOLjnh36fww7bdZ1NhK,1gXIOLjnh36fww7bdZ1NhK,2011-03-04T00:00:00Z,281500,False,spotify:track:1gXIOLjnh36fww7bdZ1NhK,https://image-cdn-fa.spotifycdn.com/image/ab67616d00001e02a6f6056c9ded5242ca245c56,ok,
946,Dry Hands,C418,,https://open.spotify.com/track/5HsRk431fSzkKIvQPvyuRM,5HsRk431fSzkKIvQPvyuRM,2011-03-04T00:00:00Z,68500,False,spotify:track:5HsRk431fSzkKIvQPvyuRM,https://image-cdn-ak.spotifycdn.com/image/ab67616d00001e02a6f6056c9ded5242ca245c56,ok,
947,Wet Hands,C418,,https://open.spotify.com/track/1MLZMrjfwiT5ll5vjIwwU7,1MLZMrjfwiT5ll5vjIwwU7,2011-03-04T00:00:00Z,90000,False,spotify:track:1MLZMrjfwiT5ll5vjIwwU7,https://image-cdn-fa.spotifycdn.com/image/ab67616d00001e02a6f6056c9ded5242ca245c56,ok,
948,Clark,C418,,https://open.spotify.com/track/2aZHJXIsBCk5fEXeVrpNiM,2aZHJXIsBCk5fEXeVrpNiM,2011-03-04T00:00:00Z,191750,False,spotify:track:2aZHJXIsBCk5fEXeVrpNiM,https://image-cdn-ak.spotifycdn.com/image/ab67616d00001e02a6f6056c9ded5242ca245c56,ok,
949,Chris,C418,,https://open.spotify.com/track/6DWDh2228j0yXcDQBQtq2t,6DWDh2228j0yXcDQBQtq2t,2011-03-04T00:00:00Z,87750,False,spotify:track:6DWDh2228j0yXcDQBQtq2t,https://image-cdn-fa.spotifycdn.com/image/ab67616d00001e02a6f6056c9ded5242ca245c56,ok,
950,Thirteen,C418,,https://open.spotify.com/track/1YE26AjNKxrCaTLl6Nstzn,1YE26AjNKxrCaTLl6Nstzn,2011-03-04T00:00:00Z,176500,False,spotify:track:1YE26AjNKxrCaTLl6Nstzn,https://image-cdn-fa.spotifycdn.com/image/ab67616d00001e02a6f6056c9ded5242ca245c56,ok,
951,Excuse,C418,,https://open.spotify.com/track/2ByqwRQCMBN8sTOpowzguG,2ByqwRQCMBN8sTOpowzguG,2011-03-04T00:00:00Z,124000,False,spotify:track:2ByqwRQCMBN8sTOpowzguG,https://image-cdn-fa.spotifycdn.com/image/ab67616d00001e02a6f6056c9ded5242ca245c56,ok,
952,Sweden,C418,,https://open.spotify.com/track/716HpbfSkMkU7TwQsJlhHT,716HpbfSkMkU7TwQsJlhHT,2011-03-04T00:00:00Z,215500,False,spotify:track:716HpbfSkMkU7TwQsJlhHT,https://image-cdn-fa.spotifycdn.com/image/ab67616d00001e02a6f6056c9ded5242ca245c56,ok,
953,Cat,C418,,https://open.spotify.com/track/6jKBCAD6bistV2SrVUmKfW,6jKBCAD6bistV2SrVUmKfW,2011-03-04T00:00:00Z,186250,False,spotify:track:6jKBCAD6bistV2SrVUmKfW,https://image-cdn-fa.spotifycdn.com/image/ab67616d00001e02a6f6056c9ded5242ca245c56,ok,
954,Dog,C418,,https://open.spotify.com/track/7yJFsHn1OOpV9Q7b0Uofd0,7yJFsHn1OOpV9Q7b0Uofd0,2011-03-04T00:00:00Z,145750,False,spotify:track:7yJFsHn1OOpV9Q7b0Uofd0,https://image-cdn-ak.spotifycdn.com/image/ab67616d00001e02a6f6056c9ded5242ca245c56,ok,
955,Danny,C418,,https://open.spotify.com/track/1i2bwN2e2TpsH3gLoNX8dC,1i2bwN2e2TpsH3gLoNX8dC,2011-03-04T00:00:00Z,254500,False,spotify:track:1i2bwN2e2TpsH3gLoNX8dC,https://image-cdn-fa.spotifycdn.com/image/ab67616d00001e02a6f6056c9ded5242ca245c56,ok,
956,Beginning,C418,,https://open.spotify.com/track/2omLuffsguT7og1L0fnkZV,2omLuffsguT7og1L0fnkZV,2011-03-04T00:00:00Z,102100,False,spotify:track:2omLuffsguT7og1L0fnkZV,https://image-cdn-fa.spotifycdn.com/image/ab67616d00001e02a6f6056c9ded5242ca245c56,ok,
957,Droopy Likes Ricochet,C418,,https://open.spotify.com/track/7vPqBfSqe2XzYLdU4iBORF,7vPqBfSqe2XzYLdU4iBORF,2011-03-04T00:00:00Z,96234,False,spotify:track:7vPqBfSqe2XzYLdU4iBORF,https://image-cdn-ak.spotifycdn.com/image/ab67616d00001e02a6f6056c9ded5242ca245c56,ok,
958,Droopy Likes Your Face,C418,,https://open.spotify.com/track/14jnMP7HVrkwq83i6WXgZf,14jnMP7HVrkwq83i6WXgZf,2011-03-04T00:00:00Z,116762,False,spotify:track:14jnMP7HVrkwq83i6WXgZf,https://image-cdn-fa.spotifycdn.com/image/ab67616d00001e02a6f6056c9ded5242ca245c56,ok,
959,Subterranean Homesick Alien,Radiohead,,https://open.spotify.com/track/2CVV8PtUYYsux8XOzWkCP0,2CVV8PtUYYsux8XOzWkCP0,1997-05-28T00:00:00Z,267693,False,spotify:track:2CVV8PtUYYsux8XOzWkCP0,https://image-cdn-fa.spotifycdn.com/image/ab67616d00001e02c8b444df094279e70d0ed856,ok,
960,Exit Music (For A Film),Radiohead,,https://open.spotify.com/track/0z1o5L7HJx562xZSATcIpY,0z1o5L7HJx562xZSATcIpY,1997-05-28T00:00:00Z,267186,False,spotify:track:0z1o5L7HJx562xZSATcIpY,https://image-cdn-fa.spotifycdn.com/image/ab67616d00001e02c8b444df094279e70d0ed856,ok,
961,Fitter Happier,Radiohead,,https://open.spotify.com/track/6wnmRxEbwUK7WLyUtiRuT7,6wnmRxEbwUK7WLyUtiRuT7,1997-05-28T00:00:00Z,117333,False,spotify:track:6wnmRxEbwUK7WLyUtiRuT7,https://image-cdn-ak.spotifycdn.com/image/ab67616d00001e02c8b444df094279e70d0ed856,ok,
962,Electioneering,Radiohead,,https://open.spotify.com/track/0gTRROuntlrPQ64W3J2Etv,0gTRROuntlrPQ64W3J2Etv,1997-05-28T00:00:00Z,230626,False,spotify:track:0gTRROuntlrPQ64W3J2Etv,https://image-cdn-ak.spotifycdn.com/image/ab67616d00001e02c8b444df094279e70d0ed856,ok,
963,Climbing Up the Walls,Radiohead,,https://open.spotify.com/track/2PDQReEXBViVwkrbQ34vd7,2PDQReEXBViVwkrbQ34vd7,1997-05-28T00:00:00Z,285200,False,spotify:track:2PDQReEXBViVwkrbQ34vd7,https://image-cdn-ak.spotifycdn.com/image/ab67616d00001e02c8b444df094279e70d0ed856,ok,
964,Lucky,Radiohead,,https://open.spotify.com/track/14xj58ZexBaEaHARb11Cqs,14xj58ZexBaEaHARb11Cqs,1997-05-28T00:00:00Z,258813,False,spotify:track:14xj58ZexBaEaHARb11Cqs,https://image-cdn-fa.spotifycdn.com/image/ab67616d00001e02c8b444df094279e70d0ed856,ok,
965,The Tourist,Radiohead,,https://open.spotify.com/track/1UuaWKypSkIHxFZD03zw4m,1UuaWKypSkIHxFZD03zw4m,1997-05-28T00:00:00Z,326533,False,spotify:track:1UuaWKypSkIHxFZD03zw4m,https://image-cdn-fa.spotifycdn.com/image/ab67616d00001e02c8b444df094279e70d0ed856,ok,
966,Clan In Da Front,Wu-Tang Clan,,https://open.spotify.com/track/4LaiF2h7gsybmURceGYLqh,4LaiF2h7gsybmURceGYLqh,1993-11-09T00:00:00Z,273240,True,spotify:track:4LaiF2h7gsybmURceGYLqh,https://image-cdn-fa.spotifycdn.com/image/ab67616d00001e025901aaa980d3e714bf01171c,ok,
967,Bodysnatchers,Radiohead,,https://open.spotify.com/track/4pWIwnnqx8k01fuF95UMIg,4pWIwnnqx8k01fuF95UMIg,2007-12-28T00:00:00Z,242293,False,spotify:track:4pWIwnnqx8k01fuF95UMIg,https://image-cdn-fa.spotifycdn.com/image/ab67616d00001e02de3c04b5fc750b68899b20a9,ok,
968,Ray Mysterio (feat. Westside Gunn & Conway),"The Alchemist, Westside Gunn, Conway the Machine",,https://open.spotify.com/track/3scptj8Idke3JxqmewOlJ9,3scptj8Idke3JxqmewOlJ9,2018-11-30T00:00:00Z,223535,True,spotify:track:3scptj8Idke3JxqmewOlJ9,https://image-cdn-ak.spotifycdn.com/image/ab67616d00001e02795e7069de7cb188b7c821b4,ok,
969,Roman Candles (feat. Roc Marciano & Black Thought),"The Alchemist, Roc Marciano, Black Thought",,https://open.spotify.com/track/3jj5c4DGogPb9xglsxl4BI,3jj5c4DGogPb9xglsxl4BI,2018-11-30T00:00:00Z,175581,True,spotify:track:3jj5c4DGogPb9xglsxl4BI,https://image-cdn-fa.spotifycdn.com/image/ab67616d00001e02795e7069de7cb188b7c821b4,ok,
970,Mac 10 Wounds (feat. Conway),"The Alchemist, Conway the Machine",,https://open.spotify.com/track/1rPDc16S0hZuVmp3brPIcS,1rPDc16S0hZuVmp3brPIcS,2018-11-30T00:00:00Z,233188,True,spotify:track:1rPDc16S0hZuVmp3brPIcS,https://image-cdn-fa.spotifycdn.com/image/ab67616d00001e02795e7069de7cb188b7c821b4,ok,
971,Ensalada (feat. Anderson .Paak),"Freddie Gibbs, The Alchemist, Anderson .Paak",,https://open.spotify.com/track/06ZX08uRQDK02emdw9mN28,06ZX08uRQDK02emdw9mN28,2025-07-25T00:00:00Z,226546,True,spotify:track:06ZX08uRQDK02emdw9mN28,https://image-cdn-fa.spotifycdn.com/image/ab67616d00001e02e098f51a1a2ebb827dc6099a,ok,
972,Inkey$,Aphex Twin,,https://open.spotify.com/track/7uvaTKGxcdd8Tw94qoIbNR,7uvaTKGxcdd8Tw94qoIbNR,1996-08-19T00:00:00Z,84373,False,spotify:track:7uvaTKGxcdd8Tw94qoIbNR,https://image-cdn-ak.spotifycdn.com/image/ab67616d00001e0241c016dad08aa3d02ca581d0,ok,
973,Neon Kitchen II,Devon Hendryx,,https://open.spotify.com/track/5O1aLTEdT6YRqxLZfFtsPx,5O1aLTEdT6YRqxLZfFtsPx,2010-07-10T00:00:00Z,132402,True,spotify:track:5O1aLTEdT6YRqxLZfFtsPx,https://image-cdn-fa.spotifycdn.com/image/ab67616d00001e02c8bba39eaa8ce58e633b64dd,ok,
974,Sticks,Aerofall,,https://open.spotify.com/track/272NuGE9v29X5uU23X8e1c,272NuGE9v29X5uU23X8e1c,2017-11-15T00:00:00Z,198000,False,spotify:track:272NuGE9v29X5uU23X8e1c,https://image-cdn-fa.spotifycdn.com/image/ab67616d00001e02597a4fd0a0d1623b7c801d3f,ok,
975,Only If,Steve Lacy,,https://open.spotify.com/track/7wNAM0qzErN5Dr9uV6B3fW,7wNAM0qzErN5Dr9uV6B3fW,2019-05-24T00:00:00Z,100562,False,spotify:track:7wNAM0qzErN5Dr9uV6B3fW,https://image-cdn-fa.spotifycdn.com/image/ab67616d00001e02962ff78ff496c98e5fed40d8,ok,
976,The Butcher,Radiohead,,https://open.spotify.com/track/3djJOGMiyy5Bg0hKcorLXk,3djJOGMiyy5Bg0hKcorLXk,2016-11-18T00:00:00Z,275468,False,spotify:track:3djJOGMiyy5Bg0hKcorLXk,https://image-cdn-ak.spotifycdn.com/image/ab67616d00001e0271d7b02a0bbec1a10a88c587,ok,
977,Thinking About You - Drill Version,Radiohead,,https://open.spotify.com/track/6N6oVGA9zBx1rYSJdNm7jd,6N6oVGA9zBx1rYSJdNm7jd,1992-05-05T00:00:00Z,135586,False,spotify:track:6N6oVGA9zBx1rYSJdNm7jd,https://image-cdn-ak.spotifycdn.com/image/ab67616d00001e02bfb55c07acf047dc5b537b1c,ok,
978,I,Aphex Twin,,https://open.spotify.com/track/2FQviMkaoixlgWuGL4u1EO,2FQviMkaoixlgWuGL4u1EO,1992-02-10T00:00:00Z,77346,False,spotify:track:2FQviMkaoixlgWuGL4u1EO,https://image-cdn-ak.spotifycdn.com/image/ab67616d00001e0238906032688bb13b135ce19a,ok,
979,Heliosphan,Aphex Twin,,https://open.spotify.com/track/09opLVMX7cfKVKlP3iKZR1,09opLVMX7cfKVKlP3iKZR1,1992-02-10T00:00:00Z,293800,False,spotify:track:09opLVMX7cfKVKlP3iKZR1,https://image-cdn-fa.spotifycdn.com/image/ab67616d00001e0238906032688bb13b135ce19a,ok,
980,Summerblink,Marto,,https://open.spotify.com/track/3SlUio4JmeSpNxjMLmZFNH,3SlUio4JmeSpNxjMLmZFNH,2023-03-08T00:00:00Z,218000,False,spotify:track:3SlUio4JmeSpNxjMLmZFNH,https://image-cdn-fa.spotifycdn.com/image/ab67616d00001e02e8fecdc62ac596877d9a1d7d,ok,
981,на закате,акульи слёзы,,https://open.spotify.com/track/1Z5qLHmlhRQSmAfqBzVzuh,1Z5qLHmlhRQSmAfqBzVzuh,2019-05-17T00:00:00Z,257599,False,spotify:track:1Z5qLHmlhRQSmAfqBzVzuh,https://image-cdn-fa.spotifycdn.com/image/ab67616d00001e024159b41d9f0ed3abd7f761ee,ok,
982,When the Sun Hits,Slowdive,,https://open.spotify.com/track/0oxYB9GoOIDrdzniNdKC44,0oxYB9GoOIDrdzniNdKC44,1993-01-01T00:00:00Z,285906,False,spotify:track:0oxYB9GoOIDrdzniNdKC44,https://image-cdn-fa.spotifycdn.com/image/ab67616d00001e02f6e31941d10e4819d290af41,ok,
983,Summer's Gone -second season ver-,honeydip,,https://open.spotify.com/track/7qKohSGg9hmRNR9bSO4KUI,7qKohSGg9hmRNR9bSO4KUI,2025-02-26T00:00:00Z,411733,False,spotify:track:7qKohSGg9hmRNR9bSO4KUI,https://image-cdn-fa.spotifycdn.com/image/ab67616d00001e029ff16c4c65ed9cca18999c50,ok,
984,only shallow,my bloody valentine,,https://open.spotify.com/track/1KKuoYESWoUGsau6YYoEMl,1KKuoYESWoUGsau6YYoEMl,1991-11-04T00:00:00Z,256573,False,spotify:track:1KKuoYESWoUGsau6YYoEMl,https://image-cdn-fa.spotifycdn.com/image/ab67616d00001e020ede770070357575bc050511,ok,
985,loomer,my bloody valentine,,https://open.spotify.com/track/1J81w19RmocW4w7PeSWKYF,1J81w19RmocW4w7PeSWKYF,1991-11-04T00:00:00Z,158240,False,spotify:track:1J81w19RmocW4w7PeSWKYF,https://image-cdn-ak.spotifycdn.com/image/ab67616d00001e020ede770070357575bc050511,ok,
986,touched,my bloody valentine,,https://open.spotify.com/track/0NH8wNkvyxJpiNdT1qQrl1,0NH8wNkvyxJpiNdT1qQrl1,1991-11-04T00:00:00Z,56626,False,spotify:track:0NH8wNkvyxJpiNdT1qQrl1,https://image-cdn-fa.spotifycdn.com/image/ab67616d00001e020ede770070357575bc050511,ok,
987,to here knows when,my bloody valentine,,https://open.spotify.com/track/2Qt7TmKGuet6bKJzhNM0YA,2Qt7TmKGuet6bKJzhNM0YA,1991-11-04T00:00:00Z,331000,False,spotify:track:2Qt7TmKGuet6bKJzhNM0YA,https://image-cdn-fa.spotifycdn.com/image/ab67616d00001e020ede770070357575bc050511,ok,
988,when you sleep,my bloody valentine,,https://open.spotify.com/track/2KylN9C0wNbzLgZNTG9oiU,2KylN9C0wNbzLgZNTG9oiU,1991-11-04T00:00:00Z,251946,False,spotify:track:2KylN9C0wNbzLgZNTG9oiU,https://image-cdn-fa.spotifycdn.com/image/ab67616d00001e020ede770070357575bc050511,ok,
989,i only said,my bloody valentine,,https://open.spotify.com/track/7HVaCZKjnMgWi3tvdMZfzY,7HVaCZKjnMgWi3tvdMZfzY,1991-11-04T00:00:00Z,334413,False,spotify:track:7HVaCZKjnMgWi3tvdMZfzY,https://image-cdn-fa.spotifycdn.com/image/ab67616d00001e020ede770070357575bc050511,ok,
990,come in alone,my bloody valentine,,https://open.spotify.com/track/7sMd82F16B9XLiTwkmnKjz,7sMd82F16B9XLiTwkmnKjz,1991-11-04T00:00:00Z,238733,False,spotify:track:7sMd82F16B9XLiTwkmnKjz,https://image-cdn-ak.spotifycdn.com/image/ab67616d00001e020ede770070357575bc050511,ok,
991,sometimes,my bloody valentine,,https://open.spotify.com/track/5CXokdWISVHIcq4BsKwDvJ,5CXokdWISVHIcq4BsKwDvJ,1991-11-04T00:00:00Z,319160,False,spotify:track:5CXokdWISVHIcq4BsKwDvJ,https://image-cdn-fa.spotifycdn.com/image/ab67616d00001e020ede770070357575bc050511,ok,
992,blown a wish,my bloody valentine,,https://open.spotify.com/track/5RmF2vYpropy4cWNxeSA4O,5RmF2vYpropy4cWNxeSA4O,1991-11-04T00:00:00Z,216506,False,spotify:track:5RmF2vYpropy4cWNxeSA4O,https://image-cdn-fa.spotifycdn.com/image/ab67616d00001e020ede770070357575bc050511,ok,
993,what you want,my bloody valentine,,https://open.spotify.com/track/2niQHvviKRUaJNgxwpLklM,2niQHvviKRUaJNgxwpLklM,1991-11-04T00:00:00Z,333400,False,spotify:track:2niQHvviKRUaJNgxwpLklM,https://image-cdn-fa.spotifycdn.com/image/ab67616d00001e020ede770070357575bc050511,ok,
994,soon,my bloody valentine,,https://open.spotify.com/track/4TJVYq699BO7PagAjXxYhJ,4TJVYq699BO7PagAjXxYhJ,1991-11-04T00:00:00Z,419306,False,spotify:track:4TJVYq699BO7PagAjXxYhJ,https://image-cdn-fa.spotifycdn.com/image/ab67616d00001e020ede770070357575bc050511,ok,
995,BEAUTY AND THE BEAST,"Ye, Kanye West",,https://open.spotify.com/track/0oyvTZVaz8fg8ieUEBMGtR,0oyvTZVaz8fg8ieUEBMGtR,2025-06-20T00:00:00Z,105722,False,spotify:track:0oyvTZVaz8fg8ieUEBMGtR,https://image-cdn-fa.spotifycdn.com/image/ab67616d00001e029bd03f5190e4c4b212121100,ok,
996,80 Degrees,Kanyeezy,80 Degrees,https://open.spotify.com/local/Kanyeezy/80%20Degrees.mp3/80%20Degrees.mp3/319,,,319000,,,,ok,
997,Bittersweet Poetry (OG) [feat. John Mayer & Keyshia Cole],Kanye West,Unreleased (Graduation Era),https://open.spotify.com/local/Kanye%20West/Unreleased%20%28Graduation%20Era%29/Bittersweet%20Poetry%20%28OG%29%20%5Bfeat.%20John%20Mayer%20%26%20Keyshia%20Cole%5D/250,,,250000,,,,ok,
998,Flashing Lights 2,Kanye West,,https://open.spotify.com/local///Kanye%20West%20-%20Flashing%20Lights%202/275,,,275000,,,,ok,
999,Brilliant Silence (Demo),,,https://open.spotify.com/local///Brilliant%20Silence%20%28Demo%29/313,,,313000,,,,ok,
1000,Strange Loop,,,https://open.spotify.com/local///Strange%20Loop/196,,,196000,,,,ok,
1001,Deja Vu,,,https://open.spotify.com/local///Deja%20Vu/342,,,342000,,,,ok,
1002,I ll Kill Myself,,,https://open.spotify.com/local///I%20ll%20Kill%20Myself/142,,,142000,,,,ok,
1003,I m Someone Else,,,https://open.spotify.com/local///I%20m%20Someone%20Else/203,,,203000,,,,ok,
1004,Jayney And Johnny,,,https://open.spotify.com/local///Jayney%20And%20Johnny/238,,,238000,,,,ok,
1005,Mary Moffett (Demo),,,https://open.spotify.com/local///Mary%20Moffett%20%28Demo%29/190,,,190000,,,,ok,
1006,Misery,TV Girl,,https://open.spotify.com/local///TV%20Girl%20-%20Misery/157,,,157000,,,,ok,
1007,Museum,,,https://open.spotify.com/local///Museum/142,,,142000,,,,ok,
1008,Overboard (Dirty gold cover),,,https://open.spotify.com/local///Overboard%20%28Dirty%20gold%20cover%29/162,,,162000,,,,ok,
1009,Someone Else (Demo),,,https://open.spotify.com/local///Someone%20Else%20%28Demo%29/203,,,203000,,,,ok,
1010,Keep Me Distracted,TV Girl,,https://open.spotify.com/local///TV%20Girl%20-%20Keep%20Me%20Distracted/124,,,124000,,,,ok,
1011,Never See Me Again,,,https://open.spotify.com/local///Never%20See%20Me%20Again/5419,,,5419000,,,,ok,
1012,Christian Dior Denim Flow,Kanye West/Pusha T/Kid Cudi/John Legend/Lloyd Banks/Ryan Leslie,,https://open.spotify.com/local/Kanye%20West%2FPusha%20T%2FKid%20Cudi%2FJohn%20Legend%2FLloyd%20Banks%2FRyan%20Leslie//Christian%20Dior%20Denim%20Flow/423,,,423000,,,,ok,
1013,Awkward OG feat. Frank Ocean,,,https://open.spotify.com/local///Awkward%20OG%20feat.%20Frank%20Ocean/245,,,245000,,,,ok,
1014,Boys Don't Cry,The Cure,,https://open.spotify.com/track/1QFh8OH1e78dGd3VyJZCAC,1QFh8OH1e78dGd3VyJZCAC,1979-05-11T00:00:00Z,155973,False,spotify:track:1QFh8OH1e78dGd3VyJZCAC,https://image-cdn-fa.spotifycdn.com/image/ab67616d00001e025d0d65102be8606e439e54cc,ok,
1015,PREACHER MAN,"Kanye West, Ye",,https://open.spotify.com/track/0fD7KBtQgPR1YCtuPAsyZJ,0fD7KBtQgPR1YCtuPAsyZJ,2026-03-28T00:00:00Z,181599,False,spotify:track:0fD7KBtQgPR1YCtuPAsyZJ,https://image-cdn-fa.spotifycdn.com/image/ab67616d00001e0295184f6a953569b683ca9a0d,ok,
1016,HIGHS AND LOWS,"Kanye West, Ye",,https://open.spotify.com/track/565G1vHZu2xoxrnTyF06Qw,565G1vHZu2xoxrnTyF06Qw,2026-03-28T00:00:00Z,111157,False,spotify:track:565G1vHZu2xoxrnTyF06Qw,https://image-cdn-fa.spotifycdn.com/image/ab67616d00001e0295184f6a953569b683ca9a0d,ok,
1017,White Noise (Actual Noise),Akira Yamaoka,,https://open.spotify.com/track/0DKE06viFv93iajgif6hhQ,0DKE06viFv93iajgif6hhQ,2024-11-20T00:00:00Z,191453,False,spotify:track:0DKE06viFv93iajgif6hhQ,https://image-cdn-fa.spotifycdn.com/image/ab67616d00001e02a5544cb7421364721f760dad,ok,
1018,PUNCH DRUNK,"Kanye West, Ye",,https://open.spotify.com/track/4bWZz15GR1EE8E8x23rDWV,4bWZz15GR1EE8E8x23rDWV,2026-03-28T00:00:00Z,108334,False,spotify:track:4bWZz15GR1EE8E8x23rDWV,https://image-cdn-fa.spotifycdn.com/image/ab67616d00001e0295184f6a953569b683ca9a0d,ok,
1019,KING,"Kanye West, Ye",,https://open.spotify.com/track/4LP6bmyAxdMNrqUrMpaVQ8,4LP6bmyAxdMNrqUrMpaVQ8,2026-03-28T00:00:00Z,126868,True,spotify:track:4LP6bmyAxdMNrqUrMpaVQ8,https://image-cdn-fa.spotifycdn.com/image/ab67616d00001e0295184f6a953569b683ca9a0d,ok,
1020,Echo in the Wind,"Aaron Cherof, Minecraft",,https://open.spotify.com/track/69313Y4puazeLhvvG3qMf9,69313Y4puazeLhvvG3qMf9,2023-04-26T00:00:00Z,296183,False,spotify:track:69313Y4puazeLhvvG3qMf9,https://image-cdn-fa.spotifycdn.com/image/ab67616d00001e02ca63190f27c91f579a36c576,ok,
1021,A Familiar Room,"Aaron Cherof, Minecraft",,https://open.spotify.com/track/6r9civQUuAon4vhOX0rFln,6r9civQUuAon4vhOX0rFln,2023-04-26T00:00:00Z,241198,False,spotify:track:6r9civQUuAon4vhOX0rFln,https://image-cdn-fa.spotifycdn.com/image/ab67616d00001e02ca63190f27c91f579a36c576,ok,
1022,yakusoku,"Kumi Tanioka, Minecraft",,https://open.spotify.com/track/4IcYrSats62PwEjOS7G3Lc,4IcYrSats62PwEjOS7G3Lc,2024-04-26T00:00:00Z,271005,False,spotify:track:4IcYrSats62PwEjOS7G3Lc,https://image-cdn-ak.spotifycdn.com/image/ab67616d00001e022ed5db5c6b5a91746cc79e39,ok,
1023,Lilypad,"Minecraft, Amos Roddy",,https://open.spotify.com/track/1fssGtCqrkCwDUVZ5tJTEq,1fssGtCqrkCwDUVZ5tJTEq,2025-05-13T00:00:00Z,235875,False,spotify:track:1fssGtCqrkCwDUVZ5tJTEq,https://image-cdn-ak.spotifycdn.com/image/ab67616d00001e028d1aec83cbf40f0d35a5261b,ok,
1024,O's Piano,"Minecraft, Amos Roddy",,https://open.spotify.com/track/1NZFtFgPv7AkSDAofWwkkB,1NZFtFgPv7AkSDAofWwkkB,2025-05-13T00:00:00Z,275125,False,spotify:track:1NZFtFgPv7AkSDAofWwkkB,https://image-cdn-fa.spotifycdn.com/image/ab67616d00001e028d1aec83cbf40f0d35a5261b,ok,
1025,Chrysopoeia,"Lena Raine, Minecraft",,https://open.spotify.com/track/6UhcflIf0TT3Rg2JBU5E5W,6UhcflIf0TT3Rg2JBU5E5W,2020-06-05T00:00:00Z,303424,False,spotify:track:6UhcflIf0TT3Rg2JBU5E5W,https://image-cdn-fa.spotifycdn.com/image/ab67616d00001e022d8b1ba2af5670ae17f81a4c,ok,
1026,Dragon Fish,C418,,https://open.spotify.com/track/69qvs0qHPIeNWtiOpyMbH9,69qvs0qHPIeNWtiOpyMbH9,2018-08-08T00:00:00Z,372248,False,spotify:track:69qvs0qHPIeNWtiOpyMbH9,https://image-cdn-fa.spotifycdn.com/image/ab67616d00001e02d7f286e4024280745539c115,ok,
1027,Axolotl,C418,,https://open.spotify.com/track/0VfKRencDKFYjKuy6WIu2b,0VfKRencDKFYjKuy6WIu2b,2018-12-12T00:00:00Z,303138,False,spotify:track:0VfKRencDKFYjKuy6WIu2b,https://image-cdn-ak.spotifycdn.com/image/ab67616d00001e02aa4dda902b4c2120dfc07889,ok,
1028,BULLY (feat. CeeLo Green),"Kanye West, Ye, CeeLo Green",,https://open.spotify.com/track/6KhDb86ThnlKirRw1UBZGb,6KhDb86ThnlKirRw1UBZGb,2026-03-28T00:00:00Z,147628,False,spotify:track:6KhDb86ThnlKirRw1UBZGb,https://image-cdn-fa.spotifycdn.com/image/ab67616d00001e0295184f6a953569b683ca9a0d,ok,
1029,Home on the Range,"Earl Sweatshirt, SURF GANG",,https://open.spotify.com/track/4QiWYpCnD5TipN2AycUy2i,4QiWYpCnD5TipN2AycUy2i,2026-03-30T00:00:00Z,97874,True,spotify:track:4QiWYpCnD5TipN2AycUy2i,https://image-cdn-ak.spotifycdn.com/image/ab67616d00001e02b0f12173d7fdf3cec81547c2,ok,
1030,Minty,"MIKE, SURF GANG",,https://open.spotify.com/track/3BuQSuoIT7VkIYDFtvXh58,3BuQSuoIT7VkIYDFtvXh58,2026-03-30T00:00:00Z,107500,True,spotify:track:3BuQSuoIT7VkIYDFtvXh58,https://image-cdn-fa.spotifycdn.com/image/ab67616d00001e02b0f12173d7fdf3cec81547c2,ok,
1031,Back Home,"MIKE, SURF GANG",,https://open.spotify.com/track/28Wprl9jdBRuBKPJJ6fCFS,28Wprl9jdBRuBKPJJ6fCFS,2026-03-30T00:00:00Z,96000,True,spotify:track:28Wprl9jdBRuBKPJJ6fCFS,https://image-cdn-fa.spotifycdn.com/image/ab67616d00001e02b0f12173d7fdf3cec81547c2,ok,
1032,Everything I Want,George Clanton,,https://open.spotify.com/track/6XZNGncuUZScxKI3lUrBHD,6XZNGncuUZScxKI3lUrBHD,2023-07-28T00:00:00Z,171984,False,spotify:track:6XZNGncuUZScxKI3lUrBHD,https://image-cdn-fa.spotifycdn.com/image/ab67616d00001e02f63203e1ddd367b69808f5bb,ok,
1033,Justify Your Life,George Clanton,,https://open.spotify.com/track/2zqWXm2HjbfmQnpNm4FL0k,2zqWXm2HjbfmQnpNm4FL0k,2023-07-28T00:00:00Z,205611,False,spotify:track:2zqWXm2HjbfmQnpNm4FL0k,https://image-cdn-fa.spotifycdn.com/image/ab67616d00001e02f63203e1ddd367b69808f5bb,ok,
1034,Punching Down,George Clanton,,https://open.spotify.com/track/7EUgUNXbhgsPXaCr51uYta,7EUgUNXbhgsPXaCr51uYta,2023-07-28T00:00:00Z,207178,False,spotify:track:7EUgUNXbhgsPXaCr51uYta,https://image-cdn-fa.spotifycdn.com/image/ab67616d00001e02f63203e1ddd367b69808f5bb,ok,
1035,You Hold the Key and I Found It,George Clanton,,https://open.spotify.com/track/6lKuM149ihIDsDynyjf0sQ,6lKuM149ihIDsDynyjf0sQ,2023-07-28T00:00:00Z,295187,False,spotify:track:6lKuM149ihIDsDynyjf0sQ,https://image-cdn-fa.spotifycdn.com/image/ab67616d00001e02f63203e1ddd367b69808f5bb,ok,
1036,Vapor King / SubReal,George Clanton,,https://open.spotify.com/track/6jyndyavHjpfYOdmTn64L1,6jyndyavHjpfYOdmTn64L1,2023-07-28T00:00:00Z,330625,True,spotify:track:6jyndyavHjpfYOdmTn64L1,https://image-cdn-ak.spotifycdn.com/image/ab67616d00001e02f63203e1ddd367b69808f5bb,ok,
1037,F.U.M.L.,"George Clanton, Neggy Gemmy",,https://open.spotify.com/track/6t46Vue6LMoa6G3Cu2dyvd,6t46Vue6LMoa6G3Cu2dyvd,2023-07-28T00:00:00Z,226313,True,spotify:track:6t46Vue6LMoa6G3Cu2dyvd,https://image-cdn-ak.spotifycdn.com/image/ab67616d00001e02f63203e1ddd367b69808f5bb,ok,
1038,Ooh Rap I Ya,George Clanton,,https://open.spotify.com/track/56XH4LLr9jnvgFiQDSzAFB,56XH4LLr9jnvgFiQDSzAFB,2023-07-28T00:00:00Z,232206,False,spotify:track:56XH4LLr9jnvgFiQDSzAFB,https://image-cdn-ak.spotifycdn.com/image/ab67616d00001e02f63203e1ddd367b69808f5bb,ok,
1039,"For You, I Will","George Clanton, Hatchie",,https://open.spotify.com/track/0NyJ7MxE68laCQ1rI5V6rb,0NyJ7MxE68laCQ1rI5V6rb,2023-07-28T00:00:00Z,324878,False,spotify:track:0NyJ7MxE68laCQ1rI5V6rb,https://image-cdn-fa.spotifycdn.com/image/ab67616d00001e02f63203e1ddd367b69808f5bb,ok,
1040,Whispers.Wav,"ESPRIT 空想, George Clanton",,https://open.spotify.com/track/6SUNwtyCgF2SZFR6CsAaKr,6SUNwtyCgF2SZFR6CsAaKr,2014-05-06T00:00:00Z,68170,False,spotify:track:6SUNwtyCgF2SZFR6CsAaKr,https://image-cdn-ak.spotifycdn.com/image/ab67616d00001e0231ae1538d8ec5bd293f64601,ok,
1041,Slow2014.Wav,"ESPRIT 空想, George Clanton",,https://open.spotify.com/track/1pgZsk5DdBuN0L3TlR0cag,1pgZsk5DdBuN0L3TlR0cag,2014-05-06T00:00:00Z,158117,False,spotify:track:1pgZsk5DdBuN0L3TlR0cag,https://image-cdn-ak.spotifycdn.com/image/ab67616d00001e0231ae1538d8ec5bd293f64601,ok,
1042,Mindless.Wav,"ESPRIT 空想, George Clanton",,https://open.spotify.com/track/4oOfAmEH59kZPooVLgJgqH,4oOfAmEH59kZPooVLgJgqH,2014-05-06T00:00:00Z,128155,False,spotify:track:4oOfAmEH59kZPooVLgJgqH,https://image-cdn-fa.spotifycdn.com/image/ab67616d00001e0231ae1538d8ec5bd293f64601,ok,
1043,Warmjet.Wav,"ESPRIT 空想, George Clanton",,https://open.spotify.com/track/7ylr2yA5d28jJ8DKDfqENJ,7ylr2yA5d28jJ8DKDfqENJ,2014-05-06T00:00:00Z,153253,False,spotify:track:7ylr2yA5d28jJ8DKDfqENJ,https://image-cdn-ak.spotifycdn.com/image/ab67616d00001e0231ae1538d8ec5bd293f64601,ok,
1044,Love.Wav,"ESPRIT 空想, George Clanton",,https://open.spotify.com/track/2TH18QxTxHOJGWHEbqHicD,2TH18QxTxHOJGWHEbqHicD,2014-05-06T00:00:00Z,131707,False,spotify:track:2TH18QxTxHOJGWHEbqHicD,https://image-cdn-fa.spotifycdn.com/image/ab67616d00001e0231ae1538d8ec5bd293f64601,ok,
1045,Peter.Wav,"ESPRIT 空想, George Clanton",,https://open.spotify.com/track/76Mql1mT47UDiMgYKPsOw0,76Mql1mT47UDiMgYKPsOw0,2014-05-06T00:00:00Z,107145,False,spotify:track:76Mql1mT47UDiMgYKPsOw0,https://image-cdn-fa.spotifycdn.com/image/ab67616d00001e0231ae1538d8ec5bd293f64601,ok,
1046,Withyou.Wav,"ESPRIT 空想, George Clanton",,https://open.spotify.com/track/2FKQxtJE05WETOheja8WQ1,2FKQxtJE05WETOheja8WQ1,2014-05-06T00:00:00Z,210731,False,spotify:track:2FKQxtJE05WETOheja8WQ1,https://image-cdn-fa.spotifycdn.com/image/ab67616d00001e0231ae1538d8ec5bd293f64601,ok,
1047,Gameover.Wav,"ESPRIT 空想, George Clanton",,https://open.spotify.com/track/1zZWAWghFd1BoL6dE05g9b,1zZWAWghFd1BoL6dE05g9b,2014-05-06T00:00:00Z,52173,False,spotify:track:1zZWAWghFd1BoL6dE05g9b,https://image-cdn-fa.spotifycdn.com/image/ab67616d00001e0231ae1538d8ec5bd293f64601,ok,
1048,Bonus.Wav,"ESPRIT 空想, George Clanton",,https://open.spotify.com/track/6Wh2wzIGWueYpFL6uzxpqM,6Wh2wzIGWueYpFL6uzxpqM,2014-05-06T00:00:00Z,430692,False,spotify:track:6Wh2wzIGWueYpFL6uzxpqM,https://image-cdn-fa.spotifycdn.com/image/ab67616d00001e0231ae1538d8ec5bd293f64601,ok,
1049,Blast Off,George Clanton,,https://open.spotify.com/track/7xWohUdw7Y55Pew3PbL2OV,7xWohUdw7Y55Pew3PbL2OV,2018-08-17T00:00:00Z,140125,False,spotify:track:7xWohUdw7Y55Pew3PbL2OV,https://image-cdn-fa.spotifycdn.com/image/ab67616d00001e0254823b660c0985479ea17f08,ok,
1050,You Lost Me There,George Clanton,,https://open.spotify.com/track/27uyq0fEgkUnffxd5sNgeE,27uyq0fEgkUnffxd5sNgeE,2018-08-17T00:00:00Z,363260,False,spotify:track:27uyq0fEgkUnffxd5sNgeE,https://image-cdn-fa.spotifycdn.com/image/ab67616d00001e0254823b660c0985479ea17f08,ok,
1051,Encore,George Clanton,,https://open.spotify.com/track/407u6iEPAFIs6XghWEtcvM,407u6iEPAFIs6XghWEtcvM,2018-08-17T00:00:00Z,113891,False,spotify:track:407u6iEPAFIs6XghWEtcvM,https://image-cdn-ak.spotifycdn.com/image/ab67616d00001e0254823b660c0985479ea17f08,ok,
1052,Secret,"ESPRIT 空想, George Clanton",,https://open.spotify.com/track/54VrOVPO59T6fyE5Vx40P5,54VrOVPO59T6fyE5Vx40P5,2017-11-17T00:00:00Z,285250,False,spotify:track:54VrOVPO59T6fyE5Vx40P5,https://image-cdn-fa.spotifycdn.com/image/ab67616d00001e029bf7d13db51dfd26eb1e49b0,ok,
1053,Seal,"ESPRIT 空想, George Clanton",,https://open.spotify.com/track/4PtXXdT0TgT0H26VWV43Ao,4PtXXdT0TgT0H26VWV43Ao,2017-11-17T00:00:00Z,156375,False,spotify:track:4PtXXdT0TgT0H26VWV43Ao,https://image-cdn-ak.spotifycdn.com/image/ab67616d00001e029bf7d13db51dfd26eb1e49b0,ok,
1054,So Heavy You Can't Float,"ESPRIT 空想, George Clanton",,https://open.spotify.com/track/2k8UbT5zSARHYTNUBLIgHC,2k8UbT5zSARHYTNUBLIgHC,2017-11-17T00:00:00Z,158000,False,spotify:track:2k8UbT5zSARHYTNUBLIgHC,https://image-cdn-fa.spotifycdn.com/image/ab67616d00001e029bf7d13db51dfd26eb1e49b0,ok,
1055,You're in Love,"ESPRIT 空想, George Clanton",,https://open.spotify.com/track/0oIOd9iLRBAwmSsJrfnZ77,0oIOd9iLRBAwmSsJrfnZ77,2017-11-17T00:00:00Z,337000,False,spotify:track:0oIOd9iLRBAwmSsJrfnZ77,https://image-cdn-fa.spotifycdn.com/image/ab67616d00001e029bf7d13db51dfd26eb1e49b0,ok,
1056,It's a Fast Driving Rave Up With Esprit,"ESPRIT 空想, George Clanton",,https://open.spotify.com/track/7gCH7fOkog5jyciWoK3Eje,7gCH7fOkog5jyciWoK3Eje,2017-11-17T00:00:00Z,213250,False,spotify:track:7gCH7fOkog5jyciWoK3Eje,https://image-cdn-fa.spotifycdn.com/image/ab67616d00001e029bf7d13db51dfd26eb1e49b0,ok,
1057,Flounder 202,"ESPRIT 空想, George Clanton",,https://open.spotify.com/track/5Bs3fjjTrSs7Fd19X20pez,5Bs3fjjTrSs7Fd19X20pez,2017-11-17T00:00:00Z,268750,False,spotify:track:5Bs3fjjTrSs7Fd19X20pez,https://image-cdn-ak.spotifycdn.com/image/ab67616d00001e029bf7d13db51dfd26eb1e49b0,ok,
1058,Purity 202,"ESPRIT 空想, George Clanton",,https://open.spotify.com/track/3vi6Tlclo4oenPH0GVMtQ6,3vi6Tlclo4oenPH0GVMtQ6,2017-11-17T00:00:00Z,138653,False,spotify:track:3vi6Tlclo4oenPH0GVMtQ6,https://image-cdn-fa.spotifycdn.com/image/ab67616d00001e029bf7d13db51dfd26eb1e49b0,ok,
1059,Trip II the OC,"ESPRIT 空想, George Clanton",,https://open.spotify.com/track/52PFAv7pNmudWuaRrwm2nx,52PFAv7pNmudWuaRrwm2nx,2017-11-17T00:00:00Z,180062,False,spotify:track:52PFAv7pNmudWuaRrwm2nx,https://image-cdn-ak.spotifycdn.com/image/ab67616d00001e029bf7d13db51dfd26eb1e49b0,ok,
1060,Slow 2018,"ESPRIT 空想, George Clanton",,https://open.spotify.com/track/5gOIqrKk3hXcNdfU3puaM3,5gOIqrKk3hXcNdfU3puaM3,2017-11-17T00:00:00Z,157062,False,spotify:track:5gOIqrKk3hXcNdfU3puaM3,https://image-cdn-fa.spotifycdn.com/image/ab67616d00001e029bf7d13db51dfd26eb1e49b0,ok,
1061,Play That Thing Again,"ESPRIT 空想, George Clanton",,https://open.spotify.com/track/4SrN4pFPq6VqJfMONZZ8Lk,4SrN4pFPq6VqJfMONZZ8Lk,2017-11-17T00:00:00Z,222223,False,spotify:track:4SrN4pFPq6VqJfMONZZ8Lk,https://image-cdn-ak.spotifycdn.com/image/ab67616d00001e029bf7d13db51dfd26eb1e49b0,ok,
1062,Copernicus Crater,Duster,,https://open.spotify.com/track/3kRYyjPKi32fqmTR1Wy6Jo,3kRYyjPKi32fqmTR1Wy6Jo,2019-12-13T00:00:00Z,289422,False,spotify:track:3kRYyjPKi32fqmTR1Wy6Jo,https://image-cdn-fa.spotifycdn.com/image/ab67616d00001e023881b01e446a4a959ccd0b9a,ok,
1063,I'm Lost,Duster,,https://open.spotify.com/track/3SdVryERFXzkOTIQLWHatd,3SdVryERFXzkOTIQLWHatd,2019-12-13T00:00:00Z,167718,False,spotify:track:3SdVryERFXzkOTIQLWHatd,https://image-cdn-fa.spotifycdn.com/image/ab67616d00001e023881b01e446a4a959ccd0b9a,ok,
1064,Chocolate And Mint,Duster,,https://open.spotify.com/track/2cfTyfv9MHQO9v7p53Xyfv,2cfTyfv9MHQO9v7p53Xyfv,2019-12-13T00:00:00Z,292068,False,spotify:track:2cfTyfv9MHQO9v7p53Xyfv,https://image-cdn-fa.spotifycdn.com/image/ab67616d00001e023881b01e446a4a959ccd0b9a,ok,
1065,Summer War,Duster,,https://open.spotify.com/track/6P1n32rWsfXxwFbckfOuks,6P1n32rWsfXxwFbckfOuks,2019-12-13T00:00:00Z,278651,False,spotify:track:6P1n32rWsfXxwFbckfOuks,https://image-cdn-fa.spotifycdn.com/image/ab67616d00001e023881b01e446a4a959ccd0b9a,ok,
1066,Lomo,Duster,,https://open.spotify.com/track/0knIwCt9WDoE2asdyPStBA,0knIwCt9WDoE2asdyPStBA,2019-12-13T00:00:00Z,164080,False,spotify:track:0knIwCt9WDoE2asdyPStBA,https://image-cdn-fa.spotifycdn.com/image/ab67616d00001e023881b01e446a4a959ccd0b9a,ok,
1067,Damaged,Duster,,https://open.spotify.com/track/1k6oxvWrApJ4nw2jlDPakc,1k6oxvWrApJ4nw2jlDPakc,2019-12-13T00:00:00Z,139961,False,spotify:track:1k6oxvWrApJ4nw2jlDPakc,https://image-cdn-fa.spotifycdn.com/image/ab67616d00001e023881b01e446a4a959ccd0b9a,ok,
1068,Letting Go,Duster,,https://open.spotify.com/track/0oJjjOgT4m4wJr55gGlp8z,0oJjjOgT4m4wJr55gGlp8z,2019-12-13T00:00:00Z,235928,False,spotify:track:0oJjjOgT4m4wJr55gGlp8z,https://image-cdn-fa.spotifycdn.com/image/ab67616d00001e023881b01e446a4a959ccd0b9a,ok,
1069,Go Back,Duster,,https://open.spotify.com/track/43XhpGuhXaqMpaK72NYzs7,43XhpGuhXaqMpaK72NYzs7,2019-12-13T00:00:00Z,227981,False,spotify:track:43XhpGuhXaqMpaK72NYzs7,https://image-cdn-fa.spotifycdn.com/image/ab67616d00001e023881b01e446a4a959ccd0b9a,ok,
1070,Hoya Paranoia,Duster,,https://open.spotify.com/track/7e6nVXJoaC3Idn3JtpctVa,7e6nVXJoaC3Idn3JtpctVa,2019-12-13T00:00:00Z,318607,False,spotify:track:7e6nVXJoaC3Idn3JtpctVa,https://image-cdn-ak.spotifycdn.com/image/ab67616d00001e023881b01e446a4a959ccd0b9a,ok,
1071,Ghoulish,Duster,,https://open.spotify.com/track/30yI60uTnDtnvDQS50ubd8,30yI60uTnDtnvDQS50ubd8,2019-12-13T00:00:00Z,267193,False,spotify:track:30yI60uTnDtnvDQS50ubd8,https://image-cdn-fa.spotifycdn.com/image/ab67616d00001e023881b01e446a4a959ccd0b9a,ok,
1072,Ghost World,Duster,,https://open.spotify.com/track/5Jz31N0gl1fAckW7zU4a4I,5Jz31N0gl1fAckW7zU4a4I,2019-12-13T00:00:00Z,197738,False,spotify:track:5Jz31N0gl1fAckW7zU4a4I,https://image-cdn-fa.spotifycdn.com/image/ab67616d00001e023881b01e446a4a959ccd0b9a,ok,
1073,The Thirteen,Duster,,https://open.spotify.com/track/6sf6tgujePrHopAau6mnXN,6sf6tgujePrHopAau6mnXN,2019-12-13T00:00:00Z,177560,False,spotify:track:6sf6tgujePrHopAau6mnXN,https://image-cdn-ak.spotifycdn.com/image/ab67616d00001e023881b01e446a4a959ccd0b9a,ok,
1074,Sabbath School,Devon Hendryx,,https://open.spotify.com/track/6MeWEAk9SyTOoRS0xHn3sH,6MeWEAk9SyTOoRS0xHn3sH,2010-07-09T00:00:00Z,152728,True,spotify:track:6MeWEAk9SyTOoRS0xHn3sH,https://image-cdn-fa.spotifycdn.com/image/ab67616d00001e02c8bba39eaa8ce58e633b64dd,ok,
1075,Bully,Devon Hendryx,,https://open.spotify.com/track/3JwzQy5dYRjA484DrDBlDR,3JwzQy5dYRjA484DrDBlDR,2010-07-09T00:00:00Z,303894,True,spotify:track:3JwzQy5dYRjA484DrDBlDR,https://image-cdn-ak.spotifycdn.com/image/ab67616d00001e02c8bba39eaa8ce58e633b64dd,ok,
1076,Operation: Kill Stormfront,Devon Hendryx,,https://open.spotify.com/track/6XXipoMsbmCRAiEgKiGxXr,6XXipoMsbmCRAiEgKiGxXr,2010-07-09T00:00:00Z,188188,True,spotify:track:6XXipoMsbmCRAiEgKiGxXr,https://image-cdn-fa.spotifycdn.com/image/ab67616d00001e02c8bba39eaa8ce58e633b64dd,ok,
1077,Trophy Kids,Devon Hendryx,,https://open.spotify.com/track/1xqgmR1Qqw6qkWX7yNN4aE,1xqgmR1Qqw6qkWX7yNN4aE,2010-07-09T00:00:00Z,225920,True,spotify:track:1xqgmR1Qqw6qkWX7yNN4aE,https://image-cdn-fa.spotifycdn.com/image/ab67616d00001e02c8bba39eaa8ce58e633b64dd,ok,
1078,Omega Weapon,Devon Hendryx,,https://open.spotify.com/track/16l1lPqq5XVGoU8UhQGmTo,16l1lPqq5XVGoU8UhQGmTo,2010-07-09T00:00:00Z,215286,True,spotify:track:16l1lPqq5XVGoU8UhQGmTo,https://image-cdn-fa.spotifycdn.com/image/ab67616d00001e02c8bba39eaa8ce58e633b64dd,ok,
1079,Montebello High School Prom,Devon Hendryx,,https://open.spotify.com/track/3qEiRteJYV6lISyANIQh7a,3qEiRteJYV6lISyANIQh7a,2010-07-09T00:00:00Z,365000,True,spotify:track:3qEiRteJYV6lISyANIQh7a,https://image-cdn-fa.spotifycdn.com/image/ab67616d00001e02c8bba39eaa8ce58e633b64dd,ok,
1080,The Power of Madonna,Devon Hendryx,,https://open.spotify.com/track/3MOtgEz5O9LtAsA5MTjEKl,3MOtgEz5O9LtAsA5MTjEKl,2010-07-09T00:00:00Z,336000,True,spotify:track:3MOtgEz5O9LtAsA5MTjEKl,https://image-cdn-fa.spotifycdn.com/image/ab67616d00001e02c8bba39eaa8ce58e633b64dd,ok,
1081,Blue Seed,Devon Hendryx,,https://open.spotify.com/track/4dEaoe2RQCoT5pkXYTXg9c,4dEaoe2RQCoT5pkXYTXg9c,2010-07-09T00:00:00Z,40495,True,spotify:track:4dEaoe2RQCoT5pkXYTXg9c,https://image-cdn-fa.spotifycdn.com/image/ab67616d00001e02c8bba39eaa8ce58e633b64dd,ok,
1082,Baby I'm Bleeding,JPEGMAFIA,,https://open.spotify.com/track/5WsvmXD3xLA0JKhdkw2RQl,5WsvmXD3xLA0JKhdkw2RQl,2018-01-19T00:00:00Z,152245,True,spotify:track:5WsvmXD3xLA0JKhdkw2RQl,https://image-cdn-ak.spotifycdn.com/image/ab67616d00001e02947a926195193c56d1dc45d8,ok,
1083,BALD!,JPEGMAFIA,,https://open.spotify.com/track/3djWekEDgbhAtkXGdFNbFt,3djWekEDgbhAtkXGdFNbFt,2020-11-06T00:00:00Z,153932,True,spotify:track:3djWekEDgbhAtkXGdFNbFt,https://image-cdn-fa.spotifycdn.com/image/ab67616d00001e025a8c72a8c75ba0ae4929cd46,ok,
1084,Sakura,Devon Hendryx,,https://open.spotify.com/track/6tWE2OefH4yqE2swmf1OkC,6tWE2OefH4yqE2swmf1OkC,2023-10-23T00:00:00Z,124159,False,spotify:track:6tWE2OefH4yqE2swmf1OkC,https://image-cdn-fa.spotifycdn.com/image/ab67616d00001e02844d636ffd2fc1775853b4dc,ok,
1085,The Man Who Sold the World - 2010 Remaster,Midge Ure,,https://open.spotify.com/track/6I6Zjwlx4LSE1iojm94za1,6I6Zjwlx4LSE1iojm94za1,1985-10-19T00:00:00Z,343866,False,spotify:track:6I6Zjwlx4LSE1iojm94za1,https://image-cdn-ak.spotifycdn.com/image/ab67616d00001e0235361f7a360ff7866b1239b5,ok,
1086,pulse,optic core,,https://open.spotify.com/track/7iXfxMEYM2cZKEpAnVnMvF,7iXfxMEYM2cZKEpAnVnMvF,2021-10-15T00:00:00Z,172251,False,spotify:track:7iXfxMEYM2cZKEpAnVnMvF,https://image-cdn-fa.spotifycdn.com/image/ab67616d00001e02cdacaa892a1679893e45796b,ok,
1087,Different Places,"optic core, Fifty Grand",,https://open.spotify.com/track/5t1FzH5La2XFnHuDuvduZX,5t1FzH5La2XFnHuDuvduZX,2022-02-22T00:00:00Z,134831,False,spotify:track:5t1FzH5La2XFnHuDuvduZX,https://image-cdn-ak.spotifycdn.com/image/ab67616d00001e02550a4dc1abeafcafad80e6a1,ok,
1088,Come Back,Alex G,,https://open.spotify.com/track/6eoia7EfXN11tsoPgArQoT,6eoia7EfXN11tsoPgArQoT,2012-01-15T00:00:00Z,197946,False,spotify:track:6eoia7EfXN11tsoPgArQoT,https://image-cdn-fa.spotifycdn.com/image/ab67616d00001e02b31bbd736515703f87ca21db,ok,
1089,Candy,Alex G,,https://open.spotify.com/track/2u3RS5zmDcZTT20NkFeYQN,2u3RS5zmDcZTT20NkFeYQN,2012-01-15T00:00:00Z,197426,False,spotify:track:2u3RS5zmDcZTT20NkFeYQN,https://image-cdn-fa.spotifycdn.com/image/ab67616d00001e02b31bbd736515703f87ca21db,ok,
1090,Frenesi - Machine Girl GabberTrap Mix,Machine Girl,,https://open.spotify.com/track/3wt5rmyeDO4ScM5fsKI33Y,3wt5rmyeDO4ScM5fsKI33Y,2014-02-17T00:00:00Z,126315,False,spotify:track:3wt5rmyeDO4ScM5fsKI33Y,https://image-cdn-fa.spotifycdn.com/image/ab67616d00001e02e8cde942632132e83620559f,ok,
1091,Call Me Maybe,Devon Hendryx,,https://open.spotify.com/track/008OWyeDjRiRoXCM5M3Jld,008OWyeDjRiRoXCM5M3Jld,2023-10-23T00:00:00Z,363692,False,spotify:track:008OWyeDjRiRoXCM5M3Jld,https://image-cdn-fa.spotifycdn.com/image/ab67616d00001e02844d636ffd2fc1775853b4dc,ok,
1092,Bubblegum Crisis,Devon Hendryx,,https://open.spotify.com/track/0anUinfzF9vNYFoXTM6CnG,0anUinfzF9vNYFoXTM6CnG,2023-10-23T00:00:00Z,236512,False,spotify:track:0anUinfzF9vNYFoXTM6CnG,https://image-cdn-ak.spotifycdn.com/image/ab67616d00001e02844d636ffd2fc1775853b4dc,ok,
1093,LIARA,Devon Hendryx,,https://open.spotify.com/track/5VNuqrx2pbaNvewoLvJCdw,5VNuqrx2pbaNvewoLvJCdw,2023-10-23T00:00:00Z,215469,False,spotify:track:5VNuqrx2pbaNvewoLvJCdw,https://image-cdn-ak.spotifycdn.com/image/ab67616d00001e02844d636ffd2fc1775853b4dc,ok,
1094,Untitled,Devon Hendryx,,https://open.spotify.com/track/1yKoaMifE91yYIdRB6ZXpk,1yKoaMifE91yYIdRB6ZXpk,2023-10-23T00:00:00Z,52729,False,spotify:track:1yKoaMifE91yYIdRB6ZXpk,https://image-cdn-fa.spotifycdn.com/image/ab67616d00001e02844d636ffd2fc1775853b4dc,ok,
1095,Big Time Sensuality,Björk,,https://open.spotify.com/track/5diiEB0edX69v9x3e96NyO,5diiEB0edX69v9x3e96NyO,1993-07-05T00:00:00Z,236640,False,spotify:track:5diiEB0edX69v9x3e96NyO,https://image-cdn-fa.spotifycdn.com/image/ab67616d00001e020bd598408bc507d070b7ba4c,ok,
1096,WHATEVER WORKS,"Kanye West, Ye",,https://open.spotify.com/track/7GVuAK4EmYP7gvlXA4JXqU,7GVuAK4EmYP7gvlXA4JXqU,2026-03-28T00:00:00Z,119272,False,spotify:track:7GVuAK4EmYP7gvlXA4JXqU,https://image-cdn-fa.spotifycdn.com/image/ab67616d00001e0295184f6a953569b683ca9a0d,ok,
1097,1539 N. Calvert,JPEGMAFIA,,https://open.spotify.com/track/1UHNE0jTu89d2uN1ckDGPd,1UHNE0jTu89d2uN1ckDGPd,2018-01-19T00:00:00Z,157258,True,spotify:track:1UHNE0jTu89d2uN1ckDGPd,https://image-cdn-fa.spotifycdn.com/image/ab67616d00001e02947a926195193c56d1dc45d8,ok,
1098,B.S.D.,"Tyler, The Creator, Jasper Dolphin, Taco",,https://open.spotify.com/track/4AVNQGgk2g0TyZF1Ul3N6y,4AVNQGgk2g0TyZF1Ul3N6y,2011-05-09T00:00:00Z,216160,True,spotify:track:4AVNQGgk2g0TyZF1Ul3N6y,https://image-cdn-fa.spotifycdn.com/image/ab67616d00001e0228ae9a159d24cb0ab2552712,ok,
1099,Feather (feat. Cise Starr & Akin from CYNE),"Nujabes, Cise Starr & Akin from CYNE",,https://open.spotify.com/track/2ej1A2Ze6P2EOW7KfIosZR,2ej1A2Ze6P2EOW7KfIosZR,2005-11-11T00:00:00Z,175360,True,spotify:track:2ej1A2Ze6P2EOW7KfIosZR,https://image-cdn-fa.spotifycdn.com/image/ab67616d00001e02421d647a4f604d79943f4dad,ok,
1100,Doing Fine,Kanye West,Freshmen Adjustment,https://open.spotify.com/local/Kanye%20West/Freshmen%20Adjustment/Doing%20Fine/165,,,165000,,,,ok,
1101,Self Conscious (AKA Yeah),Kanye West,Freshmen Adjustment,https://open.spotify.com/local/Kanye%20West/Freshmen%20Adjustment/Self%20Conscious%20%28AKA%20Yeah%29/212,,,212000,,,,ok,
1102,Gossip Files,Kanye West,Freshmen Adjustment,https://open.spotify.com/local/Kanye%20West/Freshmen%20Adjustment/Gossip%20Files/232,,,232000,,,,ok,
1103,Wack Niggaz (feat. Talib Kweli),Kanye West,Freshmen Adjustment,https://open.spotify.com/local/Kanye%20West/Freshmen%20Adjustment/Wack%20Niggaz%20%28feat.%20Talib%20Kweli%29/192,,,192000,,,,ok,
1104,I Need To Know,Kanye West,Freshmen Adjustment,https://open.spotify.com/local/Kanye%20West/Freshmen%20Adjustment/I%20Need%20To%20Know/232,,,232000,,,,ok,
1105,Out Of Your Mind (feat. John Legend),Kanye West,Freshmen Adjustment,https://open.spotify.com/local/Kanye%20West/Freshmen%20Adjustment/Out%20Of%20Your%20Mind%20%28feat.%20John%20Legend%29/217,,,217000,,,,ok,
1106,Livin In A Movie,Kanye West,Freshmen Adjustment,https://open.spotify.com/local/Kanye%20West/Freshmen%20Adjustment/Livin%20In%20A%20Movie/130,,,130000,,,,ok,
1107,Drop Dead Gorgeous (feat. Murphy Lee),Kanye West,Freshmen Adjustment,https://open.spotify.com/local/Kanye%20West/Freshmen%20Adjustment/Drop%20Dead%20Gorgeous%20%28feat.%20Murphy%20Lee%29/125,,,125000,,,,ok,
1108,Wow,Kanye West,Freshmen Adjustment,https://open.spotify.com/local/Kanye%20West/Freshmen%20Adjustment/Wow/140,,,140000,,,,ok,
1109,Apologize,Kanye West,Freshmen Adjustment,https://open.spotify.com/local/Kanye%20West/Freshmen%20Adjustment/Apologize/258,,,258000,,,,ok,
1110,Hey Mama,Kanye West,Freshmen Adjustment,https://open.spotify.com/local/Kanye%20West/Freshmen%20Adjustment/Hey%20Mama/259,,,259000,,,,ok,
1111,The Good The Bad The Ugly (feat. Consequence),Kanye West,Freshmen Adjustment,https://open.spotify.com/local/Kanye%20West/Freshmen%20Adjustment/The%20Good%20The%20Bad%20The%20Ugly%20%28feat.%20Consequence%29/250,,,250000,,,,ok,
1112,Keep The Receipt (feat. Ol Dirty Bastard),Kanye West,Freshmen Adjustment,https://open.spotify.com/local/Kanye%20West/Freshmen%20Adjustment/Keep%20The%20Receipt%20%28feat.%20Ol%20Dirty%20Bastard%29/208,,,208000,,,,ok,
1113,Heavy Hitters (feat. GLC),Kanye West,Freshmen Adjustment,https://open.spotify.com/local/Kanye%20West/Freshmen%20Adjustment/Heavy%20Hitters%20%28feat.%20GLC%29/181,,,181000,,,,ok,
1114,My Way,Kanye West,Freshmen Adjustment,https://open.spotify.com/local/Kanye%20West/Freshmen%20Adjustment/My%20Way/204,,,204000,,,,ok,
1115,Home (feat. John Legend),Kanye West,Freshmen Adjustment,https://open.spotify.com/local/Kanye%20West/Freshmen%20Adjustment/Home%20%28feat.%20John%20Legend%29/239,,,239000,,,,ok,
1116,03 Electric Relaxation (feat. Consequence),Kanye West,Freshmen Adjustment,https://open.spotify.com/local/Kanye%20West/Freshmen%20Adjustment/03%20Electric%20Relaxation%20%28feat.%20Consequence%29/205,,,205000,,,,ok,
1117,Lady Brown,"Nujabes, Cise Starr",,https://open.spotify.com/track/11nuN9xWUoKJNohMtyCoJg,11nuN9xWUoKJNohMtyCoJg,2011-06-15T00:00:00Z,199160,True,spotify:track:11nuN9xWUoKJNohMtyCoJg,https://image-cdn-fa.spotifycdn.com/image/ab67616d00001e0210c73c3476e60630df210053,ok,
1118,Luv (sic),Nujabes,,https://open.spotify.com/track/6SNGzhVrisdq63Ndz58ovT,6SNGzhVrisdq63Ndz58ovT,2015-12-09T00:00:00Z,286320,False,spotify:track:6SNGzhVrisdq63Ndz58ovT,https://image-cdn-fa.spotifycdn.com/image/ab67616d00001e02f3f585353a1f0220babd8e89,ok,
1119,aruarian dance,Nujabes,,https://open.spotify.com/track/4sUTagdmyuyAxd7RvbygpQ,4sUTagdmyuyAxd7RvbygpQ,2004-06-23T00:00:00Z,250433,False,spotify:track:4sUTagdmyuyAxd7RvbygpQ,https://image-cdn-fa.spotifycdn.com/image/ab67616d00001e0283a1baffae989501a80fffd0,ok,
1120,Luv(sic.) pt3 (feat. Shing02),"Nujabes, Shing02",,https://open.spotify.com/track/4xlpJ99yL9xYQtzG6c3hwk,4xlpJ99yL9xYQtzG6c3hwk,2005-11-11T00:00:00Z,336866,False,spotify:track:4xlpJ99yL9xYQtzG6c3hwk,https://image-cdn-fa.spotifycdn.com/image/ab67616d00001e02421d647a4f604d79943f4dad,ok,
1121,Luv (sic) pt2,Nujabes,,https://open.spotify.com/track/6gSalwEvVQfSFiqgwfyITp,6gSalwEvVQfSFiqgwfyITp,2015-12-09T00:00:00Z,273080,False,spotify:track:6gSalwEvVQfSFiqgwfyITp,https://image-cdn-fa.spotifycdn.com/image/ab67616d00001e02f3f585353a1f0220babd8e89,ok,
1122,Counting Stars,Nujabes,,https://open.spotify.com/track/3d9GBklH58z0TKCv0oryxU,3d9GBklH58z0TKCv0oryxU,2016-02-26T00:00:00Z,248000,False,spotify:track:3d9GBklH58z0TKCv0oryxU,https://image-cdn-fa.spotifycdn.com/image/ab67616d00001e0291d1fcb64e6f615f76213c48,ok,
1123,battlecry,"Nujabes, Shing02",,https://open.spotify.com/track/7hzm68uGbxcvQY9FAtpk2s,7hzm68uGbxcvQY9FAtpk2s,2004-06-23T00:00:00Z,202066,False,spotify:track:7hzm68uGbxcvQY9FAtpk2s,https://image-cdn-ak.spotifycdn.com/image/ab67616d00001e0283a1baffae989501a80fffd0,ok,
1124,Luv (sic) Grand Finale (feat. Shing02),"Nujabes, Shing02",,https://open.spotify.com/track/72LSGNDLY4sdvyrGIKtd2Q,72LSGNDLY4sdvyrGIKtd2Q,2015-12-09T00:00:00Z,316760,False,spotify:track:72LSGNDLY4sdvyrGIKtd2Q,https://image-cdn-fa.spotifycdn.com/image/ab67616d00001e02f3f585353a1f0220babd8e89,ok,
1125,Couch,Earl Sweatshirt,,https://open.spotify.com/local///Earl%20Sweatshirt%20-%20Couch/196,,,196000,,,,ok,
1126,Magazines Pt. II,Bloodbath64,,https://open.spotify.com/track/3VxgzhWzZk5HbjHelm2ZfW,3VxgzhWzZk5HbjHelm2ZfW,2020-08-05T00:00:00Z,198000,False,spotify:track:3VxgzhWzZk5HbjHelm2ZfW,https://image-cdn-fa.spotifycdn.com/image/ab67616d00001e025cf70accc514c0648c6ef368,ok,
1127,reflection eternal,Nujabes,,https://open.spotify.com/track/6eGMwVVABqVTe9bWRIm498,6eGMwVVABqVTe9bWRIm498,2005-11-11T00:00:00Z,257893,False,spotify:track:6eGMwVVABqVTe9bWRIm498,https://image-cdn-fa.spotifycdn.com/image/ab67616d00001e02421d647a4f604d79943f4dad,ok,
1128,Fastlane,King Geedorah,,https://open.spotify.com/track/3dX0c7tK7bnaUMhZlr6sIC,3dX0c7tK7bnaUMhZlr6sIC,2003-06-17T00:00:00Z,188813,True,spotify:track:3dX0c7tK7bnaUMhZlr6sIC,https://image-cdn-fa.spotifycdn.com/image/ab67616d00001e02a946aefb7f59f1431d557b35,ok,
1129,Krazy World,King Geedorah,,https://open.spotify.com/track/6wqt7M2wbw2XWAtCqqAfmA,6wqt7M2wbw2XWAtCqqAfmA,2003-06-17T00:00:00Z,283920,True,spotify:track:6wqt7M2wbw2XWAtCqqAfmA,https://image-cdn-fa.spotifycdn.com/image/ab67616d00001e02a946aefb7f59f1431d557b35,ok,
1130,Come To Me,Björk,,https://open.spotify.com/track/17tCBb8odaNBZivCojHhvw,17tCBb8odaNBZivCojHhvw,1993-07-05T00:00:00Z,295360,False,spotify:track:17tCBb8odaNBZivCojHhvw,https://image-cdn-fa.spotifycdn.com/image/ab67616d00001e020bd598408bc507d070b7ba4c,ok,
1131,JESSE,"DONDA, Kanye West, Ye",,https://open.spotify.com/track/1FwCGiIiWy3zpLavmMYQfD,1FwCGiIiWy3zpLavmMYQfD,2025-06-06T00:00:00Z,127732,True,spotify:track:1FwCGiIiWy3zpLavmMYQfD,https://image-cdn-fa.spotifycdn.com/image/ab67616d00001e027cd12a9cfd038d6f23c84a86,ok,
1132,Highlights,Kanye West,,https://open.spotify.com/track/4qYLPta5HZ36idWiXtqh7B,4qYLPta5HZ36idWiXtqh7B,2016-06-10T00:00:00Z,199866,True,spotify:track:4qYLPta5HZ36idWiXtqh7B,https://image-cdn-fa.spotifycdn.com/image/ab67616d00001e022a7db835b912dc5014bd37f4,ok,
1133,Past Life,Tame Impala,,https://open.spotify.com/track/4a9fW33mYR8LhXBOLUhbfF,4a9fW33mYR8LhXBOLUhbfF,2015-07-17T00:00:00Z,228040,False,spotify:track:4a9fW33mYR8LhXBOLUhbfF,https://image-cdn-fa.spotifycdn.com/image/ab67616d00001e029e1cfc756886ac782e363d79,ok,
1134,Walking On A Dream,Empire Of The Sun,,https://open.spotify.com/track/5r5cp9IpziiIsR6b93vcnQ,5r5cp9IpziiIsR6b93vcnQ,2008-10-03T00:00:00Z,198440,False,spotify:track:5r5cp9IpziiIsR6b93vcnQ,https://image-cdn-ak.spotifycdn.com/image/ab67616d00001e02f3aa0e6ca22a382007f61e4d,ok,
1135,FATHER (feat. Travis Scott),"Kanye West, Ye, Travis Scott",,https://open.spotify.com/track/5pfn68duSmBKo4FhYknOms,5pfn68duSmBKo4FhYknOms,2026-03-28T00:00:00Z,169330,True,spotify:track:5pfn68duSmBKo4FhYknOms,https://image-cdn-ak.spotifycdn.com/image/ab67616d00001e0295184f6a953569b683ca9a0d,ok,
1136,Real,"Kendrick Lamar, Anna Wise",,https://open.spotify.com/track/73eGiraiU7JkIsmFyQyJAv,73eGiraiU7JkIsmFyQyJAv,2012-10-22T00:00:00Z,443413,True,spotify:track:73eGiraiU7JkIsmFyQyJAv,https://image-cdn-ak.spotifycdn.com/image/ab67616d00001e02d58e537cea05c2156792c53d,ok,
1137,I CAN’T WAIT,"Kanye West, Ye",,https://open.spotify.com/track/163l4Itf8oDEK7ZYdVm22N,163l4Itf8oDEK7ZYdVm22N,2026-03-28T00:00:00Z,127012,True,spotify:track:163l4Itf8oDEK7ZYdVm22N,https://image-cdn-ak.spotifycdn.com/image/ab67616d00001e0295184f6a953569b683ca9a0d,ok,
1138,Constellations,Duster,,https://open.spotify.com/track/1MXOWbSCEjoGwivtIMnlBV,1MXOWbSCEjoGwivtIMnlBV,1998-02-24T00:00:00Z,223200,False,spotify:track:1MXOWbSCEjoGwivtIMnlBV,https://image-cdn-ak.spotifycdn.com/image/ab67616d00001e022241587c8ce3d9051f4d4f74,ok,
1139,Orbitron,Duster,,https://open.spotify.com/track/5uGI2hG03LVWU0rrBirOw6,5uGI2hG03LVWU0rrBirOw6,2019-03-22T00:00:00Z,138266,False,spotify:track:5uGI2hG03LVWU0rrBirOw6,https://image-cdn-ak.spotifycdn.com/image/ab67616d00001e02f638da8e77e449875219d378,ok,
1140,Stratosphere,Duster,,https://open.spotify.com/track/6sEqGYDoVKk88agceDbYGk,6sEqGYDoVKk88agceDbYGk,1998-02-24T00:00:00Z,417533,False,spotify:track:6sEqGYDoVKk88agceDbYGk,https://image-cdn-ak.spotifycdn.com/image/ab67616d00001e022241587c8ce3d9051f4d4f74,ok,
1141,Gold Dust,Duster,,https://open.spotify.com/track/40MYrR5GY6f0ghFOnJJC9v,40MYrR5GY6f0ghFOnJJC9v,1998-02-24T00:00:00Z,125933,False,spotify:track:40MYrR5GY6f0ghFOnJJC9v,https://image-cdn-ak.spotifycdn.com/image/ab67616d00001e022241587c8ce3d9051f4d4f74,ok,
1142,Starting to Fall,Duster,,https://open.spotify.com/track/3xiKmrnBK71IZ78foAIiRv,3xiKmrnBK71IZ78foAIiRv,2024-08-30T00:00:00Z,191946,False,spotify:track:3xiKmrnBK71IZ78foAIiRv,https://image-cdn-ak.spotifycdn.com/image/ab67616d00001e023ed15e48a331d135f6102579,ok,
1143,The Breakup Suite,Duster,,https://open.spotify.com/track/3kXKHXZmaw57l7gu4Rn11x,3kXKHXZmaw57l7gu4Rn11x,2000-08-22T00:00:00Z,200866,False,spotify:track:3kXKHXZmaw57l7gu4Rn11x,https://image-cdn-fa.spotifycdn.com/image/ab67616d00001e02f2905338b1e6e07e167ee305,ok,
1144,Quiet Eyes,Duster,,https://open.spotify.com/track/5C2Up4tPE8UxyoLIzwZrZD,5C2Up4tPE8UxyoLIzwZrZD,2024-08-30T00:00:00Z,217386,False,spotify:track:5C2Up4tPE8UxyoLIzwZrZD,https://image-cdn-fa.spotifycdn.com/image/ab67616d00001e023ed15e48a331d135f6102579,ok,
1145,Wheels Fall Off (feat. Ye),"Ty Dolla $ign, Ye",,https://open.spotify.com/track/6QNR2YGST3W8EIhyrrrQvH,6QNR2YGST3W8EIhyrrrQvH,2025-02-08T00:00:00Z,121153,True,spotify:track:6QNR2YGST3W8EIhyrrrQvH,https://image-cdn-fa.spotifycdn.com/image/ab67616d00001e02fb1ea032dea19b99796a4eca,ok,
1146,Window,"Tyler, The Creator, Domo Genesis, Frank Ocean, Hodgy, Mike G",,https://open.spotify.com/track/4JFpmu11BStitvyCGeYgM4,4JFpmu11BStitvyCGeYgM4,2011-05-09T00:00:00Z,480293,True,spotify:track:4JFpmu11BStitvyCGeYgM4,https://image-cdn-ak.spotifycdn.com/image/ab67616d00001e0228ae9a159d24cb0ab2552712,ok,
1147,Snake Eater,Cynthia Harrell,,https://open.spotify.com/track/2e3g8go386Zn6EyIz60Ci9,2e3g8go386Zn6EyIz60Ci9,2007-07-18T00:00:00Z,177080,False,spotify:track:2e3g8go386Zn6EyIz60Ci9,https://image-cdn-fa.spotifycdn.com/image/ab67616d00001e02692200d20ace9f3500171527,ok,
1148,In The Walls,Sooj,,https://open.spotify.com/track/6s1tiI8mf1E9Khhl7Id58u,6s1tiI8mf1E9Khhl7Id58u,2026-04-03T00:00:00Z,151062,False,spotify:track:6s1tiI8mf1E9Khhl7Id58u,https://image-cdn-fa.spotifycdn.com/image/ab67616d00001e02bd8e3aa1852c4dfc96115118,ok,
1149,Vers le Couloir de la Perte,Sooj,,https://open.spotify.com/track/52mB8KNZyKvgRpAkY3nF6s,52mB8KNZyKvgRpAkY3nF6s,2026-04-03T00:00:00Z,69621,False,spotify:track:52mB8KNZyKvgRpAkY3nF6s,https://image-cdn-fa.spotifycdn.com/image/ab67616d00001e02bd8e3aa1852c4dfc96115118,ok,
1150,Night Layers,Sooj,,https://open.spotify.com/track/4koXL5oPhwFBPjcq6C8jgc,4koXL5oPhwFBPjcq6C8jgc,2026-04-03T00:00:00Z,161084,False,spotify:track:4koXL5oPhwFBPjcq6C8jgc,https://image-cdn-ak.spotifycdn.com/image/ab67616d00001e02bd8e3aa1852c4dfc96115118,ok,
1151,Double Clutch,Sooj,,https://open.spotify.com/track/0R7WHKSLDtHr3bkkj6HPeN,0R7WHKSLDtHr3bkkj6HPeN,2026-04-03T00:00:00Z,165141,False,spotify:track:0R7WHKSLDtHr3bkkj6HPeN,https://image-cdn-fa.spotifycdn.com/image/ab67616d00001e02bd8e3aa1852c4dfc96115118,ok,
1152,Fleece,Sooj,,https://open.spotify.com/track/3MNFz7s6YV4TZiflGB0pwc,3MNFz7s6YV4TZiflGB0pwc,2026-04-03T00:00:00Z,140118,False,spotify:track:3MNFz7s6YV4TZiflGB0pwc,https://image-cdn-fa.spotifycdn.com/image/ab67616d00001e02bd8e3aa1852c4dfc96115118,ok,
1153,"3,100 Luigis",Sooj,,https://open.spotify.com/track/7KbldG2d5qgwnh8WHRtAyq,7KbldG2d5qgwnh8WHRtAyq,2026-04-03T00:00:00Z,115001,False,spotify:track:7KbldG2d5qgwnh8WHRtAyq,https://image-cdn-ak.spotifycdn.com/image/ab67616d00001e02bd8e3aa1852c4dfc96115118,ok,
1154,Unfold Me,Sooj,,https://open.spotify.com/track/5DI39MmjHgiGUjSwsRB4Ev,5DI39MmjHgiGUjSwsRB4Ev,2026-04-03T00:00:00Z,226556,False,spotify:track:5DI39MmjHgiGUjSwsRB4Ev,https://image-cdn-fa.spotifycdn.com/image/ab67616d00001e02bd8e3aa1852c4dfc96115118,ok,
1155,Lavender,Sooj,,https://open.spotify.com/track/2uVxh6HXtjkKF2RvOhNBFZ,2uVxh6HXtjkKF2RvOhNBFZ,2026-04-03T00:00:00Z,156231,False,spotify:track:2uVxh6HXtjkKF2RvOhNBFZ,https://image-cdn-fa.spotifycdn.com/image/ab67616d00001e02bd8e3aa1852c4dfc96115118,ok,
1156,Gallo Pinto,Sooj,,https://open.spotify.com/track/1tT0O8qhzKUEIkC8kKcnNG,1tT0O8qhzKUEIkC8kKcnNG,2026-04-03T00:00:00Z,130519,False,spotify:track:1tT0O8qhzKUEIkC8kKcnNG,https://image-cdn-ak.spotifycdn.com/image/ab67616d00001e02bd8e3aa1852c4dfc96115118,ok,
1157,Moonbag,Sooj,,https://open.spotify.com/track/3pWjQKSrpyKyOu1WpjmB15,3pWjQKSrpyKyOu1WpjmB15,2026-04-03T00:00:00Z,279114,False,spotify:track:3pWjQKSrpyKyOu1WpjmB15,https://image-cdn-ak.spotifycdn.com/image/ab67616d00001e02bd8e3aa1852c4dfc96115118,ok,
1158,End Of Time,A-SET,,https://open.spotify.com/track/5FDJ3d6M6q02Ubk4gy1BDK,5FDJ3d6M6q02Ubk4gy1BDK,2026-04-14T00:00:00Z,117487,False,spotify:track:5FDJ3d6M6q02Ubk4gy1BDK,https://image-cdn-fa.spotifycdn.com/image/ab67616d00001e02feec871c48a09cc658d47b0f,ok,
1159,This Time,A-SET,,https://open.spotify.com/track/2cYVfEugEmBmdwLYku6quc,2cYVfEugEmBmdwLYku6quc,2026-03-24T00:00:00Z,120408,False,spotify:track:2cYVfEugEmBmdwLYku6quc,https://image-cdn-fa.spotifycdn.com/image/ab67616d00001e028cec3d0b98327c167b2beeda,ok,
1160,For A Good Time,A-SET,,https://open.spotify.com/track/03czmbSo33XAooUPGIJWJd,03czmbSo33XAooUPGIJWJd,2026-03-03T00:00:00Z,110653,False,spotify:track:03czmbSo33XAooUPGIJWJd,https://image-cdn-fa.spotifycdn.com/image/ab67616d00001e02b1d663ec1448c422b3dddf31,ok,
1161,About Time,A-SET,,https://open.spotify.com/track/1TiCspylBmNTf9MTti28NA,1TiCspylBmNTf9MTti28NA,2026-02-10T00:00:00Z,127239,False,spotify:track:1TiCspylBmNTf9MTti28NA,https://image-cdn-ak.spotifycdn.com/image/ab67616d00001e023ba2402fb47562a1841d2958,ok,
1162,Matter Of Time,A-SET,,https://open.spotify.com/track/3970nKolb7WjDzWMlNhmc8,3970nKolb7WjDzWMlNhmc8,2026-01-20T00:00:00Z,108315,False,spotify:track:3970nKolb7WjDzWMlNhmc8,https://image-cdn-fa.spotifycdn.com/image/ab67616d00001e0228112f0204c8aa18f608b577,ok,
1163,Final Night,A-SET,,https://open.spotify.com/track/1qNG6urO69prjUIr6j3UkE,1qNG6urO69prjUIr6j3UkE,2025-12-30T00:00:00Z,119351,False,spotify:track:1qNG6urO69prjUIr6j3UkE,https://image-cdn-fa.spotifycdn.com/image/ab67616d00001e02572dd8110d46a80af5aaaa51,ok,
1164,The Coming Night,A-SET,,https://open.spotify.com/track/2N7zixc2MPoJiLh9Gq7Add,2N7zixc2MPoJiLh9Gq7Add,2025-12-09T00:00:00Z,89404,False,spotify:track:2N7zixc2MPoJiLh9Gq7Add,https://image-cdn-ak.spotifycdn.com/image/ab67616d00001e025c1e4b01d3380af7f2486994,ok,
1165,Quite The Night,A-SET,,https://open.spotify.com/track/5jbtc7zfqdTveO4A6WEvUe,5jbtc7zfqdTveO4A6WEvUe,2025-12-30T00:00:00Z,121350,False,spotify:track:5jbtc7zfqdTveO4A6WEvUe,https://image-cdn-fa.spotifycdn.com/image/ab67616d00001e02572dd8110d46a80af5aaaa51,ok,
1166,Build Jet Airplanes,A-SET,,https://open.spotify.com/track/4J0lBUh2R9ZiB8cxW54akT,4J0lBUh2R9ZiB8cxW54akT,2023-09-12T00:00:00Z,108258,False,spotify:track:4J0lBUh2R9ZiB8cxW54akT,https://image-cdn-fa.spotifycdn.com/image/ab67616d00001e0230bea2d385f32020a80649ab,ok,
1167,So Are You,A-SET,,https://open.spotify.com/track/6lRm4ebw992EyujdsfQLtZ,6lRm4ebw992EyujdsfQLtZ,2023-05-09T00:00:00Z,86800,False,spotify:track:6lRm4ebw992EyujdsfQLtZ,https://image-cdn-fa.spotifycdn.com/image/ab67616d00001e02fed73f53e97df0a731ae16bb,ok,
1168,DO IT,"¥$, Kanye West, Ty Dolla $ign",,https://open.spotify.com/track/1oNaDXXu9I4UCJ8Fh0Hfjg,1oNaDXXu9I4UCJ8Fh0Hfjg,2024-02-09T00:00:00Z,225023,True,spotify:track:1oNaDXXu9I4UCJ8Fh0Hfjg,https://image-cdn-ak.spotifycdn.com/image/ab67616d00001e029c654f315df05ae7c6ec8980,ok,
1169,Twist And Shout - Remastered 2009,The Beatles,,https://open.spotify.com/track/5ZBeML7Lf3FMEVviTyvi8l,5ZBeML7Lf3FMEVviTyvi8l,1963-03-22T00:00:00Z,155226,False,spotify:track:5ZBeML7Lf3FMEVviTyvi8l,https://image-cdn-fa.spotifycdn.com/image/ab67616d00001e02dbeec63ad914c973e75c24df,ok,
1170,Perfect Circle,Nujabes,,https://open.spotify.com/track/4x7z7PwjRpbtFNKXihsHRr,4x7z7PwjRpbtFNKXihsHRr,2015-12-09T00:00:00Z,240666,False,spotify:track:4x7z7PwjRpbtFNKXihsHRr,https://image-cdn-ak.spotifycdn.com/image/ab67616d00001e02f3f585353a1f0220babd8e89,ok,
1171,A Phantom Pain,Ludvig Forssell,,https://open.spotify.com/track/5n7s2D42TwBGJ0qnanDAt3,5n7s2D42TwBGJ0qnanDAt3,2015-09-02T00:00:00Z,239266,False,spotify:track:5n7s2D42TwBGJ0qnanDAt3,https://image-cdn-fa.spotifycdn.com/image/ab67616d00001e02d4c887105fd19e502001b13b,ok,
1172,"Yell ""Dead Cell"" (VR remix)",日比野則彦,,https://open.spotify.com/track/2duAK6h3PmKFKdVRNKrmDT,2duAK6h3PmKFKdVRNKrmDT,2007-07-18T00:00:00Z,147493,False,spotify:track:2duAK6h3PmKFKdVRNKrmDT,https://image-cdn-ak.spotifycdn.com/image/ab67616d00001e02692200d20ace9f3500171527,ok,
1173,Operation: Kill Chet Haze,Devon Hendryx,,https://open.spotify.com/track/5TybKeYrn8oEUCFv8EYlXG,5TybKeYrn8oEUCFv8EYlXG,2025-04-12T00:00:00Z,307200,True,spotify:track:5TybKeYrn8oEUCFv8EYlXG,https://image-cdn-ak.spotifycdn.com/image/ab67616d00001e024f31727a0eb8e393900a0096,ok,
1174,Amla Due,Devon Hendryx,,https://open.spotify.com/track/6ZiHZqOzkQs4C12AqbSsBM,6ZiHZqOzkQs4C12AqbSsBM,2025-04-12T00:00:00Z,297247,True,spotify:track:6ZiHZqOzkQs4C12AqbSsBM,https://image-cdn-fa.spotifycdn.com/image/ab67616d00001e024f31727a0eb8e393900a0096,ok,
1175,1488,JPEGMAFIA,,https://open.spotify.com/track/1NLaNjUf74h8a2ttS5uFEi,1NLaNjUf74h8a2ttS5uFEi,2018-01-19T00:00:00Z,148410,True,spotify:track:1NLaNjUf74h8a2ttS5uFEi,https://image-cdn-fa.spotifycdn.com/image/ab67616d00001e02947a926195193c56d1dc45d8,ok,
1176,Real Nega,JPEGMAFIA,,https://open.spotify.com/track/7HImQJWHNQbjAKfWa4Dg7D,7HImQJWHNQbjAKfWa4Dg7D,2018-01-19T00:00:00Z,150933,True,spotify:track:7HImQJWHNQbjAKfWa4Dg7D,https://image-cdn-fa.spotifycdn.com/image/ab67616d00001e02947a926195193c56d1dc45d8,ok,
1177,Thug Tears,JPEGMAFIA,,https://open.spotify.com/track/1tOOL2a0zlcTs57hRcV9nT,1tOOL2a0zlcTs57hRcV9nT,2018-01-19T00:00:00Z,198310,True,spotify:track:1tOOL2a0zlcTs57hRcV9nT,https://image-cdn-ak.spotifycdn.com/image/ab67616d00001e02947a926195193c56d1dc45d8,ok,
1178,Reality In Motion,Tame Impala,,https://open.spotify.com/track/3I7OmVsk4Hm5LBbs2GmhlD,3I7OmVsk4Hm5LBbs2GmhlD,2015-07-17T00:00:00Z,252026,False,spotify:track:3I7OmVsk4Hm5LBbs2GmhlD,https://image-cdn-fa.spotifycdn.com/image/ab67616d00001e029e1cfc756886ac782e363d79,ok,
1179,Mambo No. 5 (a Little Bit of...),Lou Bega,,https://open.spotify.com/track/6x4tKaOzfNJpEJHySoiJcs,6x4tKaOzfNJpEJHySoiJcs,1999-07-19T00:00:00Z,220293,False,spotify:track:6x4tKaOzfNJpEJHySoiJcs,https://image-cdn-fa.spotifycdn.com/image/ab67616d00001e02cf505191afa6a1978418fdf8,ok,
1180,Bistro,"Madvillain, Madlib, MF DOOM",,https://open.spotify.com/track/4kSYZCV2qlTpCPu0NnMoSR,4kSYZCV2qlTpCPu0NnMoSR,2004-03-24T00:00:00Z,67520,False,spotify:track:4kSYZCV2qlTpCPu0NnMoSR,https://image-cdn-fa.spotifycdn.com/image/ab67616d00001e023e3bb917af94bd82074c5d47,ok,
1181,Lift Yourself,"Kanye West, Pusha T",Love Everyone,https://open.spotify.com/local/Kanye%20West%2C%20Pusha%20T/Love%20Everyone/Lift%20Yourself/221,,,221000,,,,ok,
1182,Luv (sic) pt4 (feat. Shing02),"Nujabes, Shing02",,https://open.spotify.com/track/14FO62M26xJVEMqFOhWjqO,14FO62M26xJVEMqFOhWjqO,2015-12-09T00:00:00Z,312400,False,spotify:track:14FO62M26xJVEMqFOhWjqO,https://image-cdn-ak.spotifycdn.com/image/ab67616d00001e02f3f585353a1f0220babd8e89,ok,
1183,Luv (sic) pt5 (feat. Shing02),"Nujabes, Shing02",,https://open.spotify.com/track/2KiPPtZwrnGnidO3GgGOEe,2KiPPtZwrnGnidO3GgGOEe,2015-12-09T00:00:00Z,349786,False,spotify:track:2KiPPtZwrnGnidO3GgGOEe,https://image-cdn-fa.spotifycdn.com/image/ab67616d00001e02f3f585353a1f0220babd8e89,ok,
1184,Starting Over,LSD and the Search for God,,https://open.spotify.com/track/4YRR1zOKZLAPVuGeOtrqnT,4YRR1zOKZLAPVuGeOtrqnT,2007-01-12T00:00:00Z,304251,False,spotify:track:4YRR1zOKZLAPVuGeOtrqnT,https://image-cdn-fa.spotifycdn.com/image/ab67616d00001e02ecc32b7c4ae400ec6ec6fc4b,ok,
1185,100,Dean Blunt,,https://open.spotify.com/track/784VjdNkpXhFV0RHquzsi2,784VjdNkpXhFV0RHquzsi2,2014-11-03T00:00:00Z,200906,False,spotify:track:784VjdNkpXhFV0RHquzsi2,https://image-cdn-fa.spotifycdn.com/image/ab67616d00001e0291b903d2bce7feb9cc1f35bc,ok,
1186,"Fun, Fun, Fun",Pharrell Williams,,https://open.spotify.com/track/1HeETsi0IXepX1xtJoE89A,1HeETsi0IXepX1xtJoE89A,2017-06-23T00:00:00Z,205786,False,spotify:track:1HeETsi0IXepX1xtJoE89A,https://image-cdn-ak.spotifycdn.com/image/ab67616d00001e02ef2e259ee0b34f61bea33b49,ok,
